surveyId,surveyName,visitorId,href,createdAt,completedAt,userId,partnerAnonymousId,os,browser,userAgent,customMetadata,triggeringEvent,responseGroupUid,eventProperties,Q1_Question_Text,Q1_Response,Q1_Response_NPSCategory,Q2_Question_Text,Q2_Response,Q2_Theme,Q2_Theme_1,Q2_Theme_2,Q2_Theme_3,Q2_Theme_4,Q2_Theme_5,Q2_Theme_6,Q2_Theme_7,Q2_Theme_8,Q2_Theme_9,Q2_Theme_10,Q3_Question_Text,Q3_Response,Q3_Theme,Q3_Theme_1,Q3_Theme_2,Q3_Theme_3,Q3_Theme_4,Q3_Theme_5,Q3_Theme_6,Q3_Theme_7,Q4_Question_Text,Q4_Response,Q4_Theme,Q4_Theme_1,Q4_Theme_2,Q4_Theme_3,Attribute_1,Attribute_2,Attribute_3,Attribute_4,Attribute_5,Attribute_6,Attribute_7,Attribute_8,Attribute_9,Attribute_10,Attribute_11,Attribute_12,Attribute_13,Attribute_14,Attribute_15,Attribute_16,Attribute_17,Attribute_18,Attribute_19,Attribute_20,Attribute_21,Attribute_22
Survey ID,Survey Name,Visitor ID,URL,Created At,Completed At,User ID,Partner Anonymous ID,OS,Browser,User Agent,Custom Metadata,Triggering Event,Response Group ID,Event Properties,How likely are you to recommend SuperSummary to a friend or colleague?*,How likely are you to recommend SuperSummary to a friend or colleague?*,NPS Category,What's the main reason for your score?,What's the main reason for your score?,Q2 Theme,AI and Errors,Audio Features,Book Clubs,Book Selection,Content Quality,Convenience,Resourcefulness,Study Aid,Summaries,Usability,What's one thing you'd like to see added or improved on SuperSummary?,What's one thing you'd like to see added or improved on SuperSummary?,Q3 Theme,AI Concerns,Content Depth,Critical Reviews,Discussion Questions,Homework Help,Interface Improvements,More Books,Is there a book you've searched for on SuperSummary but couldn't find?,Is there a book you've searched for on SuperSummary but couldn't find?,Q4 Theme,No Missing Books,Specific Missing Books,Unspecified Missing Books,appVersion,audience,audienceCategory,deviceType,email,firstName,gradeLevel,isStaff,isSubscribed,lastDownloadDate,lastName,last_visited_guide,osVersion,planId,planType,sdkVersion,status,subscribed,subscriberStatus,subscriptionDate,tenure,totalGuideDownloads
349230,NPS Mobile App / Non-BCM,824bc2b1-0b9f-4ed5-ba9b-ea1069982aa1,file:///var/containers/Bundle/Application/D1ADFA06-390B-44CD-AA8E-7EE9B6126ED8/Runner.app/Frameworks/UserLeapKit.framework/sprig_web_assets.bundle/snippet.html,08/31/2026 23:54:38,,540522,,iOS,WebKit,"Mozilla/5.0 (iPhone; CPU iPhone OS 18_7 like Mac OS X) AppleWebKit/605.1.15 (KHTML, like Gecko) Mobile/15E148",{},[App] Guide Viewed,c4f346f8-7a70-4342-a893-31e0692c482c,{},How likely are you to recommend SuperSummary to a friend or colleague?,8,passive,,,,,,,,,,,,,,,,,,,,,,,,,,,,,,,other,other,,u_83dc009cddbbc883,[name],null,false,true,,[name],willodeen,,,annual,,Active Subscriber,true,Active Subscriber,2024-04-20T19:55:41.000-07:00,13,0
349230,NPS Mobile App / Non-BCM,405e1b28-e061-4061-be32-daee4b2b0c25,file:///android_asset/snippet.html,08/31/2026 19:54:36,,987067,,Android,Chrome WebView,"Mozilla/5.0 (Linux; Android 16; SM-S938U1 Build/BP4A.251205.006; wv) AppleWebKit/537.36 (KHTML, like Gecko) Version/4.0 Chrome/151.0.7922.199 Mobile Safari/537.36",{},[App] Guide Viewed,f18a2a81-eed5-4ff3-af50-a2f01778111e,{},,10,promoter,,,,,,,,,,,,,,,,,,,,,,,,,,,,,,,student,student,,u_3b3790a859fe6f46,[name],Middle School,false,true,,[name],heat,,,annual,,Active Subscriber,true,Active Subscriber,2025-02-09T11:52:03.000-08:00,10,
349230,NPS Mobile App / Non-BCM,fdc4a03d-c5f9-43c2-b89d-31e8569694a5,file:///var/containers/Bundle/Application/674C556F-B395-493C-91EE-45E459458767/Runner.app/Frameworks/UserLeapKit.framework/sprig_web_assets.bundle/snippet.html,08/31/2026 18:41:36,08/31/2026 18:42:00,656438,,iOS,WebKit,"Mozilla/5.0 (iPhone; CPU iPhone OS 18_7 like Mac OS X) AppleWebKit/605.1.15 (KHTML, like Gecko) Mobile/15E148",{},[App] Guide Viewed,c5bb9b07-a490-4db8-92aa-cbcca5da7df8,{},How likely are you to recommend SuperSummary to a friend or colleague?,10,promoter,What's the main reason for your score?,Help to understand what the reader just read in the chapters,Summaries,,,,,,,,,1,,What's one thing you'd like to see added or improved on SuperSummary?,[skipped by user],,,,,,,,,,,,,,,,parent_of_student,teacher,,u_95f829514f1b81a1,[name],High School,false,true,,[name],crispin-the-cross-of-lead,,,annual,,Active Subscriber,true,Active Subscriber,2024-09-10T06:53:43.000-07:00,7,
349230,NPS Mobile App / Non-BCM,732c4502-371d-4ab3-b3ff-3e059d7c461a,file:///var/containers/Bundle/Application/670F5A87-D1E3-4069-9AA3-4147ECD99334/Runner.app/Frameworks/UserLeapKit.framework/sprig_web_assets.bundle/snippet.html,08/31/2026 13:19:44,,613017,,iOS,WebKit,"Mozilla/5.0 (iPhone; CPU iPhone OS 18_7 like Mac OS X) AppleWebKit/605.1.15 (KHTML, like Gecko) Mobile/15E148",{},[App] Guide Viewed,897e0129-4bbf-4d3a-89a8-f557d2c324bf,{},How likely are you to recommend SuperSummary to a friend or colleague?,10,promoter,,,,,,,,,,,,,,,,,,,,,,,,,,,,,,1.22.0,other,other,,u_0ce35f50e6b680a4,[name],null,false,true,,[name],after-annie,26.6.1,annual_subscription_36-USD,annual,4.27.0,Active Subscriber,true,Active Subscriber,2024-07-18T23:58:23.000-07:00,24,
349230,NPS Mobile App / Non-BCM,d31863fe-64cd-427f-99f2-d496881c5fae,file:///android_asset/snippet.html,08/31/2026 12:44:42,,666884,,Android,Chrome WebView,"Mozilla/5.0 (Linux; Android 16; SM-S918U Build/BP4A.251205.006; wv) AppleWebKit/537.36 (KHTML, like Gecko) Version/4.0 Chrome/151.0.7922.199 Mobile Safari/537.36",{},[App] Guide Viewed,3d4787fd-86c3-473c-9295-f2e760ef610d,{},,8,passive,,[skipped by user],,,,,,,,,,,,,,,,,,,,,,,,,,,,,teacher,teacher,,u_4c628febdcc570ce,[name],High School,false,true,,[name],the-thing-about-home,,annual_plus,annual,,Active Subscriber,true,Active Subscriber,2026-08-29T07:33:51.000-07:00,14,
349230,NPS Mobile App / Non-BCM,45f43802-024e-43f2-a009-2231d28fca7f,file:///var/containers/Bundle/Application/EB0A1FC3-FFD8-402D-8E0E-BD162D3D5B65/Runner.app/Frameworks/UserLeapKit.framework/sprig_web_assets.bundle/snippet.html,08/31/2026 04:29:34,,27059,,iOS,WebKit,"Mozilla/5.0 (iPhone; CPU iPhone OS 18_7 like Mac OS X) AppleWebKit/605.1.15 (KHTML, like Gecko) Mobile/15E148",{},[App] Guide Viewed,76a59ab2-7148-4251-8864-7d22fbb79205,{},How likely are you to recommend SuperSummary to a friend or colleague?,10,promoter,,,,,,,,,,,,,,,,,,,,,,,,,,,,,,,parent_of_student,parent_of_student,,u_316610d2d9a4bd67,[name],Middle School,false,true,2024-03-21T01:12:04.551-07:00,[name],artemis-fowl,,,annual,,Active Subscriber,true,Active Subscriber,2021-01-24T09:09:00.000-08:00,62,9
349230,NPS Mobile App / Non-BCM,d623af8d-3aa7-4fc7-9254-c782c57c88a4,file:///var/containers/Bundle/Application/C01A318E-200C-4F63-82CB-629042FBAE22/Runner.app/Frameworks/UserLeapKit.framework/sprig_web_assets.bundle/snippet.html,08/31/2026 02:59:45,08/31/2026 02:59:48,1209693,,iOS,WebKit,"Mozilla/5.0 (iPhone; CPU iPhone OS 18_7 like Mac OS X) AppleWebKit/605.1.15 (KHTML, like Gecko) Mobile/15E148",{},[App] Guide Viewed,294df2ca-5026-4654-9867-2c0f28a0492d,{},How likely are you to recommend SuperSummary to a friend or colleague?,10,promoter,What's the main reason for your score?,[skipped by user],,,,,,,,,,,,What's one thing you'd like to see added or improved on SuperSummary?,[skipped by user],,,,,,,,,,,,,,,,student,student,,u_6cc76597945fcc15,[name],High School,false,true,,[name],wuthering-heights,,,annual,,Active Subscriber,true,Active Subscriber,2025-05-23T08:30:54.000-07:00,7,
349230,NPS Mobile App / Non-BCM,f0d04b7a-5331-4b0c-9f3f-60857998f269,file:///var/containers/Bundle/Application/3A030975-0733-464D-959C-C93B4E527370/Runner.app/Frameworks/UserLeapKit.framework/sprig_web_assets.bundle/snippet.html,08/30/2026 23:57:16,08/30/2026 23:57:18,697069,,iOS,WebKit,"Mozilla/5.0 (iPhone; CPU iPhone OS 18_7 like Mac OS X) AppleWebKit/605.1.15 (KHTML, like Gecko) Mobile/15E148",{},[App] Guide Viewed,33b030a3-8d57-4b56-aed4-4917207540e6,{},How likely are you to recommend SuperSummary to a friend or colleague?,10,promoter,What's the main reason for your score?,[skipped by user],,,,,,,,,,,,What's one thing you'd like to see added or improved on SuperSummary?,[skipped by user],,,,,,,,,,,,,,,1.22.0,parent_of_student,parent_of_student,,u_a01c61cb768cc103,[name],Middle School,false,true,,[name],romeo-and-juliet,26.6,annual,annual,4.27.0,Active Subscriber,true,Active Subscriber,2024-10-01T17:26:00.000-07:00,21,
349230,NPS Mobile App / Non-BCM,f8fe2b87-e4c2-4c04-ae1d-a9378f4401cf,file:///var/containers/Bundle/Application/1B565B08-C851-4A25-BFEB-074B3A4EFF05/Runner.app/Frameworks/UserLeapKit.framework/sprig_web_assets.bundle/snippet.html,08/30/2026 16:05:23,08/30/2026 16:05:53,1377255,,iOS,WebKit,"Mozilla/5.0 (iPhone; CPU iPhone OS 18_7 like Mac OS X) AppleWebKit/605.1.15 (KHTML, like Gecko) Mobile/15E148",{},[App] Guide Viewed,b365e2ad-a8fa-4596-8142-5c63f81e12ec,{},How likely are you to recommend SuperSummary to a friend or colleague?,10,promoter,What's the main reason for your score?,It’s super helpful,Resourcefulness; Study Aid,,,,,,,1,1,,,What's one thing you'd like to see added or improved on SuperSummary?,Can’t think of anything,,,,,,,,,,,,,,,1.22.0,student,student,,u_ff56f27632781f0d,[name],College,false,true,,[name],the-god-of-the-woods,26.6.1,annual,annual,4.27.0,Active Subscriber,true,Active Subscriber,2025-10-23T14:09:14.000-07:00,8,
349230,NPS Mobile App / Non-BCM,8c9cd6ad-a878-4aa6-b9e7-454bd7b41436,file:///android_asset/snippet.html,08/30/2026 13:59:30,,394325,,Android,Chrome WebView,"Mozilla/5.0 (Linux; Android 16; SM-S918U Build/BP4A.251205.006; wv) AppleWebKit/537.36 (KHTML, like Gecko) Version/4.0 Chrome/151.0.7922.200 Mobile Safari/537.36",{},[App] Guide Viewed,5d58e595-c85e-46d8-a898-b8c1d9375dba,{},,9,promoter,,,,,,,,,,,,,,,,,,,,,,,,,,,,,,1.21.1,book_club_member,student,,u_8e8fcb1066822153,[name],null,false,true,,[name],,16,annual_plus_google-60-USD,annual,2.17.8,Active Subscriber,true,Active Subscriber,2026-03-28T09:21:49.000-07:00,27,0
349230,NPS Mobile App / Non-BCM,4e3e3cd0-fb6b-4d85-bec1-775de6f79bf7,file:///var/containers/Bundle/Application/AF1641B3-9084-4E5D-8184-C6803B1A963E/Runner.app/Frameworks/UserLeapKit.framework/sprig_web_assets.bundle/snippet.html,08/30/2026 06:41:58,,470418,,iOS,WebKit,"Mozilla/5.0 (iPhone; CPU iPhone OS 18_7 like Mac OS X) AppleWebKit/605.1.15 (KHTML, like Gecko) Mobile/15E148",{},[App] Guide Viewed,9e836bbf-01bf-4806-8d61-68e654907161,{},How likely are you to recommend SuperSummary to a friend or colleague?,10,promoter,What's the main reason for your score?,[skipped by user],,,,,,,,,,,,,,,,,,,,,,,,,,,,1.22.0,other,other,,u_7a9e9b674a239b4f,[name],null,false,true,2024-02-19T03:47:15.558-08:00,[name],samarkand,26.6,annual,annual,4.27.0,Active Subscriber,true,Active Subscriber,2025-01-14T01:14:42.000-08:00,20,3
349230,NPS Mobile App / Non-BCM,444ce269-41d2-4b71-9112-a9c1bb9e72fd,file:///var/containers/Bundle/Application/ACFD4E05-D876-417C-8872-66A2879F9C1A/Runner.app/Frameworks/UserLeapKit.framework/sprig_web_assets.bundle/snippet.html,08/30/2026 02:18:40,08/30/2026 02:19:20,473698,,iOS,WebKit,"Mozilla/5.0 (iPhone; CPU iPhone OS 18_7 like Mac OS X) AppleWebKit/605.1.15 (KHTML, like Gecko) Mobile/15E148",{},[App] Guide Viewed,30ad4242-62fb-4cfa-b4e2-ac4a5b75f961,{},How likely are you to recommend SuperSummary to a friend or colleague?,10,promoter,What's the main reason for your score?,Answers all my questions,Summaries,,,,,,,,,1,,What's one thing you'd like to see added or improved on SuperSummary?,Can’t think of anything,,,,,,,,,,,,,,,,other,other,,u_25d895adc7361b6f,[name],null,false,true,,[name],an-american-beauty,,,annual,,Active Subscriber,true,Active Subscriber,2023-12-30T08:00:55.000-08:00,20,0
349230,NPS Mobile App / Non-BCM,f15eb5fc-3cf7-4c0c-9533-e078a4821e1d,file:///var/containers/Bundle/Application/CDA21E8F-C26A-4B14-BF61-02EE14A83522/Runner.app/Frameworks/UserLeapKit.framework/sprig_web_assets.bundle/snippet.html,08/29/2026 17:58:38,,766685,,iOS,WebKit,"Mozilla/5.0 (iPhone; CPU iPhone OS 18_7 like Mac OS X) AppleWebKit/605.1.15 (KHTML, like Gecko) Mobile/15E148",{},[App] Guide Viewed,700eb02f-28f0-4412-9c39-878ddc59dc96,{},How likely are you to recommend SuperSummary to a friend or colleague?,8,passive,,,,,,,,,,,,,,,,,,,,,,,,,,,,,,1.22.0,other,other,,u_806d492417375372,[name],null,false,true,,[name],we-begin-at-the-end,26.6,annual,annual,4.27.0,Active Subscriber,true,Active Subscriber,2026-01-25T23:07:57.000-08:00,2,
349230,NPS Mobile App / Non-BCM,189d859b-e649-4627-ba53-b37ef124c126,file:///var/containers/Bundle/Application/5A90083A-44DF-4FD7-973C-847F9CA770DC/Runner.app/Frameworks/UserLeapKit.framework/sprig_web_assets.bundle/snippet.html,08/29/2026 14:44:39,,1229624,,iOS,WebKit,"Mozilla/5.0 (iPad; CPU OS 18_7 like Mac OS X) AppleWebKit/605.1.15 (KHTML, like Gecko) Mobile/15E148",{},[App] Guide Viewed,59bb39ad-515f-4210-b02d-825e79dab36e,{},How likely are you to recommend SuperSummary to a friend or colleague?,10,promoter,,,,,,,,,,,,,,,,,,,,,,,,,,,,,,1.22.0,book_club_member,teacher,,u_2ed149eae429063c,[name],null,false,true,,[name],the-briar-club,26.5.2,annual_subscription_36-USD,annual,4.27.0,Active Subscriber,true,Active Subscriber,2025-06-08T07:44:10.000-07:00,14,
349230,NPS Mobile App / Non-BCM,6edd602c-0db3-4857-a320-5b098363f4ae,file:///var/containers/Bundle/Application/FEDD0424-06A3-4569-BBC7-80013F4808BF/Runner.app/Frameworks/UserLeapKit.framework/sprig_web_assets.bundle/snippet.html,08/29/2026 12:12:09,,1322855,,iOS,WebKit,"Mozilla/5.0 (iPhone; CPU iPhone OS 18_7 like Mac OS X) AppleWebKit/605.1.15 (KHTML, like Gecko) Mobile/15E148",{},[App] Guide Viewed,6efe59c2-854e-45f3-bc4a-ee6eadc1226e,{},How likely are you to recommend SuperSummary to a friend or colleague?,10,promoter,,,,,,,,,,,,,,,,,,,,,,,,,,,,,,1.22.0,teacher,teacher,,u_7d54aef4c49c2b3e,[name],other,false,true,,[name],the-turner-house,26.6,annual_plus,annual,4.27.0,,true,Active Subscriber,2025-09-12T17:47:58.000-07:00,9,
349230,NPS Mobile App / Non-BCM,892e0f8b-ceee-4421-956e-0bb36e2c055b,file:///var/containers/Bundle/Application/3E391527-8FFD-490F-AC70-D8987CAA4F95/Runner.app/Frameworks/UserLeapKit.framework/sprig_web_assets.bundle/snippet.html,08/29/2026 01:43:10,08/29/2026 01:43:14,513660,,iOS,WebKit,"Mozilla/5.0 (Macintosh; Intel Mac OS X 10_15_7) AppleWebKit/605.1.15 (KHTML, like Gecko)",{},[App] Guide Viewed,264f323e-9b08-49fa-8d9d-050ef391ce01,{},How likely are you to recommend SuperSummary to a friend or colleague?,10,promoter,What's the main reason for your score?,[skipped by user],,,,,,,,,,,,What's one thing you'd like to see added or improved on SuperSummary?,[skipped by user],,,,,,,,,,,,,,,,librarian,librarian,,u_5e293096f5652e84,[name],null,false,true,2024-04-30T08:23:56.089-07:00,[name],two-gentlemen-of-verona,,annual,annual,,Active Subscriber,true,Active Subscriber,2024-03-15T07:25:49.000-07:00,30,14
349230,NPS Mobile App / Non-BCM,68ebb3fb-1fbb-4bc4-8d23-5d5edeadd1af,file:///var/containers/Bundle/Application/2A1D47A7-7015-4CC8-9580-4FD2233AFD76/Runner.app/Frameworks/UserLeapKit.framework/sprig_web_assets.bundle/snippet.html,08/28/2026 05:36:16,08/28/2026 05:37:03,327829,,iOS,WebKit,"Mozilla/5.0 (iPhone; CPU iPhone OS 18_7 like Mac OS X) AppleWebKit/605.1.15 (KHTML, like Gecko) Mobile/15E148",{},[App] Guide Viewed,752762ed-19b5-4309-91c9-70cdd22b1bfd,{},How likely are you to recommend SuperSummary to a friend or colleague?,7,passive,What's the main reason for your score?,[skipped by user],,,,,,,,,,,,What's one thing you'd like to see added or improved on SuperSummary?,I keep having trouble gaining full access even though I subscribe. Frustrating.,Interface Improvements,,,,,,1,,,,,,,,1.22.0,librarian,librarian,,u_f386941a09ed9093,[name],null,false,true,2023-09-12T17:33:34.491-07:00,[name],forge,26.6,annual,annual,4.27.0,Active Subscriber,true,Active Subscriber,2026-03-25T18:34:14.000-07:00,3,8
349230,NPS Mobile App / Non-BCM,9f970832-1e9e-41aa-8541-4144f5ed7b53,file:///var/containers/Bundle/Application/096F87F2-28B3-45B8-B3A0-FE6EF9139879/Runner.app/Frameworks/UserLeapKit.framework/sprig_web_assets.bundle/snippet.html,08/27/2026 15:17:32,,261814,,iOS,WebKit,"Mozilla/5.0 (iPhone; CPU iPhone OS 18_7 like Mac OS X) AppleWebKit/605.1.15 (KHTML, like Gecko) Mobile/15E148",{},[App] Guide Viewed,93fb1686-4a4d-4a78-8740-5b9f93495702,{},How likely are you to recommend SuperSummary to a friend or colleague?,9,promoter,What's the main reason for your score?,[skipped by user],,,,,,,,,,,,,,,,,,,,,,,,,,,,,teacher,teacher,,u_9bb43147c3c3af14,[name],High School,false,true,2023-06-19T07:12:47.618-07:00,[name],this-book-made-me-think-of-you,,annual,annual,,Active Subscriber,true,Active Subscriber,2022-10-18T06:54:25.000-07:00,37,2
349230,NPS Mobile App / Non-BCM,120c3d78-23a1-40f4-8563-4abd1453a46a,file:///var/containers/Bundle/Application/E1BE52F0-EF85-4C84-8093-4692CDEC539C/Runner.app/Frameworks/UserLeapKit.framework/sprig_web_assets.bundle/snippet.html,08/27/2026 02:45:21,,1426674,,iOS,WebKit,"Mozilla/5.0 (iPhone; CPU iPhone OS 18_7 like Mac OS X) AppleWebKit/605.1.15 (KHTML, like Gecko) Mobile/15E148",{},[App] Guide Viewed,791eab51-cdb9-4d80-8a8c-188cda778531,{},How likely are you to recommend SuperSummary to a friend or colleague?,10,promoter,What's the main reason for your score?,Amazing comprehensive summaries,Summaries,,,,,,,,,1,,,,,,,,,,,,,,,,,,1.22.0,student,student,,u_ffd40151e3b929c2,[name],Postgrad Program,false,true,,[name],the-mountain-in-the-sea,26.6.1,annual_plus,annual,4.27.0,,true,Active Subscriber,2026-07-07T08:00:57.000-07:00,2,
349230,NPS Mobile App / Non-BCM,070f1681-2855-46cc-b402-a85e2de516fb,file:///var/containers/Bundle/Application/1C01A74D-BBC4-48DE-9625-93ADA9A81B11/Runner.app/Frameworks/UserLeapKit.framework/sprig_web_assets.bundle/snippet.html,08/26/2026 23:28:29,,389400,,iOS,WebKit,"Mozilla/5.0 (iPhone; CPU iPhone OS 18_7 like Mac OS X) AppleWebKit/605.1.15 (KHTML, like Gecko) Mobile/15E148",{},[App] Guide Viewed,9608e824-c793-4dfe-95e2-11eaf5cd9f46,{},How likely are you to recommend SuperSummary to a friend or colleague?,10,promoter,,,,,,,,,,,,,,,,,,,,,,,,,,,,,,,other,other,,u_83aa3e826d9693ca,[name],null,false,true,2024-01-09T21:24:57.253-08:00,[name],lilianas-invincible-summer,,annual_essentials,annual,,Active Subscriber,true,Active Subscriber,2023-07-17T23:05:54.000-07:00,25,2
349230,NPS Mobile App / Non-BCM,485e72ad-d6a8-4535-9441-f5f82d53dd62,file:///var/containers/Bundle/Application/3B7D9E16-D44E-407E-B199-A717200D295C/Runner.app/Frameworks/UserLeapKit.framework/sprig_web_assets.bundle/snippet.html,08/26/2026 17:24:26,08/26/2026 17:24:47,25286,,iOS,WebKit,"Mozilla/5.0 (iPhone; CPU iPhone OS 18_7 like Mac OS X) AppleWebKit/605.1.15 (KHTML, like Gecko) Mobile/15E148",{},[App] Guide Viewed,ebb01bf5-e475-4659-adb7-3b6bbc237196,{},How likely are you to recommend SuperSummary to a friend or colleague?,10,promoter,What's the main reason for your score?,Just fabulous,Resourcefulness; Usability,,,,,,,1,,,1,What's one thing you'd like to see added or improved on SuperSummary?,More narration,Content Depth,,1,,,,,,,,,,,,,other,other,,u_ca70f67c65e62ab2,[name],null,false,true,2024-03-11T12:21:41.566-07:00,[name],daughters-of-the-sun-and-moon,,annual,annual,,Active Subscriber,true,Active Subscriber,2021-08-21T17:00:00.000-07:00,67,1
349230,NPS Mobile App / Non-BCM,3e815ac1-dba5-438d-8b2b-6a32282873f9,file:///var/containers/Bundle/Application/7507579D-5214-43F2-9F17-B197C419D46B/Runner.app/Frameworks/UserLeapKit.framework/sprig_web_assets.bundle/snippet.html,08/26/2026 13:49:22,,1558856,,iOS,WebKit,"Mozilla/5.0 (iPhone; CPU iPhone OS 18_7 like Mac OS X) AppleWebKit/605.1.15 (KHTML, like Gecko) Mobile/15E148",{},[App] Guide Viewed,97deb998-35ef-4a34-adc2-e42387fff4ff,{},How likely are you to recommend SuperSummary to a friend or colleague?,10,promoter,,,,,,,,,,,,,,,,,,,,,,,,,,,,,,1.22.0,librarian,librarian,,u_23bd7cb344332433,[name],null,false,true,,[name],the-calamity-club,26.6,annual_plus,annual,4.27.0,Active Subscriber,true,Active Subscriber,2026-03-14T11:32:22.000-07:00,5,
349230,NPS Mobile App / Non-BCM,703d8c4e-8802-4814-80b4-fb68d67f98d4,file:///var/containers/Bundle/Application/68419803-4D3D-42B1-BE0E-2DE4BB7C5123/Runner.app/Frameworks/UserLeapKit.framework/sprig_web_assets.bundle/snippet.html,08/26/2026 02:27:43,08/26/2026 02:27:59,1306557,,iOS,WebKit,"Mozilla/5.0 (iPhone; CPU iPhone OS 18_7 like Mac OS X) AppleWebKit/605.1.15 (KHTML, like Gecko) Mobile/15E148",{},[App] Guide Viewed,bd8cf900-f4d6-4fce-9e5e-35ddfd92aafa,{},How likely are you to recommend SuperSummary to a friend or colleague?,10,promoter,What's the main reason for your score?,I like it,Convenience; Usability,,,,,,1,,,,1,What's one thing you'd like to see added or improved on SuperSummary?,N/a,,,,,,,,,,,,,,,1.22.0,parent_of_student,parent_of_student,,u_c13a761683c5b78c,[name],Middle School,false,true,,[name],the-death-of-mrs-westaway,26.5.2,annual_essentials,annual,4.27.0,Active Subscriber,true,Non Renewing Subscriber,2026-05-17T11:20:05.000-07:00,3,
349230,NPS Mobile App / Non-BCM,d3a3897a-a7f6-4c6e-957a-3c507350acca,file:///var/containers/Bundle/Application/15D35B42-2514-4C6E-AF8B-27C25AA67C1D/Runner.app/Frameworks/UserLeapKit.framework/sprig_web_assets.bundle/snippet.html,08/25/2026 23:35:49,,473850,,iOS,WebKit,"Mozilla/5.0 (iPhone; CPU iPhone OS 18_7 like Mac OS X) AppleWebKit/605.1.15 (KHTML, like Gecko) Mobile/15E148",{},[App] Guide Viewed,e2d1cf5e-17a2-41bd-bf4c-c402a336cd46,{},How likely are you to recommend SuperSummary to a friend or colleague?,10,promoter,What's the main reason for your score?,[skipped by user],,,,,,,,,,,,,,,,,,,,,,,,,,,,1.22.0,student,student,,u_df0c556102761de4,[name],High School,false,true,,[name],all-the-colors-of-the-dark,26.6,annual_plus,annual,4.27.0,Active Subscriber,true,Active Subscriber,2026-04-10T10:23:49.000-07:00,5,
349230,NPS Mobile App / Non-BCM,87c2a99f-1f63-4897-b475-61b20c4b3566,file:///var/containers/Bundle/Application/C6D2E4F3-3799-4E35-ADE0-209FE02CD7BC/Runner.app/Frameworks/UserLeapKit.framework/sprig_web_assets.bundle/snippet.html,08/24/2026 23:50:39,08/24/2026 23:50:41,1698543,,iOS,WebKit,"Mozilla/5.0 (Macintosh; Intel Mac OS X 10_15_7) AppleWebKit/605.1.15 (KHTML, like Gecko)",{},[App] Guide Viewed,e0d0df92-ff7d-48a9-9cba-0fac6868051c,{},How likely are you to recommend SuperSummary to a friend or colleague?,10,promoter,What's the main reason for your score?,[skipped by user],,,,,,,,,,,,What's one thing you'd like to see added or improved on SuperSummary?,[skipped by user],,,,,,,,,,,,,,,1.22.0,other,other,,u_076b3292d2b4105e,[name],null,false,true,,[name],the-ballad-of-black-tom,18.7.3,annual_plus,annual,4.27.0,,true,Active Subscriber,2026-07-16T07:31:11.000-07:00,2,
349230,NPS Mobile App / Non-BCM,b299a941-a2a5-473a-a8fc-42dfb3c3a4aa,file:///var/containers/Bundle/Application/6C99CBB1-C8BC-4C3B-965F-9127B13F0063/Runner.app/Frameworks/UserLeapKit.framework/sprig_web_assets.bundle/snippet.html,08/24/2026 20:42:01,08/24/2026 20:42:03,3455,,iOS,WebKit,"Mozilla/5.0 (Macintosh; Intel Mac OS X 10_15_7) AppleWebKit/605.1.15 (KHTML, like Gecko)",{},[App] Guide Viewed,bac3b03b-8b2a-4a75-aba4-54344d8c2e91,{},How likely are you to recommend SuperSummary to a friend or colleague?,10,promoter,What's the main reason for your score?,[skipped by user],,,,,,,,,,,,What's one thing you'd like to see added or improved on SuperSummary?,[skipped by user],,,,,,,,,,,,,,,1.22.0,librarian,librarian,,u_c5a965f3678a5675,[name],null,false,true,2023-02-13T11:16:36.505-08:00,[name],vladimir,26.5,annual,annual,4.27.0,Active Subscriber,true,Active Subscriber,2023-01-17T08:30:54.000-08:00,52,5
349230,NPS Mobile App / Non-BCM,9de92631-89f9-44e4-b4e4-a3490bbfd810,file:///var/containers/Bundle/Application/18C64BE2-7C18-4A06-A1C4-67DBCB18A0FA/Runner.app/Frameworks/UserLeapKit.framework/sprig_web_assets.bundle/snippet.html,08/24/2026 19:45:45,,991815,,iOS,WebKit,"Mozilla/5.0 (Macintosh; Intel Mac OS X 10_15_7) AppleWebKit/605.1.15 (KHTML, like Gecko)",{},[App] Guide Viewed,45b7e66d-9d03-4ad5-912f-ede1b42d0a98,{},How likely are you to recommend SuperSummary to a friend or colleague?,7,passive,,,,,,,,,,,,,,,,,,,,,,,,,,,,,,,other,other,,u_9963153620300cbf,[name],null,false,true,,[name],the-change-kirsten-miller,,annual,annual,,Active Subscriber,true,Active Subscriber,2025-02-10T23:53:57.000-08:00,19,
349230,NPS Mobile App / Non-BCM,a169eb3a-f548-48ad-a459-59ffa28e2ec7,file:///var/containers/Bundle/Application/35C340D1-55ED-416A-AEDA-A09665088490/Runner.app/Frameworks/UserLeapKit.framework/sprig_web_assets.bundle/snippet.html,08/24/2026 04:30:39,,907071,,iOS,WebKit,"Mozilla/5.0 (iPhone; CPU iPhone OS 18_7 like Mac OS X) AppleWebKit/605.1.15 (KHTML, like Gecko) Mobile/15E148",{},[App] Guide Viewed,3f5a1fac-cc74-4e4d-a892-ad8fb62b5648,{},How likely are you to recommend SuperSummary to a friend or colleague?,10,promoter,,,,,,,,,,,,,,,,,,,,,,,,,,,,,,1.22.0,student,student,,u_0d82699d76c1a225,[name],College,false,true,,[name],moby-dick,26.6,annual_plus,annual,4.27.0,,true,Active Subscriber,2026-07-17T09:00:26.000-07:00,2,
349230,NPS Mobile App / Non-BCM,793d45a9-1aa6-47bf-a137-911d8454d0ba,file:///var/containers/Bundle/Application/56BD9BAB-6B31-4B1E-A362-C48324ECE0C1/Runner.app/Frameworks/UserLeapKit.framework/sprig_web_assets.bundle/snippet.html,08/24/2026 00:15:55,,449816,,iOS,WebKit,"Mozilla/5.0 (iPhone; CPU iPhone OS 18_7 like Mac OS X) AppleWebKit/605.1.15 (KHTML, like Gecko) Mobile/15E148",{},[App] Guide Viewed,7895a7a8-187a-42de-bf64-d1a058f45088,{},How likely are you to recommend SuperSummary to a friend or colleague?,10,promoter,,,,,,,,,,,,,,,,,,,,,,,,,,,,,,1.22.0,other,other,,u_23aee0768c749351,[name],null,false,true,,[name],the-calamity-club,26.6,annual,annual,4.27.0,Active Subscriber,true,Active Subscriber,2023-11-12T18:38:40.000-08:00,34,0
349230,NPS Mobile App / Non-BCM,6d179c35-26cb-487a-bd65-b485994206eb,file:///android_asset/snippet.html,08/23/2026 22:20:53,,1681249,,Android,Chrome WebView,"Mozilla/5.0 (Linux; Android 16; SM-S911U Build/BP4A.251205.006; wv) AppleWebKit/537.36 (KHTML, like Gecko) Version/4.0 Chrome/151.0.7922.137 Mobile Safari/537.36",{},[App] Guide Viewed,475ea6bf-e0f7-450c-a267-ef7a1c53d99a,{},,9,promoter,,,,,,,,,,,,,,,,,,,,,,,,,,,,,,,teacher,teacher,,u_968cb97c9c12b33f,[name],College,false,true,,[name],wild-seed,,annual_essentials,annual,,,true,Active Subscriber,2026-06-22T06:08:08.000-07:00,2,
349230,NPS Mobile App / Non-BCM,e2e80ced-b3cd-485e-b7af-a561fd316297,file:///android_asset/snippet.html,08/22/2026 21:14:36,,1353762,,Android,Chrome WebView,"Mozilla/5.0 (Linux; Android 16; Pixel 9a Build/CP1A.260505.005; wv) AppleWebKit/537.36 (KHTML, like Gecko) Version/4.0 Chrome/151.0.7922.169 Mobile Safari/537.36",{},[App] Guide Viewed,953f1c0e-ce3e-48ca-9f22-402e0c9f5586,{},,8,passive,,,,,,,,,,,,,,,,,,,,,,,,,,,,,,1.22.0,parent_of_student,parent_of_student,,u_20575034c05da6e9,[name],other,false,true,,[name],a-wish-in-the-dark,16,annual,annual,2.17.8,Active Subscriber,true,Active Subscriber,2025-10-06T09:54:31.000-07:00,7,
349230,NPS Mobile App / Non-BCM,cce47a72-675e-4fdf-a350-ed1cf9c01f22,file:///var/containers/Bundle/Application/B014605D-2B79-4099-9E4D-D131BDE32B71/Runner.app/Frameworks/UserLeapKit.framework/sprig_web_assets.bundle/snippet.html,08/22/2026 15:34:48,,374388,,iOS,WebKit,"Mozilla/5.0 (iPhone; CPU iPhone OS 18_7 like Mac OS X) AppleWebKit/605.1.15 (KHTML, like Gecko) Mobile/15E148",{},[App] Guide Viewed,629d8ee9-357b-45c2-bc21-2c9abe1ec525,{},How likely are you to recommend SuperSummary to a friend or colleague?,10,promoter,What's the main reason for your score?,Comprehensive thorough,Content Quality,,,,,1,,,,,,,,,,,,,,,,,,,,,,1.22.0,student,student,,u_12e47d958e18133e,[name],Postgrad Program,false,true,2023-10-11T10:05:59.386-07:00,[name],being-and-time,26.6,annual,annual,4.27.0,Active Subscriber,true,Active Subscriber,2023-05-25T07:21:26.000-07:00,39,8
349230,NPS Mobile App / Non-BCM,59c423b7-5e21-4f78-971f-36d64ad30ba2,file:///var/containers/Bundle/Application/B63E1A0E-3325-4670-8455-F4178DB91ACC/Runner.app/Frameworks/UserLeapKit.framework/sprig_web_assets.bundle/snippet.html,08/22/2026 10:51:08,08/22/2026 10:51:34,1602482,,iOS,WebKit,"Mozilla/5.0 (iPhone; CPU iPhone OS 18_7 like Mac OS X) AppleWebKit/605.1.15 (KHTML, like Gecko) Mobile/15E148",{},[App] Guide Viewed,8afbad6f-7784-4682-877f-cb2c259f2ca6,{},How likely are you to recommend SuperSummary to a friend or colleague?,10,promoter,What's the main reason for your score?,It’s great for keeping track of where things are at in series,Convenience,,,,,,1,,,,,What's one thing you'd like to see added or improved on SuperSummary?,[skipped by user],,,,,,,,,,,,,,,1.22.0,parent_of_student,parent_of_student,,u_c278de61f2a43bb7,[name],High School,false,true,,[name],fury-bound,26.6,annual_essentials,annual,4.27.0,Active Subscriber,true,Active Subscriber,2026-04-16T10:48:39.000-07:00,3,
349230,NPS Mobile App / Non-BCM,1bfed84c-a018-4faf-a45d-d47e6a358403,file:///var/containers/Bundle/Application/0A11D9C0-9943-4060-BA71-96EBEDD4399D/Runner.app/Frameworks/UserLeapKit.framework/sprig_web_assets.bundle/snippet.html,08/20/2026 17:00:12,,1149716,,iOS,WebKit,"Mozilla/5.0 (iPhone; CPU iPhone OS 18_7 like Mac OS X) AppleWebKit/605.1.15 (KHTML, like Gecko) Mobile/15E148",{},[App] Guide Viewed,e8ba5416-402a-425f-ab25-4d8e418a201a,{},How likely are you to recommend SuperSummary to a friend or colleague?,10,promoter,,,,,,,,,,,,,,,,,,,,,,,,,,,,,,1.22.0,student,student,,u_1ddfd80ef2ea853e,[name],College,false,true,,[name],shogun,26.6,monthly_essentials,monthly,4.27.0,Active Subscriber,true,Active Subscriber,2025-11-30T16:57:05.000-08:00,8,
349230,NPS Mobile App / Non-BCM,8800da39-c5b7-404c-9df4-f220fe6570a0,file:///var/containers/Bundle/Application/2FE389D7-6BB0-49DE-B423-265DECCD6CAC/Runner.app/Frameworks/UserLeapKit.framework/sprig_web_assets.bundle/snippet.html,08/20/2026 14:06:48,,1298335,,iOS,WebKit,"Mozilla/5.0 (iPhone; CPU iPhone OS 18_7 like Mac OS X) AppleWebKit/605.1.15 (KHTML, like Gecko) Mobile/15E148",{},[App] Guide Viewed,50f5ddb9-3675-4276-93e9-e7975caf5edc,{},How likely are you to recommend SuperSummary to a friend or colleague?,10,promoter,,,,,,,,,,,,,,,,,,,,,,,,,,,,,,,student,student,,u_8d501dd5482948e1,[name],High School,false,true,,[name],a-swim-in-a-pond-in-the-rain,,annual,annual,,,true,Active Subscriber,2025-08-25T10:47:27.000-07:00,12,
349230,NPS Mobile App / Non-BCM,925a4d86-0020-4311-89c8-628273ff0ba3,file:///var/containers/Bundle/Application/AD2FEBF7-DB14-4FE7-B0C3-59A783D34527/Runner.app/Frameworks/UserLeapKit.framework/sprig_web_assets.bundle/snippet.html,08/20/2026 11:03:52,08/20/2026 11:03:55,980616,,iOS,WebKit,"Mozilla/5.0 (iPhone; CPU iPhone OS 18_7 like Mac OS X) AppleWebKit/605.1.15 (KHTML, like Gecko) Mobile/15E148",{},[App] Guide Viewed,79efef1a-092d-4db2-9cc5-d0a29837760d,{},How likely are you to recommend SuperSummary to a friend or colleague?,10,promoter,What's the main reason for your score?,[skipped by user],,,,,,,,,,,,What's one thing you'd like to see added or improved on SuperSummary?,[skipped by user],,,,,,,,,,,,,,,1.22.0,student,student,,u_2e2752efa9dfaf5a,[name],Middle School,false,true,,[name],refugee,26.6,annual,annual,4.27.0,Active Subscriber,true,Active Subscriber,2025-02-06T04:00:56.000-08:00,18,
349230,NPS Mobile App / Non-BCM,de2de822-6dfb-4351-a73e-e411d315dea5,file:///var/containers/Bundle/Application/648EBD52-B4A2-49BF-B8E6-40C32F78521D/Runner.app/Frameworks/UserLeapKit.framework/sprig_web_assets.bundle/snippet.html,08/20/2026 03:56:19,,1279014,,iOS,WebKit,"Mozilla/5.0 (iPhone; CPU iPhone OS 18_7 like Mac OS X) AppleWebKit/605.1.15 (KHTML, like Gecko) Mobile/15E148",{},[App] Guide Viewed,13cf3554-527d-440c-bfcb-fa839a716a7d,{},How likely are you to recommend SuperSummary to a friend or colleague?,10,promoter,,,,,,,,,,,,,,,,,,,,,,,,,,,,,,,other,other,,u_748f3f6c1e04ccdd,[name],null,false,true,,[name],pretty-girls,,,annual,,Active Subscriber,true,Active Subscriber,2025-08-07T13:13:24.000-07:00,7,
349230,NPS Mobile App / Non-BCM,68a564c1-f09d-46cf-9ef2-41932cb2c4db,file:///var/containers/Bundle/Application/EAC439F4-89CD-4DF4-AC3A-1E915FA5763D/Runner.app/Frameworks/UserLeapKit.framework/sprig_web_assets.bundle/snippet.html,08/18/2026 14:02:54,,629451,,iOS,WebKit,"Mozilla/5.0 (iPhone; CPU iPhone OS 18_7 like Mac OS X) AppleWebKit/605.1.15 (KHTML, like Gecko) Mobile/15E148",{},[App] Guide Viewed,ef3a8004-8dcb-4817-9003-1d5c8a7c5fe2,{},How likely are you to recommend SuperSummary to a friend or colleague?,5,detractor,,,,,,,,,,,,,,,,,,,,,,,,,,,,,,,book_club_member,teacher,,u_a3362387a3c81531,[name],null,false,true,,[name],raising-hare,,annual_plus_apple-USD,annual,,Active Subscriber,true,Non Renewing Subscriber,2025-10-10T14:45:08.000-07:00,23,
349230,NPS Mobile App / Non-BCM,93be3a92-4827-4050-ba23-1d75014799f9,file:///var/containers/Bundle/Application/57DEDBFF-A762-46D9-9481-44752ADA8D2A/Runner.app/Frameworks/UserLeapKit.framework/sprig_web_assets.bundle/snippet.html,08/18/2026 12:36:43,08/18/2026 12:36:46,1454318,,iOS,WebKit,"Mozilla/5.0 (iPhone; CPU iPhone OS 18_7 like Mac OS X) AppleWebKit/605.1.15 (KHTML, like Gecko) Mobile/15E148",{},[App] Guide Viewed,984f3420-ccc9-4760-9460-c71d21bab788,{},How likely are you to recommend SuperSummary to a friend or colleague?,5,detractor,What's the main reason for your score?,[skipped by user],,,,,,,,,,,,What's one thing you'd like to see added or improved on SuperSummary?,[skipped by user],,,,,,,,,,,,,,,,other,other,,u_f6164c216f167bcd,[name],null,false,true,,[name],the-transit-of-venus,,,annual,,Active Subscriber,true,Active Subscriber,2025-12-27T08:06:10.000-08:00,2,
349230,NPS Mobile App / Non-BCM,eef8a763-16fd-4ab4-8c5f-8dcfe413624b,file:///android_asset/snippet.html,08/18/2026 03:10:38,,813651,,Android,Chrome WebView,"Mozilla/5.0 (Linux; Android 16; SM-S918U Build/BP4A.251205.006; wv) AppleWebKit/537.36 (KHTML, like Gecko) Version/4.0 Chrome/150.0.7871.183 Mobile Safari/537.36",{},[App] Guide Viewed,53c43c42-0669-4695-8ff3-d9727d64d121,{},,10,promoter,,,,,,,,,,,,,,,,,,,,,,,,,,,,,,1.22.0,other,other,,u_45dee7092a23262a,[name],null,false,true,,[name],the-effect-of-gamma-rays-on-man,16,annual,annual,2.17.8,Active Subscriber,true,Active Subscriber,2025-09-30T11:58:15.000-07:00,11,
349230,NPS Mobile App / Non-BCM,fad360af-9084-45c1-ab8f-abc1d6353f55,file:///var/containers/Bundle/Application/547C9357-FAD9-44D8-B62E-654C84B90D0C/Runner.app/Frameworks/UserLeapKit.framework/sprig_web_assets.bundle/snippet.html,08/18/2026 00:09:48,,1478222,,iOS,WebKit,"Mozilla/5.0 (iPhone; CPU iPhone OS 18_7 like Mac OS X) AppleWebKit/605.1.15 (KHTML, like Gecko) Mobile/15E148",{},[App] Guide Viewed,2b4dfc7f-e65e-4031-b147-dbdb855a6326,{},How likely are you to recommend SuperSummary to a friend or colleague?,6,detractor,,,,,,,,,,,,,,,,,,,,,,,,,,,,,,1.22.0,other,other,,u_28365914496913b3,[name],null,false,true,,[name],thus-spoke-zarathustra,26.6,annual_plus,annual,4.27.0,Active Subscriber,true,Active Subscriber,2026-01-18T16:56:30.000-08:00,6,
349230,NPS Mobile App / Non-BCM,15f5aea1-801d-4f6b-ac42-650ed312584e,file:///var/containers/Bundle/Application/032CBA79-C481-4EC1-9DE8-38681190C6EC/Runner.app/Frameworks/UserLeapKit.framework/sprig_web_assets.bundle/snippet.html,08/17/2026 22:10:34,,696838,,iOS,WebKit,"Mozilla/5.0 (iPhone; CPU iPhone OS 18_7 like Mac OS X) AppleWebKit/605.1.15 (KHTML, like Gecko) Mobile/15E148",{},[App] Guide Viewed,46e8b968-d919-4a35-addd-2ab3e17502bc,{},How likely are you to recommend SuperSummary to a friend or colleague?,10,promoter,,,,,,,,,,,,,,,,,,,,,,,,,,,,,,1.22.0,parent_of_student,parent_of_student,,u_1b3e070c1a9cb548,[name],High School,false,true,,[name],lord-of-the-flies,26.6,annual_plus,annual,4.27.0,Active Subscriber,true,Active Subscriber,2025-11-06T16:07:03.000-08:00,19,
349230,NPS Mobile App / Non-BCM,3862c41f-fb81-406c-9497-019e6288e839,file:///var/containers/Bundle/Application/D1C38895-34B8-41AE-BDDD-6ABC6CBC38E8/Runner.app/Frameworks/UserLeapKit.framework/sprig_web_assets.bundle/snippet.html,08/17/2026 19:31:55,,886124,,iOS,WebKit,"Mozilla/5.0 (iPhone; CPU iPhone OS 18_7 like Mac OS X) AppleWebKit/605.1.15 (KHTML, like Gecko) Mobile/15E148",{},[App] Guide Viewed,674e25f5-0376-4d0b-a1ed-41be5cf47b31,{},How likely are you to recommend SuperSummary to a friend or colleague?,10,promoter,What's the main reason for your score?,[skipped by user],,,,,,,,,,,,,,,,,,,,,,,,,,,,,parent_of_student,parent_of_student,,u_2525de1ab98eb62d,[name],High School,false,true,,[name],night,,,annual,,Active Subscriber,true,Active Subscriber,2024-12-13T16:03:45.000-08:00,10,
349230,NPS Mobile App / Non-BCM,1cc1fd01-c3ca-4081-89f4-b9dd192d4a4a,file:///var/containers/Bundle/Application/CE7D360A-5048-4B4B-9844-A5C8B8F3D5EE/Runner.app/Frameworks/UserLeapKit.framework/sprig_web_assets.bundle/snippet.html,08/17/2026 16:56:01,,385706,,iOS,WebKit,"Mozilla/5.0 (iPhone; CPU iPhone OS 18_7 like Mac OS X) AppleWebKit/605.1.15 (KHTML, like Gecko) Mobile/15E148",{},[App] Guide Viewed,718b1a8e-78ee-45ca-9829-f6e32a0feadc,{},How likely are you to recommend SuperSummary to a friend or colleague?,10,promoter,,,,,,,,,,,,,,,,,,,,,,,,,,,,,,1.22.0,librarian,librarian,,u_5551d038e77e79d4,[name],null,false,true,2024-02-19T13:06:49.556-08:00,[name],grave-peril,26.6,annual,annual,4.27.0,Active Subscriber,true,Active Subscriber,2023-07-02T08:19:50.000-07:00,38,15
349230,NPS Mobile App / Non-BCM,f0a24cd8-932c-45a0-a742-07be472084a8,file:///var/containers/Bundle/Application/D9595EC5-C786-468F-906D-3866E44AC3E8/Runner.app/Frameworks/UserLeapKit.framework/sprig_web_assets.bundle/snippet.html,08/17/2026 15:11:38,,89282,,iOS,WebKit,"Mozilla/5.0 (iPhone; CPU iPhone OS 18_7 like Mac OS X) AppleWebKit/605.1.15 (KHTML, like Gecko) Mobile/15E148",{},[App] Guide Viewed,9e5f5257-dcbe-41bd-a168-ce83d151cb25,{},How likely are you to recommend SuperSummary to a friend or colleague?,10,promoter,What's the main reason for your score?,"Excellent choice of novels; thorough, clear, well explained summaries and analyses",Summaries,,,,,,,,,1,,,,,,,,,,,,,,,,,,1.21.1,book_club_member,teacher,,u_9bd3b28bedce37e8,[name],null,false,true,2023-04-14T19:54:23.918-07:00,[name],the-thread-collectors,26.6,annual,annual,4.27.0,Active Subscriber,true,Active Subscriber,2021-08-18T07:16:51.000-07:00,60,9
349230,NPS Mobile App / Non-BCM,0d6281a0-a3e4-41dd-94ed-ce3315717d42,file:///var/containers/Bundle/Application/01AF71D8-0660-4E64-B9FF-6AF1C576F254/Runner.app/Frameworks/UserLeapKit.framework/sprig_web_assets.bundle/snippet.html,08/16/2026 23:23:29,,1544021,,iOS,WebKit,"Mozilla/5.0 (iPhone; CPU iPhone OS 18_7 like Mac OS X) AppleWebKit/605.1.15 (KHTML, like Gecko) Mobile/15E148",{},[App] Guide Viewed,8bc54a25-cd16-4b21-b931-08a652afa4a7,{},How likely are you to recommend SuperSummary to a friend or colleague?,8,passive,What's the main reason for your score?,[skipped by user],,,,,,,,,,,,,,,,,,,,,,,,,,,,1.22.0,book_club_member,student,,u_95e312df3e4ed3db,[name],null,false,true,,[name],the-lesser-dead,26.6,annual_plus,annual,4.27.0,Active Subscriber,true,Active Subscriber,2026-03-04T06:26:38.000-08:00,4,
349230,NPS Mobile App / Non-BCM,edbf1b64-e52e-4ed8-b8b7-c8086737c39c,file:///android_asset/snippet.html,08/16/2026 11:10:10,,134700,,Android,Chrome WebView,"Mozilla/5.0 (Linux; Android 16; SM-A156B Build/BP4A.251205.006; wv) AppleWebKit/537.36 (KHTML, like Gecko) Version/4.0 Chrome/150.0.7871.183 Mobile Safari/537.36",{},[App] Guide Viewed,eaf584fc-1244-45e7-8d09-c63cb06bc906,{},,10,promoter,,[skipped by user],,,,,,,,,,,,,[skipped by user],,,,,,,,,,,,,,,,other,other,,u_debcf860110e5f13,[name],null,false,true,2023-01-28T03:40:13.813-08:00,[name],,,,annual,,Active Subscriber,true,Active Subscriber,2022-02-06T16:56:10.000-08:00,12,102
349230,NPS Mobile App / Non-BCM,e29ed8bc-5ec7-4d4e-a2ef-1b911e9ebe1a,file:///var/containers/Bundle/Application/6AA92669-AAEF-415C-A44D-EC25EFC2CA84/Runner.app/Frameworks/UserLeapKit.framework/sprig_web_assets.bundle/snippet.html,08/16/2026 01:37:38,,498100,,iOS,WebKit,"Mozilla/5.0 (iPhone; CPU iPhone OS 18_7 like Mac OS X) AppleWebKit/605.1.15 (KHTML, like Gecko) Mobile/15E148",{},[App] Guide Viewed,11b56adf-c2ea-43d0-8122-a3b2933c2164,{},How likely are you to recommend SuperSummary to a friend or colleague?,10,promoter,,,,,,,,,,,,,,,,,,,,,,,,,,,,,,,parent_of_student,parent_of_student,,u_f1eac257c7cf6951,[name],Middle School,false,true,,[name],the-giver,,annual,annual,,Active Subscriber,true,Active Subscriber,2024-02-20T22:46:23.000-08:00,27,0
349230,NPS Mobile App / Non-BCM,112a8421-018a-4d07-9056-f6a418c47407,file:///var/containers/Bundle/Application/A6427F73-EE0D-4DC6-899B-DC6E12B60E64/Runner.app/Frameworks/UserLeapKit.framework/sprig_web_assets.bundle/snippet.html,08/15/2026 19:24:32,08/15/2026 19:24:35,228717,,iOS,WebKit,"Mozilla/5.0 (iPhone; CPU iPhone OS 18_7 like Mac OS X) AppleWebKit/605.1.15 (KHTML, like Gecko) Mobile/15E148",{},[App] Guide Viewed,723af202-a69d-45e3-a1bb-71477b2ce246,{},How likely are you to recommend SuperSummary to a friend or colleague?,10,promoter,What's the main reason for your score?,[skipped by user],,,,,,,,,,,,What's one thing you'd like to see added or improved on SuperSummary?,[skipped by user],,,,,,,,,,,,,,,,parent_of_student,parent_of_student,,u_2a8ca5ff9d573492,[name],Middle School,false,true,2022-08-05T08:28:02.404-07:00,[name],princess-academy,,annual,annual,,Active Subscriber,true,Active Subscriber,2022-06-24T05:38:41.000-07:00,48,2
349230,NPS Mobile App / Non-BCM,2901529c-8c85-48d6-a6a4-7474d0aeb706,file:///var/containers/Bundle/Application/CF461F71-A3B2-4F0E-9681-96D725CA62C4/Runner.app/Frameworks/UserLeapKit.framework/sprig_web_assets.bundle/snippet.html,08/15/2026 18:00:46,08/15/2026 18:02:10,541189,,iOS,WebKit,"Mozilla/5.0 (iPhone; CPU iPhone OS 18_7 like Mac OS X) AppleWebKit/605.1.15 (KHTML, like Gecko) Mobile/15E148",{},[App] Guide Viewed,a89c3b50-9bad-43d8-a745-7179499a8c07,{},How likely are you to recommend SuperSummary to a friend or colleague?,10,promoter,What's the main reason for your score?,"As an audible book listener , it’s perfect for review when I can’t flip back the pages.",Convenience,,,,,,1,,,,,What's one thing you'd like to see added or improved on SuperSummary?,[skipped by user],,,,,,,,,,,,,,,,other,other,,u_2592a2b5814791fc,[name],null,false,true,2024-05-26T14:39:20.530-07:00,[name],the-lake-house,,,annual,,Active Subscriber,true,Active Subscriber,2024-04-21T15:26:41.000-07:00,21,2
349230,NPS Mobile App / Non-BCM,5c9c485b-84cc-45b5-b58e-6736fb6251ce,file:///var/containers/Bundle/Application/3D9D90E9-76C0-4B01-893F-E580B3C87873/Runner.app/Frameworks/UserLeapKit.framework/sprig_web_assets.bundle/snippet.html,08/13/2026 02:32:34,,1035864,,iOS,WebKit,"Mozilla/5.0 (iPhone; CPU iPhone OS 18_7 like Mac OS X) AppleWebKit/605.1.15 (KHTML, like Gecko) Mobile/15E148",{},[App] Guide Viewed,34a9814d-640c-408c-97a7-46fc929e0b21,{},How likely are you to recommend SuperSummary to a friend or colleague?,10,promoter,,,,,,,,,,,,,,,,,,,,,,,,,,,,,,1.22.0,teacher,teacher,,u_a7ca7abd02a3833d,[name],High School,false,true,,[name],the-bronze-bow,26.6,,annual,4.27.0,Active Subscriber,true,Active Subscriber,2025-03-01T09:08:47.000-08:00,3,
349230,NPS Mobile App / Non-BCM,eaaa0486-dca8-49db-b7de-f54c7e2a911d,file:///var/containers/Bundle/Application/91BD625C-93F1-483D-9D31-A58D85FE019D/Runner.app/Frameworks/UserLeapKit.framework/sprig_web_assets.bundle/snippet.html,08/12/2026 16:15:13,08/12/2026 16:15:14,635608,,iOS,WebKit,"Mozilla/5.0 (iPhone; CPU iPhone OS 18_7 like Mac OS X) AppleWebKit/605.1.15 (KHTML, like Gecko) Mobile/15E148",{},[App] Guide Viewed,14826736-3b2e-45fb-964b-49d90c04e79b,{},How likely are you to recommend SuperSummary to a friend or colleague?,5,detractor,What's the main reason for your score?,[skipped by user],,,,,,,,,,,,What's one thing you'd like to see added or improved on SuperSummary?,[skipped by user],,,,,,,,,,,,,,,,parent_of_student,parent_of_student,,u_4db1f9b82e5bbbab,[name],Middle School,false,true,,[name],the-losers-club,,,annual,,Active Subscriber,true,Active Subscriber,2024-08-22T19:25:31.000-07:00,13,
349230,NPS Mobile App / Non-BCM,e9071f40-dc32-43a9-82b4-57374ea17a6e,file:///android_asset/snippet.html,08/12/2026 11:09:48,,383563,,Android,Chrome WebView,"Mozilla/5.0 (Linux; Android 17; Pixel 9 Pro XL Build/CP2A.260705.006; wv) AppleWebKit/537.36 (KHTML, like Gecko) Version/4.0 Chrome/150.0.7871.181 Mobile Safari/537.36",{},[App] Guide Viewed,a12e0b44-8351-48e3-b56b-776ed1ec1849,{},,6,detractor,,,,,,,,,,,,,,,,,,,,,,,,,,,,,,1.22.0,other,other,,u_6b2cc23b52e89217,[name],null,false,true,2023-06-22T03:50:06.129-07:00,[name],,17,,annual,2.17.8,Active Subscriber,true,Active Subscriber,2023-06-22T03:49:03.000-07:00,7,1
349230,NPS Mobile App / Non-BCM,23bf865e-1e3d-49d1-8adf-157beb88f9fc,file:///var/containers/Bundle/Application/FB9AC5D4-AA5A-465E-B0BC-67E1503EC256/Runner.app/Frameworks/UserLeapKit.framework/sprig_web_assets.bundle/snippet.html,08/12/2026 03:09:14,08/12/2026 03:09:18,1416339,,iOS,WebKit,"Mozilla/5.0 (iPhone; CPU iPhone OS 18_7 like Mac OS X) AppleWebKit/605.1.15 (KHTML, like Gecko) Mobile/15E148",{},[App] Guide Viewed,6a43e094-6c14-4418-9953-04bc88e4cd7b,{},How likely are you to recommend SuperSummary to a friend or colleague?,10,promoter,What's the main reason for your score?,[skipped by user],,,,,,,,,,,,What's one thing you'd like to see added or improved on SuperSummary?,[skipped by user],,,,,,,,,,,,,,,1.22.0,book_club_member,other,,u_b0a1166586926273,[name],null,false,true,,[name],the-calamity-club,26.6,annual,annual,4.27.0,Active Subscriber,true,Active Subscriber,2025-11-20T12:21:09.000-08:00,7,
349230,NPS Mobile App / Non-BCM,838efdb7-8045-49d8-bf62-189dd7a04080,file:///var/containers/Bundle/Application/A3E2F48F-70CD-4D9F-AE78-0D2E4F7E32F5/Runner.app/Frameworks/UserLeapKit.framework/sprig_web_assets.bundle/snippet.html,08/11/2026 18:07:19,08/11/2026 18:08:05,1413041,,iOS,WebKit,"Mozilla/5.0 (Macintosh; Intel Mac OS X 10_15_7) AppleWebKit/605.1.15 (KHTML, like Gecko)",{},[App] Guide Viewed,ab7d0126-a5ee-41e1-8be8-de8f236e00cf,{},How likely are you to recommend SuperSummary to a friend or colleague?,10,promoter,What's the main reason for your score?,I do book talks in the community and it breaks nags a different perspective,Book Clubs,,,1,,,,,,,,What's one thing you'd like to see added or improved on SuperSummary?,[skipped by user],,,,,,,,,,,,,,,,librarian,librarian,,u_25ebdd85e2eb0664,[name],null,false,true,,[name],unsheltered,,annual_essentials,annual,,Active Subscriber,true,Active Subscriber,2025-11-18T14:16:18.000-08:00,8,
349230,NPS Mobile App / Non-BCM,2c88d49e-c97b-42c0-b0cc-6956a529a776,file:///android_asset/snippet.html,08/11/2026 17:27:23,,442601,,Android,Chrome WebView,"Mozilla/5.0 (Linux; Android 16; SM-S918U Build/BP4A.251205.006; wv) AppleWebKit/537.36 (KHTML, like Gecko) Version/4.0 Chrome/150.0.7871.181 Mobile Safari/537.36",{},[App] Guide Viewed,9f7ebfed-3c6d-4a9d-b597-b7d7c7d6959a,{},,7,passive,,[skipped by user],,,,,,,,,,,,,,,,,,,,,,,,,,,,1.21.1,book_club_member,student,,u_f9e14c7f4102e549,[name],null,false,true,,[name],dark-renaissance,16,annual,annual,2.17.8,Active Subscriber,true,Active Subscriber,2025-11-12T09:19:25.000-08:00,34,0
349230,NPS Mobile App / Non-BCM,b6d059d8-d524-4785-bc12-166e6a14ee77,file:///var/containers/Bundle/Application/D557AD19-3CC2-46AE-A347-683C527EAF6A/Runner.app/Frameworks/UserLeapKit.framework/sprig_web_assets.bundle/snippet.html,08/11/2026 12:53:47,,1273013,,iOS,WebKit,"Mozilla/5.0 (iPhone; CPU iPhone OS 18_7 like Mac OS X) AppleWebKit/605.1.15 (KHTML, like Gecko) Mobile/15E148",{},[App] Guide Viewed,570aa677-fa0c-48c3-884d-5196dab44d39,{},How likely are you to recommend SuperSummary to a friend or colleague?,10,promoter,,,,,,,,,,,,,,,,,,,,,,,,,,,,,,,parent_of_student,parent_of_student,,u_4709c507a6aa23c1,[name],High School,false,true,,[name],the-hour-of-the-star,,,annual,,Active Subscriber,true,Active Subscriber,2025-07-31T10:13:56.000-07:00,2,
349230,NPS Mobile App / Non-BCM,af4f582f-e402-4ff0-9f92-286c9cea97b0,file:///android_asset/snippet.html,08/10/2026 21:16:32,,1418972,,Android,Chrome WebView,"Mozilla/5.0 (Linux; Android 16; SM-A366B Build/BP4A.251205.006; wv) AppleWebKit/537.36 (KHTML, like Gecko) Version/4.0 Chrome/150.0.7871.181 Mobile Safari/537.36",{},[App] Guide Viewed,f6b21f44-7b60-4431-9a10-de99af848c79,{},,10,promoter,,Love the chapter summary and research. New to it but love it,Summaries,,,,,,,,,1,,,"More books, maybe outside the classics",More Books,,,,,,,1,,,,,,,1.15.6,other,other,,u_319853d4df33e178,[name],null,false,true,,[name],our-mutual-friend,16,annual_plus,annual,2.17.8,Active Subscriber,true,Active Subscriber,2025-11-27T05:05:27.000-08:00,5,
349230,NPS Mobile App / Non-BCM,03b29463-01d1-4fd4-946a-83734c60ecd4,file:///var/containers/Bundle/Application/94D8DF38-45F6-4498-B222-41002FC8F956/Runner.app/Frameworks/UserLeapKit.framework/sprig_web_assets.bundle/snippet.html,08/10/2026 18:45:57,,1386254,,iOS,WebKit,"Mozilla/5.0 (iPhone; CPU iPhone OS 18_7 like Mac OS X) AppleWebKit/605.1.15 (KHTML, like Gecko) Mobile/15E148",{},[App] Guide Viewed,1a936b22-099b-4a3a-be90-83dfb624b053,{},How likely are you to recommend SuperSummary to a friend or colleague?,10,promoter,,,,,,,,,,,,,,,,,,,,,,,,,,,,,,1.21.1,librarian,librarian,,u_6ccda1091d323e3e,[name],null,false,true,,[name],the-house-of-mirth,26.5.2,annual_plus,annual,4.27.0,Active Subscriber,true,Active Subscriber,2026-02-12T17:18:42.000-08:00,3,
349230,NPS Mobile App / Non-BCM,ab7b9f78-c367-4d23-a1d9-7a1caca23386,file:///var/containers/Bundle/Application/7DB7AA9C-1A9F-4542-BD12-5CB876F519BF/Runner.app/Frameworks/UserLeapKit.framework/sprig_web_assets.bundle/snippet.html,08/09/2026 10:28:51,08/09/2026 10:28:55,1286473,,iOS,WebKit,"Mozilla/5.0 (iPhone; CPU iPhone OS 18_7 like Mac OS X) AppleWebKit/605.1.15 (KHTML, like Gecko) Mobile/15E148",{},[App] Guide Viewed,b17ed411-82d9-49bf-9417-ef3c37584dd2,{},How likely are you to recommend SuperSummary to a friend or colleague?,10,promoter,What's the main reason for your score?,[skipped by user],,,,,,,,,,,,What's one thing you'd like to see added or improved on SuperSummary?,[skipped by user],,,,,,,,,,,,,,,1.21.1,other,other,,u_28ac47c4d673e4b5,[name],null,false,true,,[name],,26.6,annual,annual,4.27.0,,true,Active Subscriber,2025-08-14T17:07:24.000-07:00,12,
349230,NPS Mobile App / Non-BCM,3ff1ac56-c47e-4141-a8e1-02bb3b0242e1,file:///var/containers/Bundle/Application/0315D76D-DB5E-4200-B7AA-123F2C3D6F9A/Runner.app/Frameworks/UserLeapKit.framework/sprig_web_assets.bundle/snippet.html,08/07/2026 15:55:39,,1216873,,iOS,WebKit,"Mozilla/5.0 (Macintosh; Intel Mac OS X 10_15_7) AppleWebKit/605.1.15 (KHTML, like Gecko)",{},[App] Guide Viewed,79cf63f8-5aa5-4fb8-a1d1-f6451ee000cd,{},,9,promoter,,,,,,,,,,,,,,,,,,,,,,,,,,,,,,,teacher,teacher,,u_b317139d4aecae23,[name],College,false,true,,[name],the-amulet-of-samarkand,,annual,annual,,Active Subscriber,true,Active Subscriber,2025-05-28T12:30:24.000-07:00,14,
349230,NPS Mobile App / Non-BCM,4440cc97-c7f1-402f-8f2b-0564b2a5ebdd,file:///var/containers/Bundle/Application/492C5E11-F4C3-4444-8A1D-F1170CA80AB6/Runner.app/Frameworks/UserLeapKit.framework/sprig_web_assets.bundle/snippet.html,08/06/2026 23:09:44,,595510,,iOS,WebKit,"Mozilla/5.0 (iPhone; CPU iPhone OS 18_7 like Mac OS X) AppleWebKit/605.1.15 (KHTML, like Gecko) Mobile/15E148",{},[App] Guide Viewed,86d70559-938d-49d8-968b-222b5fc32761,{},How likely are you to recommend SuperSummary to a friend or colleague?,10,promoter,,,,,,,,,,,,,,,,,,,,,,,,,,,,,,1.21.1,other,other,,u_c77151b8c9c51e79,[name],null,false,true,,[name],the-thorn-birds,26.5.2,annual,annual,4.27.0,Active Subscriber,true,Active Subscriber,2024-06-11T08:18:04.000-07:00,25,
349230,NPS Mobile App / Non-BCM,7ff1f2f6-0216-4e00-af17-c975cf79571e,file:///var/containers/Bundle/Application/2C8335D8-3608-4E79-835C-4E4FBD3AE643/Runner.app/Frameworks/UserLeapKit.framework/sprig_web_assets.bundle/snippet.html,08/06/2026 22:32:12,08/06/2026 22:34:33,854333,,iOS,WebKit,"Mozilla/5.0 (iPhone; CPU iPhone OS 18_7 like Mac OS X) AppleWebKit/605.1.15 (KHTML, like Gecko) Mobile/15E148",{},[App] Guide Viewed,65876c9b-a28d-44e2-b9ca-35a503318b26,{},How likely are you to recommend SuperSummary to a friend or colleague?,10,promoter,What's the main reason for your score?,It helps me get a clearer picture and helps me keep track of the characters.,Summaries,,,,,,,,,1,,What's one thing you'd like to see added or improved on SuperSummary?,I love it just the way it is.,,,,,,,,,,,,,,,1.18.0,other,other,,u_a58c071be773ee4c,[name],null,false,true,,[name],network-effect,26.5.2,annual_plus_apple-USD,annual,4.27.0,Active Subscriber,true,Active Subscriber,2025-08-28T16:09:13.000-07:00,10,
349230,NPS Mobile App / Non-BCM,6b946bff-70ad-4f53-be1e-899ec375912e,file:///var/containers/Bundle/Application/67B6FF80-4CBD-42A6-86FF-C91077AA9373/Runner.app/Frameworks/UserLeapKit.framework/sprig_web_assets.bundle/snippet.html,08/06/2026 18:27:29,,412686,,iOS,WebKit,"Mozilla/5.0 (iPhone; CPU iPhone OS 18_7 like Mac OS X) AppleWebKit/605.1.15 (KHTML, like Gecko) Mobile/15E148",{},[App] Guide Viewed,e8fd8f44-dae3-45e8-a3e1-94f90e9e23bb,{},How likely are you to recommend SuperSummary to a friend or colleague?,10,promoter,What's the main reason for your score?,[skipped by user],,,,,,,,,,,,,,,,,,,,,,,,,,,,,librarian,librarian,,u_601042017394d9f9,[name],null,false,true,,[name],the-red-haired-woman,,,annual,,Active Subscriber,true,Active Subscriber,2023-09-12T15:07:30.000-07:00,30,0
349230,NPS Mobile App / Non-BCM,9eff7fa1-4f0f-45ab-b3ad-53f65d155782,file:///var/containers/Bundle/Application/4FB839F6-C258-471C-A2AD-F0C69E8404DF/Runner.app/Frameworks/UserLeapKit.framework/sprig_web_assets.bundle/snippet.html,08/06/2026 16:57:55,08/06/2026 17:00:10,1324620,,iOS,WebKit,"Mozilla/5.0 (iPhone; CPU iPhone OS 18_7 like Mac OS X) AppleWebKit/605.1.15 (KHTML, like Gecko) Mobile/15E148",{},[App] Guide Viewed,54f5c834-b5a9-41e9-8522-1f6ad60fb6fd,{},How likely are you to recommend SuperSummary to a friend or colleague?,10,promoter,What's the main reason for your score?,"I love the summaries and details put into each book. It easily gives me enough context to keep up when we have class Socratic seminars or in-class quizzes about the sections. Also, I found the breadth of novels amazing, since my classes use such random books that I didn’t find on the alternative platforms I had considered!",Summaries,,,,,,,,,1,,What's one thing you'd like to see added or improved on SuperSummary?,Overall summary with more depth,Content Depth,,1,,,,,,Is there a book you've searched for on SuperSummary but couldn't find?,[skipped by user],,,,,1.21.1,student,student,,u_aa720a9467913ac1,[name],High School,false,true,,[name],atomic-habits,26.5.2,annual_plus,annual,4.27.0,Active Subscriber,true,Active Subscriber,2025-09-14T16:45:12.000-07:00,10,
349230,NPS Mobile App / Non-BCM,ac0cf902-5653-4040-b56e-df45b8114681,file:///var/containers/Bundle/Application/E8D7CDB2-5793-4ED3-B3CB-99EAB037780A/Runner.app/Frameworks/UserLeapKit.framework/sprig_web_assets.bundle/snippet.html,08/06/2026 09:14:34,08/06/2026 09:15:11,1052468,,iOS,WebKit,"Mozilla/5.0 (iPhone; CPU iPhone OS 18_7 like Mac OS X) AppleWebKit/605.1.15 (KHTML, like Gecko) Mobile/15E148",{},[App] Guide Viewed,4bee513a-81e6-44e4-b051-6b5961516ade,{},How likely are you to recommend SuperSummary to a friend or colleague?,10,promoter,What's the main reason for your score?,AIDS deeper insight,Summaries,,,,,,,,,1,,What's one thing you'd like to see added or improved on SuperSummary?,[skipped by user],,,,,,,,,,,,,,,1.21.1,teacher,teacher,,u_13462f7364e84fa8,[name],High School,false,true,,[name],watership-down,26.5.2,annual,annual,4.27.0,Active Subscriber,true,Active Subscriber,2025-03-08T08:40:12.000-08:00,15,
349230,NPS Mobile App / Non-BCM,98b84921-a84a-42bb-98d1-f7a0fa9cd1b9,file:///var/containers/Bundle/Application/BB92EDB7-0D7E-4C64-89F5-668FE39E1870/Runner.app/Frameworks/UserLeapKit.framework/sprig_web_assets.bundle/snippet.html,08/05/2026 20:04:09,,479673,,iOS,WebKit,"Mozilla/5.0 (Macintosh; Intel Mac OS X 10_15_7) AppleWebKit/605.1.15 (KHTML, like Gecko)",{},[App] Guide Viewed,5977ba2d-9a8a-48b6-82bf-0a77cd7257a2,{},How likely are you to recommend SuperSummary to a friend or colleague?,10,promoter,,,,,,,,,,,,,,,,,,,,,,,,,,,,,,1.21.1,teacher,teacher,,u_344d1df9903bb6e9,[name],High School,false,true,,[name],the-extraordinary-life-of-sam-hell,26.5.2,annual,annual,4.27.0,Active Subscriber,true,Active Subscriber,2024-01-16T13:15:01.000-08:00,29,0
349230,NPS Mobile App / Non-BCM,93adbf4b-43b9-461a-8e4a-9c6a9722df62,file:///var/containers/Bundle/Application/8DBD2440-6022-4362-899E-082C8BFE215D/Runner.app/Frameworks/UserLeapKit.framework/sprig_web_assets.bundle/snippet.html,08/05/2026 16:05:10,08/05/2026 16:05:13,878081,,iOS,WebKit,"Mozilla/5.0 (Macintosh; Intel Mac OS X 10_15_7) AppleWebKit/605.1.15 (KHTML, like Gecko)",{},[App] Guide Viewed,ad4f10e1-ea6e-4591-9efd-1a6662076027,{},How likely are you to recommend SuperSummary to a friend or colleague?,10,promoter,What's the main reason for your score?,[skipped by user],,,,,,,,,,,,What's one thing you'd like to see added or improved on SuperSummary?,[skipped by user],,,,,,,,,,,,,,,,parent_of_student,parent_of_student,,u_712478bf5aeeb55f,[name],Middle School,false,true,,[name],moon-over-manifest,,annual,annual,,Active Subscriber,true,Active Subscriber,2024-12-10T19:31:26.000-08:00,15,
349230,NPS Mobile App / Non-BCM,8699f5b7-1fcc-4e74-b575-9dbf6bb70d69,file:///var/containers/Bundle/Application/374273A9-DFD1-48B6-BBBB-5DC631946BEB/Runner.app/Frameworks/UserLeapKit.framework/sprig_web_assets.bundle/snippet.html,08/05/2026 16:04:11,08/05/2026 16:05:16,1381664,,iOS,WebKit,"Mozilla/5.0 (iPhone; CPU iPhone OS 18_7 like Mac OS X) AppleWebKit/605.1.15 (KHTML, like Gecko) Mobile/15E148",{},[App] Guide Viewed,c77c5a15-644f-4801-99cb-18b754ac8444,{},How likely are you to recommend SuperSummary to a friend or colleague?,10,promoter,What's the main reason for your score?,It is so supportive to my reading. Easy access and concise.,Convenience,,,,,,1,,,,,What's one thing you'd like to see added or improved on SuperSummary?,Nothing,,,,,,,,,,,,,,,1.21.1,other,other,,u_990d1e4d0ef328ad,[name],null,false,true,,[name],the-odyssey,26.5.2,annual_plus,annual,4.27.0,Active Subscriber,true,Active Subscriber,2026-03-12T19:46:34.000-07:00,17,
349230,NPS Mobile App / Non-BCM,a6937cfe-7238-47a8-a189-daceec09f99d,file:///var/containers/Bundle/Application/DB95A062-26FE-41AC-81EA-FDDC756B211E/Runner.app/Frameworks/UserLeapKit.framework/sprig_web_assets.bundle/snippet.html,08/04/2026 21:10:10,,462047,,iOS,WebKit,"Mozilla/5.0 (iPhone; CPU iPhone OS 18_7 like Mac OS X) AppleWebKit/605.1.15 (KHTML, like Gecko) Mobile/15E148",{},[App] Guide Viewed,22ef15fe-cee3-4171-b75b-142ed1e87ea1,{},How likely are you to recommend SuperSummary to a friend or colleague?,9,promoter,,,,,,,,,,,,,,,,,,,,,,,,,,,,,,,other,other,,u_d86b057d89ce0e52,[name],null,false,true,2023-12-02T18:59:14.628-08:00,[name],magic-hour,,annual,annual,,Active Subscriber,true,Active Subscriber,2023-12-02T18:51:04.000-08:00,29,1
349230,NPS Mobile App / Non-BCM,f8bb008c-d08a-4351-bfd2-06ce50924078,file:///android_asset/snippet.html,08/04/2026 13:55:49,,1201772,,Android,Chrome WebView,"Mozilla/5.0 (Linux; Android 13; SM-P610 Build/TP1A.220624.014; wv) AppleWebKit/537.36 (KHTML, like Gecko) Version/4.0 Chrome/150.0.7871.181 Safari/537.36",{},[App] Guide Viewed,5b271cb3-2346-4d2f-8946-1a1084cc3948,{},,10,promoter,,,,,,,,,,,,,,,,,,,,,,,,,,,,,,1.21.1,parent_of_student,,,u_481c3679d2e010d6,[name],High School,false,true,,[name],,13,monthly_plus,monthly,2.17.8,,true,Active Subscriber,2025-09-10T07:50:53.000-07:00,11,
349230,NPS Mobile App / Non-BCM,d8e76baa-b4ee-4fac-9ba6-0c2582b7cadc,file:///var/containers/Bundle/Application/A882287F-20E6-426C-969B-3D99A07C0712/Runner.app/Frameworks/UserLeapKit.framework/sprig_web_assets.bundle/snippet.html,08/04/2026 04:30:36,08/04/2026 04:31:04,675182,,iOS,WebKit,"Mozilla/5.0 (Macintosh; Intel Mac OS X 10_15_7) AppleWebKit/605.1.15 (KHTML, like Gecko)",{},[App] Guide Viewed,dc8bc605-4524-4b55-ac4c-5440fe37b838,{},How likely are you to recommend SuperSummary to a friend or colleague?,9,promoter,What's the main reason for your score?,Its good ut doesnt have every book i need but its ok,Book Selection,,,,1,,,,,,,What's one thing you'd like to see added or improved on SuperSummary?,[skipped by user],,,,,,,,,,,,,,,1.21.1,student,student,,u_0ecca390125133df,[name],Middle School,false,true,,[name],the-castle-in-the-attic,26.5.2,annual,annual,4.27.0,Active Subscriber,true,Active Subscriber,2024-09-22T17:25:51.000-07:00,23,
349230,NPS Mobile App / Non-BCM,b3f229b8-9118-4b18-8827-7f81dc476429,file:///var/containers/Bundle/Application/90A2CAA2-22A9-469A-BF9A-4425CFB02F17/Runner.app/Frameworks/UserLeapKit.framework/sprig_web_assets.bundle/snippet.html,08/03/2026 02:58:12,,487978,,iOS,WebKit,"Mozilla/5.0 (iPhone; CPU iPhone OS 18_7 like Mac OS X) AppleWebKit/605.1.15 (KHTML, like Gecko) Mobile/15E148",{},[App] Guide Viewed,4212de5d-7e64-4da3-b5dd-e0cf17144112,{},How likely are you to recommend SuperSummary to a friend or colleague?,7,passive,,,,,,,,,,,,,,,,,,,,,,,,,,,,,,,teacher,teacher,,u_c488da1589b9821c,[name],other,false,true,,[name],educated-a-memoir,,annual,annual,,Active Subscriber,true,Active Subscriber,2024-02-03T20:38:48.000-08:00,26,0
349230,NPS Mobile App / Non-BCM,c6d729ae-89f2-4eba-9eb9-849969c367d4,file:///var/containers/Bundle/Application/2E438CA8-2094-41FB-AE8F-F7078A7039B7/Runner.app/Frameworks/UserLeapKit.framework/sprig_web_assets.bundle/snippet.html,08/02/2026 18:18:04,,176925,,iOS,WebKit,"Mozilla/5.0 (iPhone; CPU iPhone OS 18_7 like Mac OS X) AppleWebKit/605.1.15 (KHTML, like Gecko) Mobile/15E148",{},[App] Guide Viewed,b5b1aea7-5dd4-4964-8abe-d8ee6859cb8c,{},How likely are you to recommend SuperSummary to a friend or colleague?,10,promoter,What's the main reason for your score?,Excellent writing and analysis.,Content Quality,,,,,1,,,,,,What's one thing you'd like to see added or improved on SuperSummary?,I’m more complete set of book Discussion questions that proven into characters and events in a lot more detail.,Discussion Questions,,,,1,,,,,,,,,,,other,other,,u_341fa7c55d461f15,[name],null,false,true,2024-05-07T20:14:29.198-07:00,[name],theo-of-golden,,annual,annual,,Active Subscriber,true,Active Subscriber,2025-04-10T15:53:22.000-07:00,52,4
