surveyId,surveyName,visitorId,href,createdAt,completedAt,userId,partnerAnonymousId,os,browser,userAgent,customMetadata,triggeringEvent,responseGroupUid,eventProperties,Q1_Question_Text,Q1_Response,Q1_Response_NPSCategory,Q2_Question_Text,Q2_Response,Q2_Theme,Q2_Theme_1,Q2_Theme_2,Q2_Theme_3,Q2_Theme_4,Q2_Theme_5,Q2_Theme_6,Q2_Theme_7,Q2_Theme_8,Q2_Theme_9,Q2_Theme_10,Q3_Question_Text,Q3_Response,Q3_Theme,Q3_Theme_1,Q3_Theme_2,Q3_Theme_3,Q3_Theme_4,Q3_Theme_5,Q3_Theme_6,Q4_Question_Text,Q4_Response,Q4_Theme,Q4_Theme_1,Q4_Theme_2,Q4_Theme_3,Attribute_1,Attribute_2,Attribute_3,Attribute_4,Attribute_5,Attribute_6,Attribute_7,Attribute_8,Attribute_9,Attribute_10,Attribute_11,Attribute_12,Attribute_13,Attribute_14,Attribute_15,Attribute_16,Attribute_17,Attribute_18,Attribute_19,Attribute_20,Attribute_21,Attribute_22
Survey ID,Survey Name,Visitor ID,URL,Created At,Completed At,User ID,Partner Anonymous ID,OS,Browser,User Agent,Custom Metadata,Triggering Event,Response Group ID,Event Properties,How likely are you to recommend SuperSummary to a friend or colleague?*,How likely are you to recommend SuperSummary to a friend or colleague?*,NPS Category,What's the main reason for your score?,What's the main reason for your score?,Q2 Theme,AI and Errors,Audio Features,Book Clubs,Book Selection,Content Quality,Convenience,Resourcefulness,Study Aid,Summaries,Usability,What's one thing you'd like to see added or improved on SuperSummary?,What's one thing you'd like to see added or improved on SuperSummary?,Q3 Theme,Additional Features,Content Quality,Educational Resources,More Books,User Interface,Visual Aids,Is there a book you've searched for on SuperSummary but couldn't find?,Is there a book you've searched for on SuperSummary but couldn't find?,Q4 Theme,No Issues,Recall Difficulty,Specific Book Missing,appVersion,audience,audienceCategory,deviceType,email,firstName,gradeLevel,isStaff,isSubscribed,lastDownloadDate,lastName,last_visited_guide,osVersion,planId,planType,sdkVersion,status,subscribed,subscriberStatus,subscriptionDate,tenure,totalGuideDownloads
349230,NPS Mobile App / Non-BCM,427e4037-365b-4c7b-9289-4d120425d4a7,file:///var/containers/Bundle/Application/22FE24E3-D1AB-459F-8185-DDA8CAC2A85E/Runner.app/Frameworks/UserLeapKit.framework/sprig_web_assets.bundle/snippet.html,07/31/2026 15:03:12,07/31/2026 15:03:30,1609747,,iOS,WebKit,"Mozilla/5.0 (iPhone; CPU iPhone OS 18_7 like Mac OS X) AppleWebKit/605.1.15 (KHTML, like Gecko) Mobile/15E148",{},[App] Guide Viewed,4e94866a-5beb-4dfc-92de-ec9e5c89d55f,{},How likely are you to recommend SuperSummary to a friend or colleague?,10,promoter,What's the main reason for your score?,Helpful,Resourcefulness; Summaries,,,,,,,1,,1,,What's one thing you'd like to see added or improved on SuperSummary?,Don’t know,,,,,,,,,,,,,,1.21.1,other,other,,u_248025cf5096556b,[name],null,false,true,,[name],theo-of-golden,26.5.2,annual_plus,annual,4.27.0,Active Subscriber,true,Active Subscriber,2026-04-21T18:24:44.000-07:00,2,
349230,NPS Mobile App / Non-BCM,61a8b574-e781-4295-9187-1fc605d0c81c,file:///var/containers/Bundle/Application/45D5EA22-1341-43BE-8D26-296F7AFCA800/Runner.app/Frameworks/UserLeapKit.framework/sprig_web_assets.bundle/snippet.html,07/31/2026 13:36:37,07/31/2026 13:36:46,279698,,iOS,WebKit,"Mozilla/5.0 (Macintosh; Intel Mac OS X 10_15_7) AppleWebKit/605.1.15 (KHTML, like Gecko)",{},[App] Guide Viewed,378f34fb-5e05-4789-9791-7b148b220552,{},How likely are you to recommend SuperSummary to a friend or colleague?,10,promoter,What's the main reason for your score?,[skipped by user],,,,,,,,,,,,What's one thing you'd like to see added or improved on SuperSummary?,[skipped by user],,,,,,,,,,,,,,,other,other,,u_58fd6de6a64f10f1,[name],null,false,true,,[name],krapps-last-tape,,annual,annual,,Active Subscriber,true,Active Subscriber,2022-11-20T06:26:11.000-08:00,45,0
349230,NPS Mobile App / Non-BCM,0a6fb8bc-9eb8-48e0-b83d-bf404012c387,file:///android_asset/snippet.html,07/30/2026 11:53:25,07/30/2026 11:53:28,822905,,Android,Chrome WebView,"Mozilla/5.0 (Linux; Android 16; SM-S948U Build/BP4A.251205.006; wv) AppleWebKit/537.36 (KHTML, like Gecko) Version/4.0 Chrome/150.0.7871.181 Mobile Safari/537.36",{},[App] Guide Viewed,7124634e-eded-4ba9-85a5-4ebf1eb21666,{},,10,promoter,,[skipped by user],,,,,,,,,,,,,[skipped by user],,,,,,,,,[skipped by user],,,,,1.21.1,teacher,teacher,,u_9a948070d2d9eb98,[name],College,false,true,,[name],all-the-dangerous-things,16,annual,annual,2.17.8,Active Subscriber,true,Active Subscriber,2026-01-13T04:12:29.000-08:00,7,
349230,NPS Mobile App / Non-BCM,9f573c19-976b-4516-82d7-9781148c920f,file:///var/containers/Bundle/Application/B1125CAB-A263-4A97-81E5-5DC4B1DB94CB/Runner.app/Frameworks/UserLeapKit.framework/sprig_web_assets.bundle/snippet.html,07/29/2026 15:41:42,07/29/2026 15:41:51,233191,,iOS,WebKit,"Mozilla/5.0 (iPhone; CPU iPhone OS 18_7 like Mac OS X) AppleWebKit/605.1.15 (KHTML, like Gecko) Mobile/15E148",{},[App] Guide Viewed,9699434c-6105-462d-b1a1-0cf719f4b472,{},How likely are you to recommend SuperSummary to a friend or colleague?,10,promoter,What's the main reason for your score?,[skipped by user],,,,,,,,,,,,What's one thing you'd like to see added or improved on SuperSummary?,Nothing,,,,,,,,,,,,,,,student,student,,u_073ef91db38219d8,[name],other,false,true,,[name],,,,annual,,Active Subscriber,true,Active Subscriber,2022-07-29T08:24:18.000-07:00,18,0
349230,NPS Mobile App / Non-BCM,86fd68aa-2db4-494e-acd5-62b883b7911a,file:///var/containers/Bundle/Application/63F5754B-F3B4-4B66-9248-8AF3E8692CE6/Runner.app/Frameworks/UserLeapKit.framework/sprig_web_assets.bundle/snippet.html,07/29/2026 05:35:17,07/29/2026 05:35:18,1253903,,iOS,WebKit,"Mozilla/5.0 (iPhone; CPU iPhone OS 18_7 like Mac OS X) AppleWebKit/605.1.15 (KHTML, like Gecko) Mobile/15E148",{},[App] Guide Viewed,4db215c3-c1bf-4fd0-aed1-6b663d3f38f3,{},How likely are you to recommend SuperSummary to a friend or colleague?,8,passive,What's the main reason for your score?,[skipped by user],,,,,,,,,,,,What's one thing you'd like to see added or improved on SuperSummary?,[skipped by user],,,,,,,,,,,,,,1.15.5,other,other,,u_d448441e4d71ca37,[name],null,false,true,,[name],,26.2,annual,annual,4.25.2,,true,Active Subscriber,2025-07-06T12:59:23.000-07:00,13,
349230,NPS Mobile App / Non-BCM,099b6438-9b47-4871-9763-480ddc94d50c,file:///var/containers/Bundle/Application/9C50488A-5DA1-4D7E-AA58-6814F5F20B20/Runner.app/Frameworks/UserLeapKit.framework/sprig_web_assets.bundle/snippet.html,07/27/2026 13:29:17,07/27/2026 13:32:27,964342,,iOS,WebKit,"Mozilla/5.0 (iPhone; CPU iPhone OS 18_7 like Mac OS X) AppleWebKit/605.1.15 (KHTML, like Gecko) Mobile/15E148",{},[App] Guide Viewed,308070ef-c8f6-467f-ab38-be26c04469ef,{},How likely are you to recommend SuperSummary to a friend or colleague?,10,promoter,What's the main reason for your score?,"Because it makes it much easier to understand the book. For example, a book with a lot of characters that are very hard to keep track of can just be looked up Quicklyin SuperSummary.  Also, some things that aren’t clear with me when I’m reading are cleared up by reading a summary of the chapter that I’m having trouble with",Summaries,,,,,,,,,1,,What's one thing you'd like to see added or improved on SuperSummary?,[skipped by user],,,,,,,,,,,,,,1.21.1,other,other,,u_f1443b714fabe10e,[name],null,false,true,,[name],for-richer-for-poorer-danielle-steel,26.5.2,annual_essentials,annual,4.27.0,,true,Active Subscriber,2026-02-23T14:05:13.000-08:00,5,
349230,NPS Mobile App / Non-BCM,2b6fd066-bdc7-4660-ba73-18e175a6e7af,file:///var/containers/Bundle/Application/45066378-0D11-4045-AEEF-151CB411B817/Runner.app/Frameworks/UserLeapKit.framework/sprig_web_assets.bundle/snippet.html,07/27/2026 08:35:40,,1263038,,iOS,WebKit,"Mozilla/5.0 (iPhone; CPU iPhone OS 18_7 like Mac OS X) AppleWebKit/605.1.15 (KHTML, like Gecko) Mobile/15E148",{},[App] Guide Viewed,9c9441e6-d78e-4e32-b240-59b385dfd75c,{},How likely are you to recommend SuperSummary to a friend or colleague?,10,promoter,,,,,,,,,,,,,,,,,,,,,,,,,,,,,,student,student,,u_55e09b739b0cbe0b,[name],Middle School,false,true,,[name],,,annual,annual,,Active Subscriber,true,Active Subscriber,2025-07-18T02:12:13.000-07:00,13,
349230,NPS Mobile App / Non-BCM,c864147d-529f-4372-b985-e889f8d4dcf8,file:///var/containers/Bundle/Application/AF23813D-5CF7-4E6C-9FBA-1125E1F148F1/Runner.app/Frameworks/UserLeapKit.framework/sprig_web_assets.bundle/snippet.html,07/26/2026 19:40:28,07/26/2026 19:40:32,1551981,,iOS,WebKit,"Mozilla/5.0 (Macintosh; Intel Mac OS X 10_15_7) AppleWebKit/605.1.15 (KHTML, like Gecko)",{},[App] Guide Viewed,41aba659-9b8f-44b1-ab46-c1d2a87e29d3,{},How likely are you to recommend SuperSummary to a friend or colleague?,4,detractor,What's the main reason for your score?,[skipped by user],,,,,,,,,,,,What's one thing you'd like to see added or improved on SuperSummary?,[skipped by user],,,,,,,,,,,,,,1.21.1,other,other,,u_acf294bd06055974,[name],null,false,true,,[name],amos-fortune-free-man,26.5.2,annual_essentials,annual,4.27.0,Active Subscriber,true,Non Renewing Subscriber,2026-03-09T17:23:35.000-07:00,3,
349230,NPS Mobile App / Non-BCM,93e22c26-e056-475a-adee-5777c4e83f56,file:///var/containers/Bundle/Application/CDA3EEBD-A07F-49CA-A0B3-FCB34142F67F/Runner.app/Frameworks/UserLeapKit.framework/sprig_web_assets.bundle/snippet.html,07/26/2026 15:55:54,,110933,,iOS,WebKit,"Mozilla/5.0 (Macintosh; Intel Mac OS X 10_15_7) AppleWebKit/605.1.15 (KHTML, like Gecko)",{},[App] Guide Viewed,c1c29d54-1d47-496e-a4f4-91413788b272,{},How likely are you to recommend SuperSummary to a friend or colleague?,9,promoter,,,,,,,,,,,,,,,,,,,,,,,,,,,,,,other,other,,u_83782b814868f4cf,[name],null,false,true,,[name],brideshead-revisited,,annual,annual,,Active Subscriber,true,Active Subscriber,2025-10-29T14:04:40.000-07:00,7,
349230,NPS Mobile App / Non-BCM,04e3d21d-9f5c-4536-af42-26f0a28df02d,file:///var/containers/Bundle/Application/DA8DDCED-2C6D-4A38-ACC4-2A12A8248678/Runner.app/Frameworks/UserLeapKit.framework/sprig_web_assets.bundle/snippet.html,07/26/2026 02:07:14,,124607,,iOS,WebKit,"Mozilla/5.0 (iPhone; CPU iPhone OS 18_7 like Mac OS X) AppleWebKit/605.1.15 (KHTML, like Gecko) Mobile/15E148",{},[App] Guide Viewed,8a8b1bd4-0e87-4ff7-88fd-75a248e016c9,{},How likely are you to recommend SuperSummary to a friend or colleague?,10,promoter,,,,,,,,,,,,,,,,,,,,,,,,,,,,,,student,student,,u_61f77b0b6aa90d93,[name],Postgrad Program,false,true,2022-01-09T09:25:24.213-08:00,[name],,,,annual,,Active Subscriber,true,Active Subscriber,2021-12-03T08:27:58.000-08:00,25,2
349230,NPS Mobile App / Non-BCM,407fc165-4a7a-4139-a99d-236c44e024a6,file:///var/containers/Bundle/Application/C24512CD-F842-4994-ADEA-16DF0F7155A4/Runner.app/Frameworks/UserLeapKit.framework/sprig_web_assets.bundle/snippet.html,07/25/2026 15:25:39,,1242633,,iOS,WebKit,"Mozilla/5.0 (Macintosh; Intel Mac OS X 10_15_7) AppleWebKit/605.1.15 (KHTML, like Gecko)",{},[App] Guide Viewed,974d2977-1db8-4318-9f80-30d5320cf28e,{},How likely are you to recommend SuperSummary to a friend or colleague?,10,promoter,What's the main reason for your score?,Easy navigation,Usability,,,,,,,,,,1,,,,,,,,,,,,,,,,1.21.1,parent_of_student,parent_of_student,,u_05cb504d24330bc7,[name],other,false,true,,[name],death-of-the-author,17.7.11,,annual,4.27.0,Active Subscriber,true,Active Subscriber,2025-06-21T12:08:17.000-07:00,5,
349230,NPS Mobile App / Non-BCM,511d0a7d-0917-4a95-b168-cfcf3e553557,file:///var/containers/Bundle/Application/B2EE9D67-EA7E-48E9-9C6B-806A748712E8/Runner.app/Frameworks/UserLeapKit.framework/sprig_web_assets.bundle/snippet.html,07/25/2026 13:43:35,,1369713,,iOS,WebKit,"Mozilla/5.0 (iPhone; CPU iPhone OS 18_7 like Mac OS X) AppleWebKit/605.1.15 (KHTML, like Gecko) Mobile/15E148",{},[App] Guide Viewed,59d75633-a64d-43a7-baf9-c0b8f6312e9f,{},How likely are you to recommend SuperSummary to a friend or colleague?,10,promoter,What's the main reason for your score?,[skipped by user],,,,,,,,,,,,,,,,,,,,,,,,,,,1.21.1,student,student,,u_fcfd446ef98a07d8,[name],other,false,true,,[name],the-tempest,26.5.2,annual_plus,annual,4.27.0,Active Subscriber,true,Active Subscriber,2025-10-18T09:24:51.000-07:00,8,
349230,NPS Mobile App / Non-BCM,74186b4a-515b-454c-8530-16aeb8ead69a,file:///var/containers/Bundle/Application/24173E56-3D63-41FC-ADEB-1CD5BCA813F2/Runner.app/Frameworks/UserLeapKit.framework/sprig_web_assets.bundle/snippet.html,07/25/2026 13:33:36,07/25/2026 13:33:40,801557,,iOS,WebKit,"Mozilla/5.0 (iPhone; CPU iPhone OS 18_7 like Mac OS X) AppleWebKit/605.1.15 (KHTML, like Gecko) Mobile/15E148",{},[App] Guide Viewed,608866cc-0341-438c-a3ff-0e6ed0b7f696,{},How likely are you to recommend SuperSummary to a friend or colleague?,10,promoter,What's the main reason for your score?,[skipped by user],,,,,,,,,,,,What's one thing you'd like to see added or improved on SuperSummary?,[skipped by user],,,,,,,,,,,,,,1.21.1,teacher,teacher,,u_4bb25e2aa74d9663,[name],null,false,true,,[name],time-of-the-child,26.5.2,annual,annual,4.27.0,Active Subscriber,true,Active Subscriber,2024-11-11T05:07:10.000-08:00,18,
349230,NPS Mobile App / Non-BCM,f9ba50f8-d936-42af-896e-14000b248645,file:///var/containers/Bundle/Application/A1086A45-6F6F-442D-AF4E-823FA3D53F89/Runner.app/Frameworks/UserLeapKit.framework/sprig_web_assets.bundle/snippet.html,07/24/2026 23:24:12,,362977,,iOS,WebKit,"Mozilla/5.0 (iPhone; CPU iPhone OS 18_7 like Mac OS X) AppleWebKit/605.1.15 (KHTML, like Gecko) Mobile/15E148",{},[App] Guide Viewed,600ae2ea-85ad-4b2f-b2a0-f1f0a37965d6,{},How likely are you to recommend SuperSummary to a friend or colleague?,10,promoter,What's the main reason for your score?,[skipped by user],,,,,,,,,,,,,,,,,,,,,,,,,,,1.21.1,parent_of_student,parent_of_student,,u_492f8056ec6d6323,[name],Middle School,false,true,,[name],the-joy-luck-club,26.5,,annual,4.27.0,Active Subscriber,true,Active Subscriber,2024-10-06T16:07:45.000-07:00,16,
349230,NPS Mobile App / Non-BCM,4d822500-dd5c-41ac-8ea4-7acc7cc34da9,file:///var/containers/Bundle/Application/26131391-D920-4F4A-A514-5FC815F1F76C/Runner.app/Frameworks/UserLeapKit.framework/sprig_web_assets.bundle/snippet.html,07/24/2026 03:24:17,07/24/2026 03:24:22,16918,,iOS,WebKit,"Mozilla/5.0 (iPhone; CPU iPhone OS 18_7 like Mac OS X) AppleWebKit/605.1.15 (KHTML, like Gecko) Mobile/15E148",{},[App] Guide Viewed,ea74fb9c-2870-4764-88e1-d35b885d8c62,{},How likely are you to recommend SuperSummary to a friend or colleague?,5,detractor,What's the main reason for your score?,[skipped by user],,,,,,,,,,,,What's one thing you'd like to see added or improved on SuperSummary?,[skipped by user],,,,,,,,,,,,,,,other,other,,u_71eaaab15d51c56a,[name],null,false,true,,[name],bel-canto,,monthly,monthly,,Active Subscriber,true,Active Subscriber,2024-08-27T18:19:57.000-07:00,36,
349230,NPS Mobile App / Non-BCM,cdd63ccc-98bb-4dfc-a3f0-c11ed33d1aaa,file:///var/containers/Bundle/Application/AA9459C9-B94F-4DCD-B3ED-4ED1E2F10405/Runner.app/Frameworks/UserLeapKit.framework/sprig_web_assets.bundle/snippet.html,07/23/2026 23:00:24,07/23/2026 23:00:28,165327,,iOS,WebKit,"Mozilla/5.0 (iPhone; CPU iPhone OS 18_7 like Mac OS X) AppleWebKit/605.1.15 (KHTML, like Gecko) Mobile/15E148",{},[App] Guide Viewed,213fbaab-da8f-483e-924f-c64bfccd956a,{},How likely are you to recommend SuperSummary to a friend or colleague?,10,promoter,What's the main reason for your score?,[skipped by user],,,,,,,,,,,,What's one thing you'd like to see added or improved on SuperSummary?,[skipped by user],,,,,,,,,,,,,,,teacher,teacher,,u_b7a96a5a25b39dbd,[name],Middle School,false,true,2023-01-18T05:14:00.758-08:00,[name],wild-dark-shore,,annual_plus,annual,,Active Subscriber,true,Active Subscriber,2026-01-04T07:06:56.000-08:00,60,7
349230,NPS Mobile App / Non-BCM,e7971b21-fc1d-4dc7-84a3-d733725477ce,file:///var/containers/Bundle/Application/3E51C6C0-3B4A-4DF1-96DF-262A3C9A2089/Runner.app/Frameworks/UserLeapKit.framework/sprig_web_assets.bundle/snippet.html,07/23/2026 20:19:12,,1384566,,iOS,WebKit,"Mozilla/5.0 (iPhone; CPU iPhone OS 18_7 like Mac OS X) AppleWebKit/605.1.15 (KHTML, like Gecko) Mobile/15E148",{},[App] Guide Viewed,42d8f4a0-b36b-46cf-9772-e07539f04665,{},How likely are you to recommend SuperSummary to a friend or colleague?,10,promoter,,,,,,,,,,,,,,,,,,,,,,,,,,,,,,teacher,teacher,,u_429b4ed3cee63dda,[name],High School,false,true,,[name],the-odyssey,,annual,annual,,Active Subscriber,true,Active Subscriber,2025-10-29T08:01:15.000-07:00,9,
349230,NPS Mobile App / Non-BCM,a2eb6427-00fa-4731-840b-5da0f475eccf,file:///var/containers/Bundle/Application/38F5EFA2-B33E-4862-91F5-456F8C257E53/Runner.app/Frameworks/UserLeapKit.framework/sprig_web_assets.bundle/snippet.html,07/23/2026 19:13:57,,411670,,iOS,WebKit,"Mozilla/5.0 (iPhone; CPU iPhone OS 18_7 like Mac OS X) AppleWebKit/605.1.15 (KHTML, like Gecko) Mobile/15E148",{},[App] Guide Viewed,795770e3-0c14-4ebd-86d2-d56cc4de1f00,{},How likely are you to recommend SuperSummary to a friend or colleague?,10,promoter,,,,,,,,,,,,,,,,,,,,,,,,,,,,,,parent_of_student,parent_of_student,,u_3dd3cf24e2460788,[name],other,false,true,,[name],the-women-of-chateau-lafayette,,,annual,,Active Subscriber,true,Active Subscriber,2023-09-11T12:11:33.000-07:00,11,0
349230,NPS Mobile App / Non-BCM,04dfd8ad-32a1-4ab1-b2b8-02253fa9f171,file:///var/containers/Bundle/Application/B603D925-3759-42EC-8073-7CBBDD35F67B/Runner.app/Frameworks/UserLeapKit.framework/sprig_web_assets.bundle/snippet.html,07/22/2026 00:52:36,07/22/2026 00:52:40,195579,,iOS,WebKit,"Mozilla/5.0 (iPhone; CPU iPhone OS 18_7 like Mac OS X) AppleWebKit/605.1.15 (KHTML, like Gecko) Mobile/15E148",{},[App] Guide Viewed,6b7fbcb0-f73f-4edb-8f4b-e2cccc5410d4,{},How likely are you to recommend SuperSummary to a friend or colleague?,9,promoter,What's the main reason for your score?,[skipped by user],,,,,,,,,,,,What's one thing you'd like to see added or improved on SuperSummary?,[skipped by user],,,,,,,,,,,,,,1.21.1,teacher,teacher,,u_65636b7b24c38d4f,[name],other,false,true,,[name],tales-of-a-fourth-grade-nothing,26.5.2,annual,annual,4.27.0,Active Subscriber,true,Active Subscriber,2025-06-30T10:38:26.000-07:00,13,
349230,NPS Mobile App / Non-BCM,434ec22b-10dc-4e55-9baf-7652abe58423,file:///android_asset/snippet.html,07/21/2026 21:04:37,,393739,,Android,Chrome WebView,"Mozilla/5.0 (Linux; Android 16; SM-S921U Build/BP4A.251205.006; wv) AppleWebKit/537.36 (KHTML, like Gecko) Version/4.0 Chrome/150.0.7871.124 Mobile Safari/537.36",{},[App] Guide Viewed,987245b6-ae53-4aae-b07e-1f63da873bdf,{},,8,passive,,,,,,,,,,,,,,,,,,,,,,,,,,,,,1.21.1,parent_of_student,parent_of_student,,u_1718dd58acbe05e6,[name],College,false,true,,[name],why-nations-fail,16,annual,annual,2.17.8,Active Subscriber,true,Active Subscriber,2023-08-03T20:17:11.000-07:00,37,0
349230,NPS Mobile App / Non-BCM,980b6fe4-8d0b-4073-8141-6556fbe4689c,file:///android_asset/snippet.html,07/21/2026 11:15:24,,961175,,Android,Chrome WebView,"Mozilla/5.0 (Linux; Android 16; SM-A356U Build/BP4A.251205.006; wv) AppleWebKit/537.36 (KHTML, like Gecko) Version/4.0 Chrome/150.0.7871.46 Mobile Safari/537.36",{},[App] Guide Viewed,3c94ec6b-0275-436d-8777-9f469feea90c,{},,8,passive,,,,,,,,,,,,,,,,,,,,,,,,,,,,,1.19.0,parent_of_student,parent_of_student,,u_9a110cddc7178a1a,[name],Middle School,false,true,,[name],dear-martin,16,,annual,2.17.8,Active Subscriber,true,Active Subscriber,2025-01-27T12:09:04.000-08:00,9,
349230,NPS Mobile App / Non-BCM,0b40e31e-565f-4809-a917-0f322bfb9f71,file:///android_asset/snippet.html,07/20/2026 18:32:07,,1398058,,Android,Chrome WebView,"Mozilla/5.0 (Linux; Android 16; 25080RABDI Build/BP2A.250605.031.A3; wv) AppleWebKit/537.36 (KHTML, like Gecko) Version/4.0 Chrome/150.0.7871.46 Mobile Safari/537.36",{},[App] Guide Viewed,46ca0b96-e959-4d1a-8f3b-1e863360f7ca,{},,10,promoter,,[skipped by user],,,,,,,,,,,,,[skipped by user],,,,,,,,,,,,,,1.17.2,parent_of_student,parent_of_student,,u_66142d14bf825d87,[name],Postgrad Program,false,true,,[name],,16,annual_essentials,annual,2.17.8,,true,Active Subscriber,2025-11-08T05:03:30.000-08:00,9,
349230,NPS Mobile App / Non-BCM,a392e68b-0eea-4996-8cf2-9dae9869fd5d,file:///var/containers/Bundle/Application/2FB1519C-E1E3-4F31-AD97-7148B594FBE5/Runner.app/Frameworks/UserLeapKit.framework/sprig_web_assets.bundle/snippet.html,07/20/2026 14:15:27,07/20/2026 14:15:32,1478829,,iOS,WebKit,"Mozilla/5.0 (iPhone; CPU iPhone OS 18_7 like Mac OS X) AppleWebKit/605.1.15 (KHTML, like Gecko) Mobile/15E148",{},[App] Guide Viewed,7c3d20a6-21f3-4804-aa99-4605eaa231df,{},How likely are you to recommend SuperSummary to a friend or colleague?,9,promoter,What's the main reason for your score?,[skipped by user],,,,,,,,,,,,What's one thing you'd like to see added or improved on SuperSummary?,[skipped by user],,,,,,,,,,,,,,,teacher,teacher,,u_78727d6487eea268,[name],Postgrad Program,false,true,,[name],a-world-appears,,annual_plus,annual,,Active Subscriber,true,Active Subscriber,2026-01-19T08:29:17.000-08:00,5,
349230,NPS Mobile App / Non-BCM,0acbbca1-4c38-4147-b42c-405f648cd38f,file:///var/containers/Bundle/Application/5C869E0A-25BB-4C8F-83CE-0698256E5652/Runner.app/Frameworks/UserLeapKit.framework/sprig_web_assets.bundle/snippet.html,07/19/2026 18:09:59,,511976,,iOS,WebKit,"Mozilla/5.0 (iPhone; CPU iPhone OS 18_7 like Mac OS X) AppleWebKit/605.1.15 (KHTML, like Gecko) Mobile/15E148",{},[App] Guide Viewed,f5e9ab35-e4e7-4bee-a137-08170f71cf2c,{},How likely are you to recommend SuperSummary to a friend or colleague?,10,promoter,,,,,,,,,,,,,,,,,,,,,,,,,,,,,,teacher,teacher,,u_4915a638033a1a30,[name],Middle School,false,true,,[name],a-separate-peace,,annual,annual,,Active Subscriber,true,Active Subscriber,2024-03-12T14:25:31.000-07:00,28,0
349230,NPS Mobile App / Non-BCM,7389e645-5edb-478a-9f4f-9c8e3591fc36,file:///var/containers/Bundle/Application/F1100911-5F42-4143-86C2-C5BE72E866ED/Runner.app/Frameworks/UserLeapKit.framework/sprig_web_assets.bundle/snippet.html,07/19/2026 16:16:46,,1244532,,iOS,WebKit,"Mozilla/5.0 (iPhone; CPU iPhone OS 18_7 like Mac OS X) AppleWebKit/605.1.15 (KHTML, like Gecko) Mobile/15E148",{},[App] Guide Viewed,0ed8c7d9-caea-4e3d-9185-f9a08adc7789,{},How likely are you to recommend SuperSummary to a friend or colleague?,10,promoter,,,,,,,,,,,,,,,,,,,,,,,,,,,,,,parent_of_student,parent_of_student,,u_eea0e1540b98bab8,[name],High School,false,true,,[name],the-hobbit,,annual,annual,,Active Subscriber,true,Active Subscriber,2025-06-23T17:47:41.000-07:00,13,
349230,NPS Mobile App / Non-BCM,12f98df5-9d26-4e18-a8bd-996a2eb417b6,file:///var/containers/Bundle/Application/6F7D1215-BC75-4EE8-9211-E2CFEFD278D7/Runner.app/Frameworks/UserLeapKit.framework/sprig_web_assets.bundle/snippet.html,07/18/2026 20:45:26,,183641,,iOS,WebKit,"Mozilla/5.0 (iPhone; CPU iPhone OS 18_7 like Mac OS X) AppleWebKit/605.1.15 (KHTML, like Gecko) Mobile/15E148",{},[App] Guide Viewed,c39edc86-f21d-4eab-8bb0-f738a314cb2f,{},How likely are you to recommend SuperSummary to a friend or colleague?,10,promoter,What's the main reason for your score?,Useful,Resourcefulness; Convenience,,,,,,1,1,,,,,,,,,,,,,,,,,,,,teacher,teacher,,u_086e2c53cf8967bf,[name],High School,false,true,2022-03-28T04:30:40.952-07:00,[name],the-dog-stars,,annual,annual,,Active Subscriber,true,Active Subscriber,2022-03-28T04:20:51.000-07:00,53,3
349230,NPS Mobile App / Non-BCM,dd5fd64f-9160-40ce-8ad1-b4e7d4cfb96c,file:///var/containers/Bundle/Application/3EE36636-CD56-4ABD-BE6E-0B6AB29E215E/Runner.app/Frameworks/UserLeapKit.framework/sprig_web_assets.bundle/snippet.html,07/18/2026 03:29:01,07/18/2026 03:30:31,1657811,,iOS,WebKit,"Mozilla/5.0 (iPhone; CPU iPhone OS 18_7 like Mac OS X) AppleWebKit/605.1.15 (KHTML, like Gecko) Mobile/15E148",{},[App] Guide Viewed,27c2ecca-e15c-4b2b-aee3-fe5bfd008a06,{},How likely are you to recommend SuperSummary to a friend or colleague?,5,detractor,What's the main reason for your score?,Good for briefing but many details r missing.,Summaries,,,,,,,,,1,,What's one thing you'd like to see added or improved on SuperSummary?,More details should be added,Content Quality,,1,,,,,,,,,,,,teacher,teacher,,u_f2051ba71c1805f4,[name],Postgrad Program,false,true,,[name],georges-secret-key-to-the-universe,,annual_plus,annual,,Active Subscriber,true,Active Subscriber,2026-05-28T07:47:29.000-07:00,2,
349230,NPS Mobile App / Non-BCM,fd87b5b2-b808-4928-b83f-d930467ea7c2,file:///var/containers/Bundle/Application/E47983BB-94A0-4AC8-88CD-9B2C5D3CAF67/Runner.app/Frameworks/UserLeapKit.framework/sprig_web_assets.bundle/snippet.html,07/18/2026 01:52:41,,957154,,iOS,WebKit,"Mozilla/5.0 (iPhone; CPU iPhone OS 18_7 like Mac OS X) AppleWebKit/605.1.15 (KHTML, like Gecko) Mobile/15E148",{},[App] Guide Viewed,f4e7713c-ed78-429c-b568-e171962ead05,{},How likely are you to recommend SuperSummary to a friend or colleague?,10,promoter,What's the main reason for your score?,Excellent source,Resourcefulness,,,,,,,1,,,,,,,,,,,,,,,,,,,,other,other,,u_0a60fbecd782743a,[name],null,false,true,,[name],the-new-life,,annual,annual,,Active Subscriber,true,Active Subscriber,2025-01-26T04:23:54.000-08:00,18,
349230,NPS Mobile App / Non-BCM,d6d70616-5625-40c1-b2ff-f3078fb331d0,file:///var/containers/Bundle/Application/1A501B01-1560-473F-BB13-D95DFB805DCC/Runner.app/Frameworks/UserLeapKit.framework/sprig_web_assets.bundle/snippet.html,07/18/2026 00:44:39,07/18/2026 00:44:40,390876,,iOS,WebKit,"Mozilla/5.0 (iPhone; CPU iPhone OS 18_7 like Mac OS X) AppleWebKit/605.1.15 (KHTML, like Gecko) Mobile/15E148",{},[App] Guide Viewed,2a3cf276-182a-4d81-99b8-85dbc6154bf9,{},How likely are you to recommend SuperSummary to a friend or colleague?,7,passive,What's the main reason for your score?,[skipped by user],,,,,,,,,,,,What's one thing you'd like to see added or improved on SuperSummary?,[skipped by user],,,,,,,,,,,,,,,student,student,,u_2394ecf9b3950728,[name],High School,false,true,,[name],the-pillow-book,,annual,annual,,Active Subscriber,true,Active Subscriber,2023-07-24T04:25:05.000-07:00,33,0
349230,NPS Mobile App / Non-BCM,e82acf51-3086-4376-8c83-c55030d57115,file:///var/containers/Bundle/Application/1D42446F-B033-4506-B781-2A1B1DF350A8/Runner.app/Frameworks/UserLeapKit.framework/sprig_web_assets.bundle/snippet.html,07/17/2026 22:59:43,07/17/2026 23:00:11,389939,,iOS,WebKit,"Mozilla/5.0 (Macintosh; Intel Mac OS X 10_15_7) AppleWebKit/605.1.15 (KHTML, like Gecko)",{},[App] Guide Viewed,34f766cd-a9e9-4635-8764-373dd6a44331,{},How likely are you to recommend SuperSummary to a friend or colleague?,7,passive,What's the main reason for your score?,I don’t know,,,,,,,,,,,,What's one thing you'd like to see added or improved on SuperSummary?,Nothing,,,,,,,,,,,,,,,parent_of_student,parent_of_student,,u_8cec1168018862c5,[name],null,false,true,,[name],here-one-moment,,annual_plus,annual,,Active Subscriber,true,Active Subscriber,2026-05-15T19:23:44.000-07:00,14,0
349230,NPS Mobile App / Non-BCM,1a20d676-f9d8-4343-8d3a-03ab89bebd70,file:///var/containers/Bundle/Application/9DBACF1B-9A39-4F0E-BFC6-575E434EDFA5/Runner.app/Frameworks/UserLeapKit.framework/sprig_web_assets.bundle/snippet.html,07/17/2026 21:00:01,,536648,,iOS,WebKit,"Mozilla/5.0 (iPhone; CPU iPhone OS 18_7 like Mac OS X) AppleWebKit/605.1.15 (KHTML, like Gecko) Mobile/15E148",{},[App] Guide Viewed,3b76cd3c-ccce-4499-8347-f8c6789e4617,{},How likely are you to recommend SuperSummary to a friend or colleague?,10,promoter,What's the main reason for your score?,[skipped by user],,,,,,,,,,,,,,,,,,,,,,,,,,,,student,student,,u_2dd7bee8fffd62c2,[name],College,false,true,,[name],the-road-of-bones-demi-winters,,annual,annual,,Active Subscriber,true,Active Subscriber,2025-04-09T17:39:58.000-07:00,21,0
349230,NPS Mobile App / Non-BCM,b8ec2d39-4885-44be-9a4d-d9704db079c3,file:///var/containers/Bundle/Application/62FB001F-373E-4279-B16C-C6EF64346557/Runner.app/Frameworks/UserLeapKit.framework/sprig_web_assets.bundle/snippet.html,07/17/2026 16:13:42,,459283,,iOS,WebKit,"Mozilla/5.0 (iPhone; CPU iPhone OS 18_7 like Mac OS X) AppleWebKit/605.1.15 (KHTML, like Gecko) Mobile/15E148",{},[App] Guide Viewed,413ba332-0318-438c-8b68-b1a52d6fa3dc,{},How likely are you to recommend SuperSummary to a friend or colleague?,10,promoter,,,,,,,,,,,,,,,,,,,,,,,,,,,,,,book_club_member,student,,u_db42ed0beec85397,[name],null,false,true,,[name],lichtspiel,,annual,annual,,Active Subscriber,true,Active Subscriber,2023-11-28T08:38:32.000-08:00,32,0
349230,NPS Mobile App / Non-BCM,c5d32f46-2cae-446a-bf43-43bfb8690775,file:///var/containers/Bundle/Application/E76A5232-0C58-408B-92E0-A91C19B4A050/Runner.app/Frameworks/UserLeapKit.framework/sprig_web_assets.bundle/snippet.html,07/16/2026 21:47:30,,259981,,iOS,WebKit,"Mozilla/5.0 (iPhone; CPU iPhone OS 18_7 like Mac OS X) AppleWebKit/605.1.15 (KHTML, like Gecko) Mobile/15E148",{},[App] Guide Viewed,525aef2e-6043-4a07-b7da-0ea1b3c31375,{},How likely are you to recommend SuperSummary to a friend or colleague?,10,promoter,What's the main reason for your score?,[skipped by user],,,,,,,,,,,,,,,,,,,,,,,,,,,0.3.1,book_club_member,parent_of_student,"iPhone14,5",u_67e43670af4f73ba,[name],null,false,true,2023-10-21T12:52:04.454-07:00,[name],heartwood-amity-gaige,17.4.1,annual_subscription_36-USD,annual,4.4.3,Active Subscriber,true,Active Subscriber,2025-11-04T12:57:45.000-08:00,38,4
349230,NPS Mobile App / Non-BCM,d5a140fd-8887-4833-bbc7-79836a8a010e,file:///var/containers/Bundle/Application/FEAAD0DC-4C4D-40C8-887A-A7DC47F4A4E1/Runner.app/Frameworks/UserLeapKit.framework/sprig_web_assets.bundle/snippet.html,07/16/2026 20:56:42,,12529,,iOS,WebKit,"Mozilla/5.0 (Macintosh; Intel Mac OS X 10_15_7) AppleWebKit/605.1.15 (KHTML, like Gecko)",{},[App] Guide Viewed,58b1e510-a75f-4ab6-8d2d-631bf443b70c,{},How likely are you to recommend SuperSummary to a friend or colleague?,10,promoter,,,,,,,,,,,,,,,,,,,,,,,,,,,,,,teacher,teacher,,u_a2a7f643e5d94d04,[name],other,false,true,2023-03-21T21:03:23.163-07:00,[name],reconstructing-amelia,,,annual,,Active Subscriber,true,Active Subscriber,2020-10-16T21:09:17.000-07:00,75,3
349230,NPS Mobile App / Non-BCM,10467b3a-1586-4ed1-a1d1-137944f2afe2,file:///android_asset/snippet.html,07/16/2026 19:12:11,,1601951,,Android,Chrome WebView,"Mozilla/5.0 (Linux; Android 15; SM-G991U Build/AP3A.240905.015.A2; wv) AppleWebKit/537.36 (KHTML, like Gecko) Version/4.0 Chrome/150.0.7871.46 Mobile Safari/537.36",{},[App] Guide Viewed,db26acb0-15cc-45ad-a5f8-e264b9973c00,{},,10,promoter,,,,,,,,,,,,,,,,,,,,,,,,,,,,,,other,other,,u_8a8f9b777325e360,[name],null,false,true,,[name],yesteryear-caro-claire-burke,,annual_essentials,annual,,Active Subscriber,true,Active Subscriber,2026-04-16T06:47:11.000-07:00,2,
349230,NPS Mobile App / Non-BCM,f9b18f59-7e1a-4e80-809a-26fee1259359,file:///var/containers/Bundle/Application/C357BBCE-028E-402A-9CA8-7DD09E6941CD/Runner.app/Frameworks/UserLeapKit.framework/sprig_web_assets.bundle/snippet.html,07/15/2026 17:21:54,,1457009,,iOS,WebKit,"Mozilla/5.0 (iPhone; CPU iPhone OS 18_7 like Mac OS X) AppleWebKit/605.1.15 (KHTML, like Gecko) Mobile/15E148",{},[App] Guide Viewed,c92e1e55-60de-435e-a9aa-e7613045034d,{},How likely are you to recommend SuperSummary to a friend or colleague?,10,promoter,,,,,,,,,,,,,,,,,,,,,,,,,,,,,,teacher,teacher,,u_c2fe0ae0ea11740b,[name],High School,false,true,,[name],dumplin,,annual_plus,annual,,Active Subscriber,true,Active Subscriber,2026-01-01T09:59:46.000-08:00,6,
349230,NPS Mobile App / Non-BCM,b85c8715-36f0-44d4-84e7-d14136fb737d,file:///android_asset/snippet.html,07/15/2026 09:00:23,,1252450,,Android,Chrome WebView,"Mozilla/5.0 (Linux; Android 14; A75 Pro 5G Build/UP1A.231005.007; wv) AppleWebKit/537.36 (KHTML, like Gecko) Version/4.0 Chrome/149.0.7827.159 Mobile Safari/537.36",{},[App] Guide Viewed,8aeac973-b8c3-40c3-bd92-8ef8fece5c94,{},,10,promoter,,,,,,,,,,,,,,,,,,,,,,,,,,,,,1.9.1,student,other,,u_a210edc386948c5c,[name],null,false,true,,[name],from-blood-and-ash,14,monthly_plus_google-16-65-AUD,monthly,2.5.3,,true,Active Subscriber,2026-03-28T21:51:28.000-07:00,9,
349230,NPS Mobile App / Non-BCM,32dc9501-2e6e-410b-bba7-215002de93a6,file:///var/containers/Bundle/Application/F11ED5BF-75DF-43E8-A2F8-C5BCE9E6C4E1/Runner.app/Frameworks/UserLeapKit.framework/sprig_web_assets.bundle/snippet.html,07/15/2026 00:37:49,07/15/2026 00:39:25,367956,,iOS,WebKit,"Mozilla/5.0 (iPhone; CPU iPhone OS 18_7 like Mac OS X) AppleWebKit/605.1.15 (KHTML, like Gecko) Mobile/15E148",{},[App] Guide Viewed,5bd0a2c3-fffe-4e33-8e60-080cffdf699a,{},How likely are you to recommend SuperSummary to a friend or colleague?,9,promoter,What's the main reason for your score?,Helpful to me understanding,Summaries,,,,,,,,,1,,What's one thing you'd like to see added or improved on SuperSummary?,"A sentence or two from Reviews by reputable sources like the NYorker, Times, Kirby’s",Content Quality,,1,,,,,,,,,,,,other,other,,u_deced88e3550d283,[name],null,false,true,,[name],this-story-might-save-your-life,,annual,annual,,Active Subscriber,true,Active Subscriber,2024-10-09T09:36:46.000-07:00,22,
349230,NPS Mobile App / Non-BCM,f07e45c3-14d4-4c5c-ae68-9afe7e5e45d6,file:///var/containers/Bundle/Application/1626465D-D8F4-421E-84CC-17C73CD9203A/Runner.app/Frameworks/UserLeapKit.framework/sprig_web_assets.bundle/snippet.html,07/13/2026 04:59:04,07/13/2026 04:59:44,228664,,iOS,WebKit,"Mozilla/5.0 (iPhone; CPU iPhone OS 18_7 like Mac OS X) AppleWebKit/605.1.15 (KHTML, like Gecko) Mobile/15E148",{},[App] Guide Viewed,df623d0e-6c3c-41cd-85ef-c692ac1faadc,{},How likely are you to recommend SuperSummary to a friend or colleague?,10,promoter,What's the main reason for your score?,Comprehensive summary and analysis of book,Content Quality,,,,,1,,,,,,What's one thing you'd like to see added or improved on SuperSummary?,NA,,,,,,,,,,,,,,,book_club_member,student,,u_f38c9cb64d4149ad,[name],null,false,true,2023-01-27T15:15:04.457-08:00,[name],oliver-twist,,,annual,,Active Subscriber,true,Active Subscriber,2023-06-23T17:53:08.000-07:00,32,2
349230,NPS Mobile App / Non-BCM,a885d56a-33f3-4d89-9596-3cabc6ef2a10,file:///var/containers/Bundle/Application/1ED1CB3E-E604-41EE-B1DC-14961F00E19D/Runner.app/Frameworks/UserLeapKit.framework/sprig_web_assets.bundle/snippet.html,07/12/2026 15:13:21,,1306976,,iOS,WebKit,"Mozilla/5.0 (iPhone; CPU iPhone OS 18_7 like Mac OS X) AppleWebKit/605.1.15 (KHTML, like Gecko) Mobile/15E148",{},[App] Guide Viewed,1b7d1668-0c03-4edc-ab0d-85f212d82c01,{},How likely are you to recommend SuperSummary to a friend or colleague?,10,promoter,,,,,,,,,,,,,,,,,,,,,,,,,,,,,1.15.5,student,student,,u_e5cb74ee4bb63f19,[name],College,false,true,,[name],quicksilver,26.2,annual_subscription_36-USD,annual,4.25.2,Active Subscriber,true,Active Subscriber,2025-09-06T17:57:39.000-07:00,9,
349230,NPS Mobile App / Non-BCM,8fdaee38-abf2-49ce-bebb-3fd190a18d39,file:///var/containers/Bundle/Application/A02A0451-9C02-4A0C-90C7-DC8466F1835D/Runner.app/Frameworks/UserLeapKit.framework/sprig_web_assets.bundle/snippet.html,07/12/2026 13:56:33,,1240324,,iOS,WebKit,"Mozilla/5.0 (Macintosh; Intel Mac OS X 10_15_7) AppleWebKit/605.1.15 (KHTML, like Gecko)",{},[App] Guide Viewed,b75232ab-5ae9-4a74-8d36-e5a4f8eacc29,{},How likely are you to recommend SuperSummary to a friend or colleague?,7,passive,,,,,,,,,,,,,,,,,,,,,,,,,,,,,,teacher,teacher,,u_5e2ab50ed4ea8b25,[name],College,false,true,,[name],the-player-of-games,,annual,annual,,Active Subscriber,true,Active Subscriber,2025-07-06T22:13:12.000-07:00,12,
349230,NPS Mobile App / Non-BCM,d0f457cf-07ba-4963-b8c4-9b1ba7d2a68d,file:///var/containers/Bundle/Application/AF99F1B6-11DC-478F-A4CD-B8888994F8A2/Runner.app/Frameworks/UserLeapKit.framework/sprig_web_assets.bundle/snippet.html,07/09/2026 16:01:36,07/09/2026 16:15:17,722486,,iOS,WebKit,"Mozilla/5.0 (iPhone; CPU iPhone OS 17_6_1 like Mac OS X) AppleWebKit/605.1.15 (KHTML, like Gecko) Mobile/15E148",{},[App] Guide Viewed,1a1c3a15-aead-4670-9a50-45072cc2625a,{},How likely are you to recommend SuperSummary to a friend or colleague?,10,promoter,What's the main reason for your score?,"Super sunmary is so thorough in looking at every aspect of a book whether you want to use it as a review after you’ve read a book (in the case of a series before you start the next one in a series) or do what I do & treat is as a lesson plan extension to enrich my independent reading as an adult. Whether it’s orienting you to the time period when the book was written & the background on the author or making sure you’re aware of important concepts so I don’t miss them, super summary is invaluable to a forever learner and bibliophile like me!",Summaries,,,,,,,,,1,,What's one thing you'd like to see added or improved on SuperSummary?,Possibly more quotes from each book,Content Quality,,1,,,,,Is there a book you've searched for on SuperSummary but couldn't find?,The Raven: A Biography of Sam Houston by Marquis James. This won the Pulitzer Prize & Ken Burns mentioned it was his favorite book and the book he’d make into a feature film if given the funds.,Specific Book Missing,,,1,,other,other,,u_209d1569fcf52628,[name],null,false,true,,[name],1q84,,,annual,,Active Subscriber,true,Active Subscriber,2024-10-11T11:06:01.000-07:00,3,
349230,NPS Mobile App / Non-BCM,09382881-773c-4b35-b497-1bc37b1e65a5,file:///android_asset/snippet.html,07/09/2026 13:08:01,07/09/2026 13:09:17,1524089,,Android,Chrome WebView,"Mozilla/5.0 (Linux; Android 16; 24069RA21C Build/BP2A.250605.031.A3; wv) AppleWebKit/537.36 (KHTML, like Gecko) Version/4.0 Chrome/150.0.7871.46 Mobile Safari/537.36",{},[App] Guide Viewed,91714e11-ce99-45e3-a6f7-8e8d0eea3197,{},,8,passive,,I like how detailed it is.,Content Quality,,,,,1,,,,,,,It feels that it's written by AI.,Content Quality,,1,,,,,,Many!,Recall Difficulty,,1,,,teacher,teacher,,u_4a72e877f81b8945,[name],High School,false,true,,[name],the-faraway-inn,,annual_essentials,annual,,Active Subscriber,true,Active Subscriber,2026-03-12T01:26:04.000-07:00,4,
349230,NPS Mobile App / Non-BCM,0c0cca25-8a08-4b5d-b977-723ad05831a7,file:///var/containers/Bundle/Application/09E0BB57-5D4A-4C22-8F4C-BD827FCE7353/Runner.app/Frameworks/UserLeapKit.framework/sprig_web_assets.bundle/snippet.html,07/08/2026 23:10:50,,625654,,iOS,WebKit,"Mozilla/5.0 (iPhone; CPU iPhone OS 18_7 like Mac OS X) AppleWebKit/605.1.15 (KHTML, like Gecko) Mobile/15E148",{},[App] Guide Viewed,fdbf586c-4bc1-4201-8652-0811650100d2,{},How likely are you to recommend SuperSummary to a friend or colleague?,10,promoter,,,,,,,,,,,,,,,,,,,,,,,,,,,,,,teacher,teacher,,u_576660091c31ed6a,[name],Middle School,false,true,,[name],the-measure,,annual,annual,,Active Subscriber,true,Active Subscriber,2024-08-12T11:32:28.000-07:00,24,
349230,NPS Mobile App / Non-BCM,ab206204-7aee-40f9-bd25-058c14460139,file:///var/containers/Bundle/Application/0CE05E04-E95D-45D2-89C2-1D59D9C66B64/Runner.app/Frameworks/UserLeapKit.framework/sprig_web_assets.bundle/snippet.html,07/07/2026 19:46:51,07/07/2026 19:48:25,1060186,,iOS,WebKit,"Mozilla/5.0 (iPhone; CPU iPhone OS 18_7 like Mac OS X) AppleWebKit/605.1.15 (KHTML, like Gecko) Mobile/15E148",{},[App] Guide Viewed,833ed3d1-e7fe-40c2-a81d-66edc41b66f6,{},How likely are you to recommend SuperSummary to a friend or colleague?,10,promoter,What's the main reason for your score?,This app really helps me prepare before test and understand books on a better level.,Study Aid,,,,,,,,1,,,What's one thing you'd like to see added or improved on SuperSummary?,I would like to add more help with homework based on the book.,Educational Resources,,,1,,,,Is there a book you've searched for on SuperSummary but couldn't find?,[skipped by user],,,,,,student,student,,u_31ec72db1d2cddc9,[name],High School,false,true,,[name],away-megan-e-freeman,,annual_plus,annual,,Active Subscriber,true,Active Subscriber,2025-11-04T04:43:37.000-08:00,9,
349230,NPS Mobile App / Non-BCM,15cbf06f-3463-4725-b65b-4d45efe89a32,file:///var/containers/Bundle/Application/7DA4B1FE-D97F-49A8-8C02-7C6FC5028AC8/Runner.app/Frameworks/UserLeapKit.framework/sprig_web_assets.bundle/snippet.html,07/06/2026 15:32:55,07/06/2026 15:33:35,1581793,,iOS,WebKit,"Mozilla/5.0 (iPhone; CPU iPhone OS 18_7 like Mac OS X) AppleWebKit/605.1.15 (KHTML, like Gecko) Mobile/15E148",{},[App] Guide Viewed,9431144b-16b5-4569-b48c-1d7b6460c142,{},How likely are you to recommend SuperSummary to a friend or colleague?,8,passive,What's the main reason for your score?,Seems quite good but I've used it only once,Usability,,,,,,,,,,1,What's one thing you'd like to see added or improved on SuperSummary?,.,,,,,,,,,,,,,,,other,other,,u_c8353eefb9d2e91a,[name],null,false,true,,[name],catcher-in-the-rye,,annual_plus,annual,,Active Subscriber,true,Active Subscriber,2026-03-31T11:07:22.000-07:00,4,
349230,NPS Mobile App / Non-BCM,9f259680-7570-46d0-a9a7-e1fe01cb7704,file:///var/containers/Bundle/Application/048CEA26-E2AD-4C4E-8746-DE175E7E4104/Runner.app/Frameworks/UserLeapKit.framework/sprig_web_assets.bundle/snippet.html,07/04/2026 22:39:00,07/04/2026 22:39:49,1650219,,iOS,WebKit,"Mozilla/5.0 (iPhone; CPU iPhone OS 18_7 like Mac OS X) AppleWebKit/605.1.15 (KHTML, like Gecko) Mobile/15E148",{},[App] Guide Viewed,6c418bf4-bc77-4ccc-a31e-8bdd34d58edb,{},How likely are you to recommend SuperSummary to a friend or colleague?,10,promoter,What's the main reason for your score?,Adds so much to my understanding of what I read.,Summaries,,,,,,,,,1,,What's one thing you'd like to see added or improved on SuperSummary?,Nothing I can think of.,,,,,,,,,,,,,,,other,other,,u_510fd4bfbef4f950,[name],null,false,true,,[name],brooklyn,,annual_plus,annual,,Active Subscriber,true,Active Subscriber,2026-05-21T08:08:48.000-07:00,2,
349230,NPS Mobile App / Non-BCM,d86101f5-19fa-4f63-bbe5-eb1f09158ad7,file:///var/containers/Bundle/Application/A6B80695-6DE9-4EA0-AE05-A87B10A25A72/Runner.app/Frameworks/UserLeapKit.framework/sprig_web_assets.bundle/snippet.html,07/03/2026 01:10:49,07/03/2026 01:10:51,1554875,,iOS,WebKit,"Mozilla/5.0 (iPhone; CPU iPhone OS 18_7 like Mac OS X) AppleWebKit/605.1.15 (KHTML, like Gecko) Mobile/15E148",{},[App] Guide Viewed,5310651e-2601-45bc-bbd9-d699a4e9c523,{},How likely are you to recommend SuperSummary to a friend or colleague?,7,passive,What's the main reason for your score?,[skipped by user],,,,,,,,,,,,What's one thing you'd like to see added or improved on SuperSummary?,[skipped by user],,,,,,,,,,,,,,,librarian,librarian,,u_50f9de6f243c2536,[name],null,false,true,,[name],storm-breaker,,annual_plus,annual,,Active Subscriber,true,Active Subscriber,2026-03-11T11:08:42.000-07:00,3,
