surveyId,surveyName,visitorId,href,createdAt,completedAt,userId,partnerAnonymousId,os,browser,userAgent,customMetadata,triggeringEvent,responseGroupUid,eventProperties,Q1_Question_Text,Q1_Response,Q1_Choice_1,Q1_Choice_2,Q1_Choice_3,Q1_Choice_4,Q1_Choice_5,Q1_Response_Other,Q2_Question_Text,Q2_Response,Q3_Question_Text,Q3_Response,Attribute_1,Attribute_2,Attribute_3,Attribute_4,Attribute_5,Attribute_6,Attribute_7,Attribute_8,Attribute_9,Attribute_10,Attribute_11,Attribute_12,Attribute_13,Attribute_14,Attribute_15,Attribute_16,Attribute_17,Attribute_18,Attribute_19,Attribute_20,Attribute_21,Attribute_22
Survey ID,Survey Name,Visitor ID,URL,Created At,Completed At,User ID,Partner Anonymous ID,OS,Browser,User Agent,Custom Metadata,Triggering Event,Response Group ID,Event Properties,"In your book club or reading group, how do you stay in touch between meetings?
(Select all.)","In your book club or reading group, how do you stay in touch between meetings?
(Select all.)",Email,Facebook Group,Message apps,We don't really stay in touch between meetings,Other,Other,"How important is it for you to stay in touch with other members between
meetings?*","How important is it for you to stay in touch with other members between
meetings?*",How satisfied are you with the current communication approach in your book club?*,How satisfied are you with the current communication approach in your book club?*,appVersion,audience,audienceCategory,deviceType,email,firstName,gradeLevel,isStaff,isSubscribed,lastDownloadDate,lastName,last_visited_guide,osVersion,planId,planType,sdkVersion,status,subscribed,subscriberStatus,subscriptionDate,tenure,totalGuideDownloads
371918,[PIN] Book Clubs 1.0 | Communication,5558005c-730d-4c1c-a8e1-5fb25b8f9ea1,https://www.supersummary.com/the-tenant-freida-mcfadden/summary/?searchId=d41f31ee-3844-4ffb-827a-5a6e4304af2b&searchPosition=1,07/27/2026 00:57:30,07/27/2026 00:57:39,650857,,iOS,Mobile Safari,"Mozilla/5.0 (iPhone; CPU iPhone OS 18_7 like Mac OS X) AppleWebKit/605.1.15 (KHTML, like Gecko) Version/26.5.2 Mobile/15E148 Safari/604.1",{},URL Event 1 for Study 313699,a7abf815-5fd7-4582-b73a-c95124794614,{},"In your book club or reading group, how do you stay in touch between meetings?
(Select all.)",Other,0,0,0,0,1,Text,"How important is it for you to stay in touch with other members between
meetings?",5,How satisfied are you with the current communication approach in your book club?,5,1.21.1,book_club_member,book_club_member,,u_11306475c417df08,[name],null,false,true,,[name],,26.5.2,annual_subscription_36-USD,annual,4.27.0,,true,Active Subscriber,2024-09-04T16:49:11.000-07:00,24,
371918,[PIN] Book Clubs 1.0 | Communication,74b67d05-0ba4-4ffa-8fbe-f5530656c211,https://www.supersummary.com/the-long-way-to-a-small-angry-planet/summary/?searchId=5e6ac939-5e01-4b1e-b695-1fc51b0648fb&searchPosition=3,07/26/2026 18:41:21,,1636214,,iOS,Chrome,"Mozilla/5.0 (iPhone; CPU iPhone OS 26_5_2 like Mac OS X) AppleWebKit/605.1.15 (KHTML, like Gecko) CriOS/150.0.7871.113 Mobile/15E148 Safari/604.1",{},URL Event 1 for Study 313699,8aedfe16-5f1f-42c1-a495-de7c43cd0564,{},"In your book club or reading group, how do you stay in touch between meetings?
(Select all.)",[skipped by user],,,,,,,,,,,,,book_club_member,,u_bb45b51abfed6252,,,,,,,our-wives-under-the-sea,,annual_essentials,annual,,Active Subscriber,,Active Subscriber,2026-05-11T10:45:59.000-07:00,3,
371918,[PIN] Book Clubs 1.0 | Communication,2d6395fa-6020-4132-894f-da3ecbf7ce41,https://www.supersummary.com/all-the-colors-of-the-dark/parts-3-4-summary/,07/25/2026 19:35:30,07/25/2026 19:35:41,32966,,Mac OS,Safari,"Mozilla/5.0 (Macintosh; Intel Mac OS X 10_15_7) AppleWebKit/605.1.15 (KHTML, like Gecko) Version/16.6.2 Safari/605.1.15",{},URL Event 1 for Study 313699,c21678e1-17b9-4a20-9092-3cd2b326f786,{},"In your book club or reading group, how do you stay in touch between meetings?
(Select all.)",Message apps,0,0,1,0,0,,"How important is it for you to stay in touch with other members between
meetings?",5,How satisfied are you with the current communication approach in your book club?,5,,,book_club_member,,u_b81896512ded0a25,,,,,,,all-the-colors-of-the-dark,,annual,annual,,Active Subscriber,,Active Subscriber,2021-02-27T17:33:19.000-08:00,66,0
371918,[PIN] Book Clubs 1.0 | Communication,ac8ca6ba-0ed2-4c8b-9092-f43dc36c43d5,https://www.supersummary.com/demon-copperhead/summary/?searchId=e08c6019-9ae0-40e9-baef-4d28c78f628c&searchPosition=2,07/25/2026 12:51:08,07/25/2026 12:51:20,1478772,,Android,Chrome,"Mozilla/5.0 (Linux; Android 10; K) AppleWebKit/537.36 (KHTML, like Gecko) Chrome/150.0.0.0 Safari/537.36",{},URL Event 1 for Study 313699,adaf2b06-38b0-4bee-85e0-78ded4fab8e6,{},"In your book club or reading group, how do you stay in touch between meetings?
(Select all.)",Email,1,0,0,0,0,,"How important is it for you to stay in touch with other members between
meetings?",2,How satisfied are you with the current communication approach in your book club?,4,,,book_club_member,,u_63375206a3c21cf7,,,,,,,the-first-ladies,,annual_essentials,annual,,Active Subscriber,,Active Subscriber,2026-01-25T08:10:33.000-08:00,7,
371918,[PIN] Book Clubs 1.0 | Communication,6ad81c86-924f-4181-a2ad-a9eda5940f9c,https://www.supersummary.com/wolfsong/summary/?searchId=5d350e29-f419-4d4b-96cd-25786461d1ce&searchPosition=1,07/24/2026 00:08:56,07/24/2026 00:09:06,966970,,Android,Chrome,"Mozilla/5.0 (Linux; Android 10; K) AppleWebKit/537.36 (KHTML, like Gecko) Chrome/150.0.0.0 Mobile Safari/537.36",{},URL Event 1 for Study 313699,80365f4d-065c-4a0a-b112-6a2145e946d7,{},"In your book club or reading group, how do you stay in touch between meetings?
(Select all.)",Email,1,0,0,0,0,,"How important is it for you to stay in touch with other members between
meetings?",3,How satisfied are you with the current communication approach in your book club?,2,,,book_club_member,,u_131a33164085bc39,,,,,,,the-lesbianas-guide-to-catholic-school,,annual_essentials,annual,,Active Subscriber,,Active Subscriber,2026-06-16T10:11:41.000-07:00,2,
371918,[PIN] Book Clubs 1.0 | Communication,1c197fcb-f3c4-4012-becd-638d72591d32,https://www.supersummary.com/eddie-winston-is-looking-for-love/summary/?searchId=d7726c2b-4cf2-4eaf-b4b2-d76bce22504c&searchPosition=1,07/23/2026 18:04:47,07/23/2026 18:04:55,880982,,Windows,Chrome,"Mozilla/5.0 (Windows NT 10.0; Win64; x64) AppleWebKit/537.36 (KHTML, like Gecko) Chrome/150.0.0.0 Safari/537.36",{},URL Event 1 for Study 313699,3a1fb2ae-c0eb-4972-8362-17da8c6f90e6,{},"In your book club or reading group, how do you stay in touch between meetings?
(Select all.)",Email,1,0,0,0,0,,"How important is it for you to stay in touch with other members between
meetings?",5,How satisfied are you with the current communication approach in your book club?,3,,,book_club_member,,u_8150e0ed120959a0,,,,,,,yesteryear-caro-claire-burke,,annual,annual,,Active Subscriber,,Active Subscriber,2024-12-11T17:55:58.000-08:00,20,
371918,[PIN] Book Clubs 1.0 | Communication,01e4f7d1-cbdf-42b9-a482-bb09f5f0953b,https://www.supersummary.com/the-borrowed-life-of-frederick-fife/chapters-1-15-summary/,07/23/2026 03:45:32,07/23/2026 03:45:45,305311,,iOS,Mobile Safari,"Mozilla/5.0 (iPad; CPU OS 18_7 like Mac OS X) AppleWebKit/605.1.15 (KHTML, like Gecko) Version/26.5.2 Mobile/15E148 Safari/604.1",{},URL Event 1 for Study 313699,c7269df0-1b67-4f77-b496-25c73bde7351,{},"In your book club or reading group, how do you stay in touch between meetings?
(Select all.)",Message apps,0,0,1,0,0,,"How important is it for you to stay in touch with other members between
meetings?",4,How satisfied are you with the current communication approach in your book club?,3,,,book_club_member,,u_d7b6f8963d56e182,,,,,,,the-borrowed-life-of-frederick-fife,,annual,annual,,Active Subscriber,,Active Subscriber,2026-01-29T20:00:12.000-08:00,6,0
371918,[PIN] Book Clubs 1.0 | Communication,30239c79-d053-49d4-93ce-9cd2c1f61a09,https://www.supersummary.com/ragtime/part-2-chapters-14-21-summary/#guide_page_title,07/23/2026 01:07:13,07/23/2026 01:07:23,412117,,iOS,Mobile Safari,"Mozilla/5.0 (iPhone; CPU iPhone OS 16_7_16 like Mac OS X) AppleWebKit/605.1.15 (KHTML, like Gecko) Version/16.6.2 Mobile/15E148 Safari/604.1",{},URL Event 1 for Study 313699,d2f7472c-230c-480a-862c-13a86bab6098,{},"In your book club or reading group, how do you stay in touch between meetings?
(Select all.)","Email, Message apps",1,0,1,0,0,,"How important is it for you to stay in touch with other members between
meetings?",5,How satisfied are you with the current communication approach in your book club?,4,,,book_club_member,,u_eba91779272d0605,,,,,,,these-precious-days,,annual,annual,,Active Subscriber,,Active Subscriber,2023-09-11T21:45:41.000-07:00,35,
371918,[PIN] Book Clubs 1.0 | Communication,035341ff-8392-46d0-9aaa-d98d8b26d9f5,https://www.supersummary.com/the-glorians/summary/?searchId=08a4caa7-d885-41f4-b1f3-730162793f38&searchPosition=7,07/22/2026 19:32:44,07/22/2026 19:32:53,1703895,,iOS,Chrome,"Mozilla/5.0 (iPhone; CPU iPhone OS 26_5_2 like Mac OS X) AppleWebKit/605.1.15 (KHTML, like Gecko) CriOS/141.0.7390.26 Mobile/15E148 Safari/604.1",{},URL Event 1 for Study 313699,04fcaf50-fdb5-4fa7-94d2-3c1557babb28,{},"In your book club or reading group, how do you stay in touch between meetings?
(Select all.)",[skipped by user],,,,,,,"How important is it for you to stay in touch with other members between
meetings?",1,How satisfied are you with the current communication approach in your book club?,4,,,Book club member,,u_9f8de37a9aea3ec7,,,,,,,the-glorians,,annual_plus,,,,,Active Subscriber,,0,
371918,[PIN] Book Clubs 1.0 | Communication,237c446c-67aa-4dce-bb87-3394c6d5e7cc,https://www.supersummary.com/the-art-thief/summary/#guide_page_title,07/22/2026 13:40:40,07/22/2026 13:40:51,766812,,Android,Chrome,"Mozilla/5.0 (Linux; Android 10; K) AppleWebKit/537.36 (KHTML, like Gecko) Chrome/150.0.0.0 Mobile Safari/537.36",{},URL Event 1 for Study 313699,6a6e0246-7d8d-4f22-ad6b-66e9ee761a4d,{},"In your book club or reading group, how do you stay in touch between meetings?
(Select all.)",Message apps,0,0,1,0,0,,"How important is it for you to stay in touch with other members between
meetings?",4,How satisfied are you with the current communication approach in your book club?,5,,book_club_member,book_club_member,,u_9f3c6b1239d3b797,[name],null,false,true,,[name],the-art-thief,,annual,annual,,Visitor,true,Active Subscriber,2024-10-29T09:58:02.000-07:00,22,
371918,[PIN] Book Clubs 1.0 | Communication,e513dbbc-8ea2-4fa5-af4f-f3b2e6d12f28,https://www.supersummary.com/circle-of-days/chapters-1-6-summary/,07/22/2026 04:29:25,07/22/2026 04:29:37,1604297,,Linux,Chrome,"Mozilla/5.0 (X11; Linux x86_64) AppleWebKit/537.36 (KHTML, like Gecko) Chrome/150.0.0.0 Safari/537.36",{},URL Event 1 for Study 313699,8964d2b7-cf3b-418a-a23f-664b574f74d5,{},"In your book club or reading group, how do you stay in touch between meetings?
(Select all.)",Message apps,0,0,1,0,0,,"How important is it for you to stay in touch with other members between
meetings?",5,How satisfied are you with the current communication approach in your book club?,5,,,book_club_member,,u_30ac5efe4699037e,,,,,,,circle-of-days,,annual_plus,annual,,,,Active Subscriber,2026-06-20T14:51:25.000-07:00,2,
371918,[PIN] Book Clubs 1.0 | Communication,3d4d2a5c-1a0f-43e2-ae94-f945343d3d9b,https://www.supersummary.com/careless-people/chapters-15-23-summary/,07/21/2026 15:31:56,07/21/2026 15:32:04,376185,,Windows,Edge,"Mozilla/5.0 (Windows NT 10.0; Win64; x64) AppleWebKit/537.36 (KHTML, like Gecko) Chrome/150.0.0.0 Safari/537.36 Edg/150.0.0.0",{},URL Event 1 for Study 313699,1fcef160-192e-4db2-8058-aedf2bfca2d1,{},"In your book club or reading group, how do you stay in touch between meetings?
(Select all.)","Email, We don't really stay in touch between meetings",1,0,0,1,0,,"How important is it for you to stay in touch with other members between
meetings?",1,How satisfied are you with the current communication approach in your book club?,1,,,book_club_member,,u_dbb7af0260932880,,,,,,,careless-people,,annual,annual,,Active Subscriber,,Active Subscriber,2025-07-14T06:19:36.000-07:00,13,
371918,[PIN] Book Clubs 1.0 | Communication,9af33b50-fb77-4ae4-8bca-bfcbcb917462,https://www.supersummary.com/the-berry-pickers/summary/?searchId=aaaa15eb-adb8-4f2e-828e-5c6b2976db8c&searchPosition=1,07/20/2026 23:09:44,07/20/2026 23:09:58,1246358,,iOS,Mobile Safari,"Mozilla/5.0 (iPhone; CPU iPhone OS 18_7 like Mac OS X) AppleWebKit/605.1.15 (KHTML, like Gecko) Version/26.5.2 Mobile/15E148 Safari/604.1",{},URL Event 1 for Study 313699,89c945bd-5074-4951-a1a0-884f379e2d04,{},"In your book club or reading group, how do you stay in touch between meetings?
(Select all.)",Email,1,0,0,0,0,,"How important is it for you to stay in touch with other members between
meetings?",5,How satisfied are you with the current communication approach in your book club?,5,,,book_club_member,,u_b3757cfe1158d48f,,,,,,,yesteryear-caro-claire-burke,,annual,annual,,Active Subscriber,,Active Subscriber,2025-06-28T09:35:44.000-07:00,13,
371918,[PIN] Book Clubs 1.0 | Communication,3f1ee82c-6c88-42c1-a114-fe3b23f220cb,https://www.supersummary.com/lula-deans-little-library-of-banned-books/summary/?searchId=77cbf5fc-898e-4dd3-b9b0-6fdc8c44cbc7&searchPosition=4,07/20/2026 22:08:46,07/20/2026 22:08:53,1311908,,Windows,Edge,"Mozilla/5.0 (Windows NT 10.0; Win64; x64) AppleWebKit/537.36 (KHTML, like Gecko) Chrome/150.0.0.0 Safari/537.36 Edg/150.0.0.0",{},URL Event 1 for Study 313699,350371dc-dfe2-466b-a889-de5fe8bdeffa,{},"In your book club or reading group, how do you stay in touch between meetings?
(Select all.)",Email,1,0,0,0,0,,"How important is it for you to stay in touch with other members between
meetings?",5,How satisfied are you with the current communication approach in your book club?,5,,,book_club_member,,u_f0d1a3805b56c3f4,,,,,,,the-cemetery-of-untold-stories,,annual_plus,annual,,Active Subscriber,,Active Subscriber,2025-09-13T18:45:49.000-07:00,11,
371918,[PIN] Book Clubs 1.0 | Communication,cf6b25f4-5846-4879-8dc7-108f7fd72c0c,https://www.supersummary.com/theo-of-golden/summary/?searchId=8510e8c4-b8ec-481e-b3e5-5a9ab5cbd3f9&searchPosition=1,07/20/2026 13:23:34,07/20/2026 13:23:45,79710,,Windows,Chrome,"Mozilla/5.0 (Windows NT 10.0; Win64; x64) AppleWebKit/537.36 (KHTML, like Gecko) Chrome/138.0.0.0 Safari/537.36",{},URL Event 1 for Study 313699,be3dc27d-e731-4307-9c81-80ba1080919a,{},"In your book club or reading group, how do you stay in touch between meetings?
(Select all.)",Email,1,0,0,0,0,,"How important is it for you to stay in touch with other members between
meetings?",4,How satisfied are you with the current communication approach in your book club?,5,,book_club_member,book_club_member,,u_b6749a8205785ae2,[name],null,false,true,2024-03-19T09:24:09.697-07:00,[name],yesteryear-caro-claire-burke,,annual,annual,,Active Subscriber,true,Active Subscriber,2023-10-16T14:05:12.000-07:00,62,50
371918,[PIN] Book Clubs 1.0 | Communication,76e7149a-fc84-492a-9378-e86e520c6237,https://www.supersummary.com/first-lie-wins/summary/,07/20/2026 12:10:35,,1570269,,iOS,Mobile Safari,"Mozilla/5.0 (iPhone; CPU iPhone OS 18_7 like Mac OS X) AppleWebKit/605.1.15 (KHTML, like Gecko) Version/26.5.2 Mobile/15E148 Safari/604.1",{},URL Event 1 for Study 313699,a370d4af-b618-4c55-b3bb-e077d8dc504f,{},"In your book club or reading group, how do you stay in touch between meetings?
(Select all.)",[skipped by user],,,,,,,,,,,,,book_club_member,,u_1d20c6ba216fcd87,,,,,,,first-lie-wins,,annual_essentials,annual,,Active Subscriber,,Active Subscriber,2026-03-23T11:58:28.000-07:00,4,
371918,[PIN] Book Clubs 1.0 | Communication,7f8c2115-5893-44d4-b617-087ce41d54c7,https://www.supersummary.com/the-things-we-never-say/chapters-1-2-summary/,07/20/2026 01:06:17,,391371,,iOS,Chrome,"Mozilla/5.0 (iPad; CPU OS 26_5_2 like Mac OS X) AppleWebKit/605.1.15 (KHTML, like Gecko) CriOS/150.0.7871.113 Mobile/15E148 Safari/604.1",{},URL Event 1 for Study 313699,3794f604-08b6-435f-9e49-cb63e3fc8945,{},"In your book club or reading group, how do you stay in touch between meetings?
(Select all.)",We don't really stay in touch between meetings,0,0,0,1,0,,"How important is it for you to stay in touch with other members between
meetings?",5,,,,,book_club_member,,u_3ba7ae40304ccef7,,,,,,,the-things-we-never-say,,annual,annual,,Active Subscriber,,Active Subscriber,2023-07-25T17:10:57.000-07:00,37,0
371918,[PIN] Book Clubs 1.0 | Communication,61c30868-b9cc-4817-b94e-9350f3367cdd,https://www.supersummary.com/tropic-of-orange/summary/,07/19/2026 19:56:05,07/19/2026 19:56:12,1700835,,iOS,Mobile Safari,"Mozilla/5.0 (iPhone; CPU iPhone OS 18_7 like Mac OS X) AppleWebKit/605.1.15 (KHTML, like Gecko) Version/26.5.2 Mobile/15E148 Safari/604.1",{},URL Event 1 for Study 313699,0417d85e-111f-4962-a2a7-3591cd5ae5eb,{},"In your book club or reading group, how do you stay in touch between meetings?
(Select all.)",We don't really stay in touch between meetings,0,0,0,1,0,,"How important is it for you to stay in touch with other members between
meetings?",1,How satisfied are you with the current communication approach in your book club?,1,,,Book club member,,u_45b8b7ee12033fa0,,,,,,,tropic-of-orange,,annual_essentials,,,,,Active Subscriber,,0,
371918,[PIN] Book Clubs 1.0 | Communication,89dcdf62-7aa1-4a86-bff3-f61750d425b1,https://www.supersummary.com/a-gentleman-in-moscow/summary/?searchId=96dc5f37-9583-4d22-89f0-5c794b7d0451&searchPosition=2,07/19/2026 19:35:33,,918813,,iOS,Mobile Safari,"Mozilla/5.0 (iPad; CPU OS 18_7 like Mac OS X) AppleWebKit/605.1.15 (KHTML, like Gecko) Version/26.5.2 Mobile/15E148 Safari/604.1",{},URL Event 1 for Study 313699,373e9891-bdcc-4c84-b346-dd958e593eb1,{},"In your book club or reading group, how do you stay in touch between meetings?
(Select all.)",[skipped by user],,,,,,,,,,,,,book_club_member,,u_4cb1b228d7ce02cd,,,,,,,a-gentleman-in-moscow,,annual,annual,,Active Subscriber,,Active Subscriber,2025-01-08T07:14:57.000-08:00,19,
371918,[PIN] Book Clubs 1.0 | Communication,f600a333-f9b9-43f7-b5ef-7ff9846d3154,https://www.supersummary.com/there-is-no-antimemetics-division/prelude-part-1-summary/#guide_page_title,07/19/2026 13:27:45,,549963,,iOS,Chrome,"Mozilla/5.0 (iPhone; CPU iPhone OS 26_5_2 like Mac OS X) AppleWebKit/605.1.15 (KHTML, like Gecko) CriOS/151.0.7922.25 Mobile/15E148 Safari/604.1",{},URL Event 1 for Study 313699,b45391a1-cbc8-4b42-9e52-031ce975d248,{},"In your book club or reading group, how do you stay in touch between meetings?
(Select all.)",Message apps,0,0,1,0,0,,,,,,,,book_club_member,,u_f942f64f7758995a,,,,,,,there-is-no-antimemetics-division,,annual,annual,,Active Subscriber,,Active Subscriber,2024-04-28T10:49:05.000-07:00,28,0
371918,[PIN] Book Clubs 1.0 | Communication,72aea2fc-1050-443f-ac03-79be0f6364ed,https://www.supersummary.com/the-things-we-never-say/summary/?searchId=1cdb401b-2c3c-4a3f-a8a3-955590f6cd19&searchPosition=11,07/19/2026 02:30:09,07/19/2026 02:30:26,1007226,,Windows,Chrome,"Mozilla/5.0 (Windows NT 10.0; Win64; x64) AppleWebKit/537.36 (KHTML, like Gecko) Chrome/150.0.0.0 Safari/537.36",{},URL Event 1 for Study 313699,3b4fd3b5-e95a-4bcb-9824-3498b5e30830,{},"In your book club or reading group, how do you stay in touch between meetings?
(Select all.)","Email, We don't really stay in touch between meetings",1,0,0,1,0,,"How important is it for you to stay in touch with other members between
meetings?",1,How satisfied are you with the current communication approach in your book club?,3,,,book_club_member,,u_38809a1540f1e086,,,,,,,the-things-we-never-say,,annual,annual,,Active Subscriber,,Active Subscriber,2025-04-06T16:50:55.000-07:00,16,
371918,[PIN] Book Clubs 1.0 | Communication,9de0ab9c-54a1-4ca6-a318-5fdb3cd60b8d,https://www.supersummary.com/the-ghostwriter-julie-clark/summary/#guide_page_title,07/18/2026 14:30:43,,247842,,Mac OS,Safari,"Mozilla/5.0 (Macintosh; Intel Mac OS X 10_15_7) AppleWebKit/605.1.15 (KHTML, like Gecko) Version/18.3 Safari/605.1.15 Ddg/18.7",{},URL Event 1 for Study 313699,f7d7d419-0be4-43d3-8790-95220997ab5b,{},"In your book club or reading group, how do you stay in touch between meetings?
(Select all.)","Email, Message apps",1,0,1,0,0,,,,,,,,book_club_member,,u_bf75ae8ef50b80c2,,,,,,,the-ghostwriter-julie-clark,,annual_essentials,annual,,,,Active Subscriber,2026-07-17T07:24:11.000-07:00,1,
371918,[PIN] Book Clubs 1.0 | Communication,39f6137a-156f-4481-aeea-05ae57738b80,https://www.supersummary.com/the-odyssey/summary/?searchId=559ba78d-1388-4f75-ad75-38ec82293b7f&searchPosition=1,07/17/2026 22:34:19,07/17/2026 22:34:24,525944,,Mac OS,Firefox,Mozilla/5.0 (Macintosh; Intel Mac OS X 10.15; rv:152.0) Gecko/20100101 Firefox/152.0,{},URL Event 1 for Study 313699,b5e83a89-a21a-493b-860f-4fee616ccb0a,{},"In your book club or reading group, how do you stay in touch between meetings?
(Select all.)","Message apps , Other",0,0,1,0,1,Bookclubs.com,"How important is it for you to stay in touch with other members between
meetings?",5,How satisfied are you with the current communication approach in your book club?,5,0.2.6,book_club_member,book_club_member,"iPhone15,4",u_459e613af6063d87,[name],null,false,true,,[name],the-two-towers,17.4.1,annual_essentials_apple-USD,annual,4.4.3,Active Subscriber,true,Active Subscriber,2026-04-17T14:06:12.000-07:00,29,0
371918,[PIN] Book Clubs 1.0 | Communication,8bbb35e0-9e17-4dba-a210-eb22a3b7127e,https://www.supersummary.com/remarkably-bright-creatures/summary/?searchId=f7a58804-38b1-41a5-9ed4-ae705602fec5&searchPosition=1,07/17/2026 17:20:07,07/17/2026 17:20:22,1699400,,iOS,Chrome,"Mozilla/5.0 (iPad; CPU OS 17_3_1 like Mac OS X) AppleWebKit/605.1.15 (KHTML, like Gecko) CriOS/148.0.7778.166 Mobile/15E148 Safari/604.1",{},URL Event 1 for Study 313699,ec93ce59-6fc4-4d57-9bc9-cfb487d6b457,{},"In your book club or reading group, how do you stay in touch between meetings?
(Select all.)",Message apps,0,0,1,0,0,,"How important is it for you to stay in touch with other members between
meetings?",3,How satisfied are you with the current communication approach in your book club?,4,,,book_club_member,,u_83510f52dccc20ed,,,,,,,remarkably-bright-creatures,,annual_plus,annual,,,,Active Subscriber,2026-07-17T10:10:20.000-07:00,0,
371918,[PIN] Book Clubs 1.0 | Communication,bdb95edf-42b2-4425-95ce-98b80bafba09,https://www.supersummary.com/theo-of-golden/prologue-and-chapters-1-12-summary/,07/17/2026 05:46:24,07/17/2026 05:46:35,724284,,iOS,Mobile Safari,"Mozilla/5.0 (iPhone; CPU iPhone OS 18_7 like Mac OS X) AppleWebKit/605.1.15 (KHTML, like Gecko) Version/26.5 Mobile/15E148 Safari/604.1",{},URL Event 1 for Study 313699,3f109fb7-13dc-4af8-ae71-d4017cb7963d,{},"In your book club or reading group, how do you stay in touch between meetings?
(Select all.)",Message apps,0,0,1,0,0,,"How important is it for you to stay in touch with other members between
meetings?",3,How satisfied are you with the current communication approach in your book club?,3,,book_club_member,book_club_member,,u_9fd35289af4e9138,[name],null,false,true,,[name],wrong-place-wrong-time,,annual_subscription_36-USD,annual,,Active Subscriber,true,Active Subscriber,2025-11-16T19:56:54.000-08:00,22,
371918,[PIN] Book Clubs 1.0 | Communication,53412a23-dd6a-4c00-b18c-4bdac6ebaff7,https://www.supersummary.com/the-personal-librarian/chapter-32-epilogue-summary/#guide_page_title,07/16/2026 22:51:44,07/16/2026 22:51:57,652747,,iOS,GSA,"Mozilla/5.0 (iPhone; CPU iPhone OS 26_5_2 like Mac OS X) AppleWebKit/605.1.15 (KHTML, like Gecko) GSA/429.1.942703598 Mobile/15E148 Safari/604.1",{},URL Event 1 for Study 313699,0f0df1e3-0616-41c6-bd51-915a6f7c9a88,{},"In your book club or reading group, how do you stay in touch between meetings?
(Select all.)",Message apps,0,0,1,0,0,,"How important is it for you to stay in touch with other members between
meetings?",5,How satisfied are you with the current communication approach in your book club?,4,,,book_club_member,,u_b7324112d49f9384,,,,,,,the-personal-librarian,,annual,annual,,Active Subscriber,,Active Subscriber,2024-09-06T11:12:06.000-07:00,23,
371918,[PIN] Book Clubs 1.0 | Communication,305b1abb-c4de-4f98-9c53-8f9018de327b,https://www.supersummary.com/only-the-beautiful/summary/#guide_page_title,07/16/2026 18:41:26,,1338415,,iOS,Mobile Safari,"Mozilla/5.0 (iPhone; CPU iPhone OS 18_7 like Mac OS X) AppleWebKit/605.1.15 (KHTML, like Gecko) Version/26.5 Mobile/15E148 Safari/604.1",{},URL Event 1 for Study 313699,157d1172-7d55-4427-a270-1388f4ef86c5,{},"In your book club or reading group, how do you stay in touch between meetings?
(Select all.)",[skipped by user],,,,,,,,,,,,,book_club_member,,u_94db14d758a6c548,,,,,,,only-the-beautiful,,annual_essentials,annual,,Active Subscriber,,Active Subscriber,2025-12-25T11:34:38.000-08:00,7,
371918,[PIN] Book Clubs 1.0 | Communication,8fa50d46-f66d-48c5-bf15-dc86be8c2398,https://www.supersummary.com/the-things-we-never-say/chapters-1-2-summary/,07/16/2026 17:33:52,07/16/2026 17:34:12,598792,,Windows,Chrome,"Mozilla/5.0 (Windows NT 10.0; Win64; x64) AppleWebKit/537.36 (KHTML, like Gecko) Chrome/150.0.0.0 Safari/537.36",{},URL Event 1 for Study 313699,8159aff3-4198-49a5-aebb-988cd36c5fbe,{},"In your book club or reading group, how do you stay in touch between meetings?
(Select all.)",Email,1,0,0,0,0,,"How important is it for you to stay in touch with other members between
meetings?",4,How satisfied are you with the current communication approach in your book club?,2,,book_club_member,book_club_member,,u_a201bbf95579d0d4,[name],null,false,true,,[name],the-things-we-never-say,,annual,annual,,Active Subscriber,true,Active Subscriber,2024-06-17T07:42:42.000-07:00,26,
371918,[PIN] Book Clubs 1.0 | Communication,cbea983d-c3ee-4c81-a475-228c9488609a,https://www.supersummary.com/the-rose-code/summary/?searchId=f3de00ee-0f16-4042-a42b-6d3bb0d1540b&searchPosition=3,07/16/2026 17:13:35,07/16/2026 17:13:49,1698551,,iOS,Chrome,"Mozilla/5.0 (iPhone; CPU iPhone OS 26_5_2 like Mac OS X) AppleWebKit/605.1.15 (KHTML, like Gecko) CriOS/150.0.7871.113 Mobile/15E148 Safari/604.1",{},URL Event 1 for Study 313699,820befad-2f00-4481-a0bb-86d72f477980,{},"In your book club or reading group, how do you stay in touch between meetings?
(Select all.)","Email, We don't really stay in touch between meetings",1,0,0,1,0,,"How important is it for you to stay in touch with other members between
meetings?",2,How satisfied are you with the current communication approach in your book club?,3,,,book_club_member,,u_a1c8af9cf643b888,,,,,,,,,annual_plus,,,,,Active Subscriber,,0,
371918,[PIN] Book Clubs 1.0 | Communication,51b099a8-2454-42af-a4ab-246f442da6cc,https://www.supersummary.com/surprise-island/summary/,07/16/2026 16:40:00,07/16/2026 16:40:07,1575183,,Windows,Chrome,"Mozilla/5.0 (Windows NT 10.0; Win64; x64) AppleWebKit/537.36 (KHTML, like Gecko) Chrome/150.0.0.0 Safari/537.36",{},URL Event 1 for Study 313699,b5dce9d3-7146-4fb8-98c5-6a0d89ff717f,{},"In your book club or reading group, how do you stay in touch between meetings?
(Select all.)",Message apps,0,0,1,0,0,,"How important is it for you to stay in touch with other members between
meetings?",5,How satisfied are you with the current communication approach in your book club?,3,,,book_club_member,,u_3ff80f18bd4d5f16,,,,,,,surprise-island,,annual_plus,annual,,Active Subscriber,,Active Subscriber,2026-03-26T08:44:41.000-07:00,4,
371918,[PIN] Book Clubs 1.0 | Communication,d0998f75-ab95-459a-a1e2-4e1017e1cb87,https://www.supersummary.com/this-here-is-love/summary/?searchId=679067fc-07c3-4dae-b459-b7dd035a437f&searchPosition=1,07/16/2026 15:20:16,07/16/2026 15:20:30,491596,,Mac OS,Safari,"Mozilla/5.0 (Macintosh; Intel Mac OS X 10_15_7) AppleWebKit/605.1.15 (KHTML, like Gecko) Version/26.5 Safari/605.1.15",{},URL Event 1 for Study 313699,2b1b3a95-7cab-435e-bd4a-c7c741453325,{},"In your book club or reading group, how do you stay in touch between meetings?
(Select all.)",Email,1,0,0,0,0,,"How important is it for you to stay in touch with other members between
meetings?",5,How satisfied are you with the current communication approach in your book club?,5,,,book_club_member,,u_dd1cdb1d78b15c5a,,,,,,,this-here-is-love,,annual,annual,,Active Subscriber,,Active Subscriber,2024-02-09T09:17:05.000-08:00,30,0
371918,[PIN] Book Clubs 1.0 | Communication,edb8ed4a-9bc7-40c8-924b-ce72af203103,https://www.supersummary.com/the-last-mandarin/chapters-37-47-summary/,07/16/2026 14:12:48,07/16/2026 14:12:57,468452,,Mac OS,Chrome,"Mozilla/5.0 (Macintosh; Intel Mac OS X 10_15_7) AppleWebKit/537.36 (KHTML, like Gecko) Chrome/146.0.0.0 Safari/537.36",{},URL Event 1 for Study 313699,bad348f2-daf8-41aa-965b-d7624c0c39d9,{},"In your book club or reading group, how do you stay in touch between meetings?
(Select all.)",Other,0,0,0,0,1,in person,"How important is it for you to stay in touch with other members between
meetings?",5,How satisfied are you with the current communication approach in your book club?,5,,,book_club_member,,u_085707b5007c6bee,,,,,,,the-last-mandarin,,annual,annual,,Active Subscriber,,Active Subscriber,2023-12-12T18:12:43.000-08:00,32,0
371918,[PIN] Book Clubs 1.0 | Communication,596c730f-9527-4c13-bede-14e9e28a5dc3,https://www.supersummary.com/buckeye/part-1-chapters-1-4-summary/,07/15/2026 18:16:56,07/15/2026 18:17:05,1531744,,Windows,Edge,"Mozilla/5.0 (Windows NT 10.0; Win64; x64) AppleWebKit/537.36 (KHTML, like Gecko) Chrome/150.0.0.0 Safari/537.36 Edg/150.0.0.0",{},URL Event 1 for Study 313699,528fa423-5778-4b7c-86ee-5e8431ac34ee,{},"In your book club or reading group, how do you stay in touch between meetings?
(Select all.)","Facebook Group, Message apps",0,1,1,0,0,,"How important is it for you to stay in touch with other members between
meetings?",4,How satisfied are you with the current communication approach in your book club?,5,,,book_club_member,,u_a30d25a037e6851b,,,,,,,buckeye,,annual_essentials,annual,,Active Subscriber,,Active Subscriber,2026-02-24T14:03:09.000-08:00,5,
371918,[PIN] Book Clubs 1.0 | Communication,2c0e712b-7621-4a9f-be2d-92e01287dd8d,https://www.supersummary.com/to-kill-a-mockingbird/summary/?searchId=93b80735-09fa-441c-ad32-3887e7044121&searchPosition=1,07/15/2026 17:40:50,,1196771,,Mac OS,Safari,"Mozilla/5.0 (Macintosh; Intel Mac OS X 10_15_7) AppleWebKit/605.1.15 (KHTML, like Gecko) Version/26.5 Safari/605.1.15",{},URL Event 1 for Study 313699,c19a650b-3a94-4239-90ec-22f778f78c34,{},"In your book club or reading group, how do you stay in touch between meetings?
(Select all.)",[skipped by user],,,,,,,,,,,1.15.5,book_club_member,book_club_member,,u_1216e236933ac577,[name],null,false,true,,[name],fahrenheit-451,26.2.1,annual,annual,4.25.2,Active Subscriber,true,Active Subscriber,2025-05-15T16:22:04.000-07:00,15,
371918,[PIN] Book Clubs 1.0 | Communication,578a4e53-5d68-46a1-8021-e9375a92a7ce,https://www.supersummary.com/the-calamity-club/summary/,07/15/2026 16:28:54,07/15/2026 16:29:05,1357361,,Mac OS,Safari,"Mozilla/5.0 (Macintosh; Intel Mac OS X 10_15_7) AppleWebKit/605.1.15 (KHTML, like Gecko) Version/26.5 Safari/605.1.15",{},URL Event 1 for Study 313699,c68c23e0-ff96-4222-bae9-b36044124b01,{},"In your book club or reading group, how do you stay in touch between meetings?
(Select all.)",We don't really stay in touch between meetings,0,0,0,1,0,,"How important is it for you to stay in touch with other members between
meetings?",3,How satisfied are you with the current communication approach in your book club?,3,,book_club_member,book_club_member,,u_740b8efe402b005e,[name],null,false,true,,[name],the-calamity-club,,annual,annual,,Active Subscriber,true,Active Subscriber,2025-10-08T11:38:56.000-07:00,10,
371918,[PIN] Book Clubs 1.0 | Communication,20cdd767-0123-4a8b-91bf-5e136daddca2,https://www.supersummary.com/the-friday-afternoon-club/summary/?searchId=12950dbe-1c96-482c-a78e-d9292f0dea12&searchPosition=1,07/15/2026 10:32:58,,492961,,iOS,Chrome,"Mozilla/5.0 (iPad; CPU OS 26_5_2 like Mac OS X) AppleWebKit/605.1.15 (KHTML, like Gecko) CriOS/139.0.7258.76 Mobile/15E148 Safari/604.1",{},URL Event 1 for Study 313699,57dfa586-0191-4e09-a635-5dddca55632e,{},"In your book club or reading group, how do you stay in touch between meetings?
(Select all.)",Email,1,0,0,0,0,,"How important is it for you to stay in touch with other members between
meetings?",3,,,,,book_club_member,,u_ef94702b3b3c0b73,,,,,,,,,annual,annual,,Active Subscriber,,Active Subscriber,2024-02-12T10:39:51.000-08:00,30,0
371918,[PIN] Book Clubs 1.0 | Communication,9dc53658-ff20-4f6d-8aaa-2232141606d5,https://www.supersummary.com/the-things-we-never-say/summary/,07/15/2026 02:05:29,,1240538,,iOS,Chrome,"Mozilla/5.0 (iPhone; CPU iPhone OS 26_5_0 like Mac OS X) AppleWebKit/605.1.15 (KHTML, like Gecko) CriOS/150.0.7871.113 Mobile/15E148 Safari/604.1",{},URL Event 1 for Study 313699,3220332b-4caa-4513-89ce-28277abe1a60,{},"In your book club or reading group, how do you stay in touch between meetings?
(Select all.)",[skipped by user],,,,,,,,,,,,book_club_member,book_club_member,,u_08c1c6ebb85fdc92,[name],null,false,true,,[name],tartufo,,annual,annual,,Active Subscriber,true,Active Subscriber,2025-06-18T19:05:24.000-07:00,14,
371918,[PIN] Book Clubs 1.0 | Communication,85e87e41-5bc2-420c-ac7a-c221b2d0c457,https://www.supersummary.com/the-stolen-life-of-colette-marceau/summary/,07/14/2026 21:31:33,,1697335,,iOS,GSA,"Mozilla/5.0 (iPad; CPU OS 18_7 like Mac OS X) AppleWebKit/605.1.15 (KHTML, like Gecko) GSA/100.0.302345841 Mobile/15E148 Safari/604.1",{},URL Event 1 for Study 313699,09470937-b39a-479c-a81c-c0204f72c8a2,{},"In your book club or reading group, how do you stay in touch between meetings?
(Select all.)",Email,1,0,0,0,0,,"How important is it for you to stay in touch with other members between
meetings?",3,,,,,book_club_member,,u_541c44176703badd,,,,,,,the-stolen-life-of-colette-marceau,,annual_essentials,,,,,Active Subscriber,,0,
371918,[PIN] Book Clubs 1.0 | Communication,cf29b0f5-1dcb-4c34-bbc5-0f503fe71414,https://www.supersummary.com/we-the-people/introduction-part-1-summary/#guide_page_title,07/14/2026 15:31:04,,548256,,iOS,Mobile Safari,"Mozilla/5.0 (iPhone; CPU iPhone OS 18_7 like Mac OS X) AppleWebKit/605.1.15 (KHTML, like Gecko) Version/26.5 Mobile/15E148 Safari/604.1",{},URL Event 1 for Study 313699,3f453062-7252-426d-b91b-a9c5d49a2d21,{},"In your book club or reading group, how do you stay in touch between meetings?
(Select all.)",[skipped by user],,,,,,,"How important is it for you to stay in touch with other members between
meetings?",1,,,,,book_club_member,,u_addf5fd7627e6498,,,,,,,we-the-people,,annual_plus,annual,,Active Subscriber,,Active Subscriber,2024-04-26T08:56:59.000-07:00,13,
371918,[PIN] Book Clubs 1.0 | Communication,d1de056b-914b-40a7-bc76-46be4fe507e0,https://www.supersummary.com/the-correspondent/summary/?searchId=12a1b260-fe7d-4734-82a2-bacd726f6638&searchPosition=1,07/14/2026 12:23:38,07/14/2026 12:23:56,1696015,,iOS,Mobile Safari,"Mozilla/5.0 (iPhone; CPU iPhone OS 18_7 like Mac OS X) AppleWebKit/605.1.15 (KHTML, like Gecko) Version/26.5 Mobile/15E148 Safari/604.1",{},URL Event 1 for Study 313699,500c396f-133a-4169-9673-9f9c6b42a620,{},"In your book club or reading group, how do you stay in touch between meetings?
(Select all.)",Email,1,0,0,0,0,,"How important is it for you to stay in touch with other members between
meetings?",4,How satisfied are you with the current communication approach in your book club?,3,,,book_club_member,,u_018cc24b3114e21b,,,,,,,the-correspondent,,annual_essentials,annual,,,,Active Subscriber,2026-07-13T07:31:08.000-07:00,1,
371918,[PIN] Book Clubs 1.0 | Communication,4fb162c2-915e-494d-9cd9-56171cc43a8d,https://www.supersummary.com/the-sentence/chapters-1-3-summary/#guide_page_title,07/14/2026 12:07:45,,1696844,,iOS,Mobile Safari,"Mozilla/5.0 (iPhone; CPU iPhone OS 18_7 like Mac OS X) AppleWebKit/605.1.15 (KHTML, like Gecko) Version/26.5 Mobile/15E148 Safari/604.1",{},URL Event 1 for Study 313699,6ac4a937-f5be-4666-a09b-0dad025c3b5c,{},"In your book club or reading group, how do you stay in touch between meetings?
(Select all.)",We don't really stay in touch between meetings,0,0,0,1,0,,"How important is it for you to stay in touch with other members between
meetings?",2,,,,,Book club member,,u_27dc0f33472908e3,,,,,,,the-sentence,,annual_essentials,,,,,Active Subscriber,,0,
371918,[PIN] Book Clubs 1.0 | Communication,14199378-14d5-42de-b0e5-91f20e528be2,https://www.supersummary.com/whistler-ann-patchett/summary/?searchId=ec83822e-fd82-4cd8-a109-730cb1397060&searchPosition=1,07/14/2026 04:47:24,,826506,,Android,Chrome,"Mozilla/5.0 (Linux; Android 10; K) AppleWebKit/537.36 (KHTML, like Gecko) Chrome/149.0.0.0 Mobile Safari/537.36",{},URL Event 1 for Study 313699,36ef2efa-7b32-48ac-a038-33dbe4612376,{},"In your book club or reading group, how do you stay in touch between meetings?
(Select all.)",Message apps,0,0,1,0,0,,"How important is it for you to stay in touch with other members between
meetings?",4,,,,book_club_member,book_club_member,,u_e7fdbe032f3a9a54,[name],null,false,true,,[name],theo-of-golden,,annual,annual,,Active Subscriber,true,Active Subscriber,2024-11-19T14:03:01.000-08:00,21,
371918,[PIN] Book Clubs 1.0 | Communication,37c5991e-35da-41e2-af8a-9d78bb4cf717,https://www.supersummary.com/the-heaven-earth-grocery-store/summary/,07/13/2026 21:41:55,07/13/2026 21:42:06,1541587,,Mac OS,Chrome,"Mozilla/5.0 (Macintosh; Intel Mac OS X 10_15_7) AppleWebKit/537.36 (KHTML, like Gecko) Chrome/146.0.0.0 Safari/537.36",{},URL Event 1 for Study 313699,2c5c2e71-a9e5-4e0f-a030-471fc46ee12a,{},"In your book club or reading group, how do you stay in touch between meetings?
(Select all.)",Message apps,0,0,1,0,0,,"How important is it for you to stay in touch with other members between
meetings?",3,How satisfied are you with the current communication approach in your book club?,5,,,Book club member,,u_bec2e20b12323ae1,,,,,,,the-heaven-earth-grocery-store,,annual_essentials,,,,,Active Subscriber,,0,
371918,[PIN] Book Clubs 1.0 | Communication,8233bfe6-ee16-430d-a97e-0eacc9d65957,https://www.supersummary.com/the-lion-women-of-tehran/part-1-chapters-1-8-summary/,07/13/2026 18:44:04,07/13/2026 18:44:13,1696246,,iOS,Mobile Safari,"Mozilla/5.0 (iPhone; CPU iPhone OS 18_7 like Mac OS X) AppleWebKit/605.1.15 (KHTML, like Gecko) Version/26.5 Mobile/15E148 Safari/604.1",{},URL Event 1 for Study 313699,143ddfff-2916-4ec1-965e-ebbf2243c149,{},"In your book club or reading group, how do you stay in touch between meetings?
(Select all.)",Email,1,0,0,0,0,,"How important is it for you to stay in touch with other members between
meetings?",1,How satisfied are you with the current communication approach in your book club?,5,,,book_club_member,,u_4cead919ae55f745,,,,,,,the-lion-women-of-tehran,,annual_plus,,,,,Active Subscriber,,0,
371918,[PIN] Book Clubs 1.0 | Communication,221a3edc-d845-478a-9253-dcae229b336c,https://www.supersummary.com/in-her-defense-philippa-malicka/summary/?searchId=ed572fb6-a043-42df-8f18-ab324a529a89&searchPosition=2,07/12/2026 23:28:29,07/12/2026 23:28:34,1156963,,Mac OS,Safari,"Mozilla/5.0 (Macintosh; Intel Mac OS X 10_15_7) AppleWebKit/605.1.15 (KHTML, like Gecko) Version/26.5 Safari/605.1.15",{},URL Event 1 for Study 313699,5c219651-700a-42f9-9797-39cd69d83580,{},"In your book club or reading group, how do you stay in touch between meetings?
(Select all.)",Other,0,0,0,0,1,Text,"How important is it for you to stay in touch with other members between
meetings?",5,How satisfied are you with the current communication approach in your book club?,5,,book_club_member,book_club_member,,u_5f81103d08bfa910,[name],null,false,true,,[name],anxious-people,,annual,annual,,Active Subscriber,true,Active Subscriber,2025-04-27T06:47:12.000-07:00,15,
371918,[PIN] Book Clubs 1.0 | Communication,ca0a051b-65e4-40cc-9302-77388740b980,https://www.supersummary.com/pythons-kiss/summary/?searchId=46eb51b4-fb16-4f6e-8106-9daaad486354&searchPosition=1,07/12/2026 22:17:11,07/12/2026 22:17:19,1397607,,Mac OS,Safari,"Mozilla/5.0 (Macintosh; Intel Mac OS X 10_15_7) AppleWebKit/605.1.15 (KHTML, like Gecko) Version/26.5.2 Safari/605.1.15",{},URL Event 1 for Study 313699,ec8eb451-24d9-4d6b-b458-16b2959c9400,{},"In your book club or reading group, how do you stay in touch between meetings?
(Select all.)",We don't really stay in touch between meetings,0,0,0,1,0,,"How important is it for you to stay in touch with other members between
meetings?",1,How satisfied are you with the current communication approach in your book club?,5,,,book_club_member,,u_0ea804d75673f846,,,,,,,the-buried-an-archaeology-of-the-egyptian-revolution,,annual_plus,annual,,Active Subscriber,,Active Subscriber,2025-11-07T12:39:13.000-08:00,9,
371918,[PIN] Book Clubs 1.0 | Communication,79b2b949-bf60-4e2c-8c3e-1366a05838a7,https://www.supersummary.com/my-dear-hamilton/summary/?utm_source=google&utm_medium=cpc&utm_campaign=22777360728&utm_content=&utm_term=&gad_source=1&gad_campaignid=22777363182&gbraid=0AAAAADhUVAqEeA5LH1BjZ9nQpS7lr3zcl&gclid=CjwKCAjw9szSBhBNEiwAC57Sqz5kIndFq41iU5fB9-7KceOLmGsNRxgZwPwie7zoeeG5RRZoU6Z3fhoCG84QAvD_BwE,07/12/2026 20:59:01,07/12/2026 20:59:18,1695528,,iOS,GSA,"Mozilla/5.0 (iPhone; CPU iPhone OS 26_5_0 like Mac OS X) AppleWebKit/605.1.15 (KHTML, like Gecko) GSA/428.4.939275213 Mobile/15E148 Safari/604.1",{},URL Event 1 for Study 313699,6c8c4416-7aa6-41d9-9db2-2d399517ef69,{},"In your book club or reading group, how do you stay in touch between meetings?
(Select all.)",We don't really stay in touch between meetings,0,0,0,1,0,,"How important is it for you to stay in touch with other members between
meetings?",1,How satisfied are you with the current communication approach in your book club?,4,,,book_club_member,,u_e8250ad95d77d672,,,,,,,my-dear-hamilton,,annual_plus,annual,,,,Active Subscriber,2026-07-12T13:55:59.000-07:00,0,
371918,[PIN] Book Clubs 1.0 | Communication,afd05ca1-9ace-4d00-93cb-327052d6c977,https://www.supersummary.com/kin-tayari-jones/summary/?searchId=074bd7c5-6073-47ea-ac56-874bfcd756a9&searchPosition=1,07/11/2026 18:43:45,07/11/2026 18:43:57,1694826,,Windows,Chrome,"Mozilla/5.0 (Windows NT 10.0; Win64; x64) AppleWebKit/537.36 (KHTML, like Gecko) Chrome/150.0.0.0 Safari/537.36",{},URL Event 1 for Study 313699,dde0caef-887c-4350-b6ef-9e467aa1aa1d,{},"In your book club or reading group, how do you stay in touch between meetings?
(Select all.)",Email,1,0,0,0,0,,"How important is it for you to stay in touch with other members between
meetings?",3,How satisfied are you with the current communication approach in your book club?,5,,,book_club_member,,u_73f91c11a30275bd,,,,,,,,,annual_plus,,,,,Active Subscriber,,0,
371918,[PIN] Book Clubs 1.0 | Communication,b7308d82-ac86-4d9c-8509-116e3ca0a97d,https://www.supersummary.com/mystic-river/summary/?searchId=03dd6d58-53e1-4eaa-a6b5-8845488bd316&searchPosition=1,07/11/2026 16:09:48,,617388,,Android,Chrome,"Mozilla/5.0 (Linux; Android 10; K) AppleWebKit/537.36 (KHTML, like Gecko) Chrome/150.0.0.0 Mobile Safari/537.36",{},URL Event 1 for Study 313699,af6710b8-b396-40cf-852c-df835a3f9a30,{},"In your book club or reading group, how do you stay in touch between meetings?
(Select all.)",Other,0,0,0,0,1,Text,,,,,,,book_club_member,,u_9b212a258d9d4ccd,,,,,,,small-mercies,,annual,annual,,Active Subscriber,,Active Subscriber,2024-07-28T15:56:23.000-07:00,24,
371918,[PIN] Book Clubs 1.0 | Communication,fe8d08fc-906e-4e11-8068-5738b5b8c29d,https://www.supersummary.com/the-correspondent/summary/?searchId=9bf7c334-3d9c-438f-b75f-d19716e80c54&searchPosition=2,07/10/2026 23:56:40,07/10/2026 23:56:59,236238,,Mac OS,Chrome,"Mozilla/5.0 (Macintosh; Intel Mac OS X 10_15_7) AppleWebKit/537.36 (KHTML, like Gecko) Chrome/150.0.0.0 Safari/537.36",{},URL Event 1 for Study 313699,1d73f5b5-3fc6-418a-b5bc-e2258a72728c,{},"In your book club or reading group, how do you stay in touch between meetings?
(Select all.)",Message apps,0,0,1,0,0,,"How important is it for you to stay in touch with other members between
meetings?",5,How satisfied are you with the current communication approach in your book club?,5,,,book_club_member,,u_85b43cb566a18187,,,,,2022-08-15T21:56:08.129-07:00,,all-the-colors-of-the-dark,,annual,annual,,Active Subscriber,,Active Subscriber,2022-08-15T21:55:29.000-07:00,48,1
371918,[PIN] Book Clubs 1.0 | Communication,feff30bd-a599-48d4-bfa5-37326187fdac,https://www.supersummary.com/the-briar-club/parts-3-4-summary/#guide_page_title,07/10/2026 14:05:15,,1694044,,iOS,Mobile Safari,"Mozilla/5.0 (iPhone; CPU iPhone OS 18_7 like Mac OS X) AppleWebKit/605.1.15 (KHTML, like Gecko) Version/26.5.2 Mobile/15E148 Safari/604.1",{},URL Event 1 for Study 313699,ccc564e0-d9fe-4040-b461-44cfcd533a0e,{},"In your book club or reading group, how do you stay in touch between meetings?
(Select all.)",We don't really stay in touch between meetings,0,0,0,1,0,,"How important is it for you to stay in touch with other members between
meetings?",3,,,,,book_club_member,,u_d916912dc548fbfc,,,,,,,the-briar-club,,annual_essentials,annual,,,,Active Subscriber,2026-07-10T07:00:17.000-07:00,0,
371918,[PIN] Book Clubs 1.0 | Communication,d380b7bb-dc10-4aa1-a7e0-62cdf98448b3,https://www.supersummary.com/the-extraordinary-life-of-sam-hell/summary/?searchId=85f7b44b-d672-4812-a368-f3196f9c8aa0&searchPosition=1,07/10/2026 04:57:35,07/10/2026 04:57:52,340678,,Mac OS,Safari,"Mozilla/5.0 (Macintosh; Intel Mac OS X 10_15_7) AppleWebKit/605.1.15 (KHTML, like Gecko) Version/26.5 Safari/605.1.15",{},URL Event 1 for Study 313699,0d68d54e-7a77-4a6a-a83a-a4ef1edbe7e7,{},"In your book club or reading group, how do you stay in touch between meetings?
(Select all.)",Message apps,0,0,1,0,0,,"How important is it for you to stay in touch with other members between
meetings?",4,How satisfied are you with the current communication approach in your book club?,5,,,book_club_member,,u_384d648573df0623,,,,,,,the-extraordinary-life-of-sam-hell,,annual,annual,,Active Subscriber,,Active Subscriber,2025-05-29T15:05:01.000-07:00,14,0
371918,[PIN] Book Clubs 1.0 | Communication,c019ecb4-8de1-4db4-ac21-1e2295426ee1,https://www.supersummary.com/anna-karenina/summary/?searchId=ceb6b7a1-a6a9-47c9-bd47-ec813ad91664&searchPosition=1,07/10/2026 02:29:05,07/10/2026 02:29:21,321727,,Windows,Chrome,"Mozilla/5.0 (Windows NT 10.0; Win64; x64) AppleWebKit/537.36 (KHTML, like Gecko) Chrome/149.0.0.0 Safari/537.36",{},URL Event 1 for Study 313699,ecda4584-d851-4e88-9ef2-c30f0fa7ddd6,{},"In your book club or reading group, how do you stay in touch between meetings?
(Select all.)",Email,1,0,0,0,0,,"How important is it for you to stay in touch with other members between
meetings?",3,How satisfied are you with the current communication approach in your book club?,4,,,book_club_member,,u_182d7bad33c38cc8,,,,,2023-06-10T07:47:09.557-07:00,,anna-karenina,,annual,annual,,Active Subscriber,,Active Subscriber,2023-05-17T13:15:01.000-07:00,39,1
371918,[PIN] Book Clubs 1.0 | Communication,9c25f6f3-fbf2-46b4-8023-700ff5b47b1e,https://www.supersummary.com/my-friends-fredrik-backman/summary/?utm_source=google&utm_medium=cpc&utm_campaign=17311150304&utm_content=&utm_term=&gad_source=1&gad_campaignid=17311151426&gbraid=0AAAAADhUVAqMw36JGHgt5zmwOFMAlKwJD&gclid=Cj0KCQjwjb3SBhDgARIsAMKiWzjH0eu77J0vmsHt_i2GHZ6ad5igbT7hjtH7zb_e99RxJzgIwwEqjd4aAm58EALw_wcB,07/09/2026 21:50:46,07/09/2026 21:50:53,1550452,,iOS,GSA,"Mozilla/5.0 (iPhone; CPU iPhone OS 26_5_0 like Mac OS X) AppleWebKit/605.1.15 (KHTML, like Gecko) GSA/428.4.939275213 Mobile/15E148 Safari/604.1",{},URL Event 1 for Study 313699,f2ef7cc0-e877-404e-8152-6327bea03808,{},"In your book club or reading group, how do you stay in touch between meetings?
(Select all.)",Email,1,0,0,0,0,,"How important is it for you to stay in touch with other members between
meetings?",4,How satisfied are you with the current communication approach in your book club?,4,,,book_club_member,,u_29cd817b2fdfbd33,,,,,,,my-friends-fredrik-backman,,annual_essentials,annual,,,,Active Subscriber,2026-07-09T14:49:35.000-07:00,0,
371918,[PIN] Book Clubs 1.0 | Communication,caaaa9a8-bbc7-43b1-b711-c04ae5cc7928,https://www.supersummary.com/the-backyard-bird-chronicles/pages-2-43-summary/#guide_page_title,07/09/2026 19:14:53,07/09/2026 19:15:04,1693559,,iOS,GSA,"Mozilla/5.0 (iPhone; CPU iPhone OS 26_5_0 like Mac OS X) AppleWebKit/605.1.15 (KHTML, like Gecko) GSA/428.4.939275213 Mobile/15E148 Safari/604.1",{},URL Event 1 for Study 313699,370b3192-0fb7-4207-a054-2bc0463ff7df,{},"In your book club or reading group, how do you stay in touch between meetings?
(Select all.)",Email,1,0,0,0,0,,"How important is it for you to stay in touch with other members between
meetings?",4,How satisfied are you with the current communication approach in your book club?,4,,,book_club_member,,u_1fbf7b815b405547,,,,,,,the-backyard-bird-chronicles,,annual_plus,,,,,Active Subscriber,,0,
371918,[PIN] Book Clubs 1.0 | Communication,ca6dc7fb-1788-4e10-84bc-2b354567242d,https://www.supersummary.com/raising-hare/summary/?searchId=54cacb57-3493-407e-ad0d-aecf7347234d&searchPosition=1,07/09/2026 18:11:15,07/09/2026 18:11:21,230223,,iOS,GSA,"Mozilla/5.0 (iPhone; CPU iPhone OS 26_5_0 like Mac OS X) AppleWebKit/605.1.15 (KHTML, like Gecko) GSA/428.4.939275213 Mobile/15E148 Safari/604.1",{},URL Event 1 for Study 313699,7c4b8691-d2d5-4147-8b70-56c19fbd6c9a,{},"In your book club or reading group, how do you stay in touch between meetings?
(Select all.)",Email,1,0,0,0,0,,"How important is it for you to stay in touch with other members between
meetings?",5,How satisfied are you with the current communication approach in your book club?,4,,,book_club_member,,u_d75a26691ae61674,,,,,,,a-walk-in-the-park,,annual,annual,,Active Subscriber,,Active Subscriber,2023-10-01T07:03:39.000-07:00,47,0
371918,[PIN] Book Clubs 1.0 | Communication,c3ff25f9-82b2-40ec-8b25-5a95effed1b8,https://www.supersummary.com/the-correspondent/summary/,07/09/2026 13:57:07,,1693316,,Windows,Edge,"Mozilla/5.0 (Windows NT 10.0; Win64; x64) AppleWebKit/537.36 (KHTML, like Gecko) Chrome/149.0.0.0 Safari/537.36 Edg/149.0.0.0",{},URL Event 1 for Study 313699,5d3159af-d20f-41ce-ab4c-86fe4d9c43de,{},"In your book club or reading group, how do you stay in touch between meetings?
(Select all.)",Email,1,0,0,0,0,,,,,,,,book_club_member,,u_abd95679149f09c2,,,,,,,the-correspondent,,annual_essentials,,,,,Active Subscriber,,0,
371918,[PIN] Book Clubs 1.0 | Communication,aaa192d5-2c65-41de-b3d3-09b6c00b7ed4,https://www.supersummary.com/my-friends-fredrik-backman/chapters-9-18-summary/,07/09/2026 11:18:01,07/09/2026 11:18:19,1693233,,iOS,GSA,"Mozilla/5.0 (iPhone; CPU iPhone OS 26_5_0 like Mac OS X) AppleWebKit/605.1.15 (KHTML, like Gecko) GSA/428.4.939275213 Mobile/15E148 Safari/604.1",{},URL Event 1 for Study 313699,b0e095fa-6113-4bcd-94d6-0e5c1117bd70,{},"In your book club or reading group, how do you stay in touch between meetings?
(Select all.)",We don't really stay in touch between meetings,0,0,0,1,0,,"How important is it for you to stay in touch with other members between
meetings?",1,How satisfied are you with the current communication approach in your book club?,3,,,book_club_member,,u_ad36bcffee4ee0ba,,,,,,,my-friends-fredrik-backman,,annual_essentials,annual,,,,Active Subscriber,2026-07-09T04:16:31.000-07:00,0,
371918,[PIN] Book Clubs 1.0 | Communication,70f5d29f-35d5-4302-8dcf-3ee887174229,https://www.supersummary.com/a-far-flung-life/summary/?searchId=e11e97d7-dd04-4501-999f-8fcc21c5244d&searchPosition=1,07/08/2026 22:03:10,,717270,,iOS,Mobile Safari,"Mozilla/5.0 (iPhone; CPU iPhone OS 18_7 like Mac OS X) AppleWebKit/605.1.15 (KHTML, like Gecko) Version/26.5 Mobile/15E148 Safari/604.1",{},URL Event 1 for Study 313699,67edc323-7982-42f4-b668-2d3fc4f0f3c6,{},"In your book club or reading group, how do you stay in touch between meetings?
(Select all.)",[skipped by user],,,,,,,,,,,,book_club_member,book_club_member,,u_a9c950b8100a3757,[name],null,false,true,,[name],this-is-happiness,,annual,annual,,Active Subscriber,true,Active Subscriber,2024-10-09T12:29:14.000-07:00,22,
371918,[PIN] Book Clubs 1.0 | Communication,30159cdd-d0f5-4a75-ad08-12a1b819be0d,https://www.supersummary.com/this-is-happiness/summary/,07/08/2026 21:45:16,07/08/2026 21:45:25,1692872,,Android,Chrome,"Mozilla/5.0 (Linux; Android 10; K) AppleWebKit/537.36 (KHTML, like Gecko) Chrome/149.0.0.0 Mobile Safari/537.36",{},URL Event 1 for Study 313699,1637200a-8ac7-4392-a169-1d37f7c0f083,{},"In your book club or reading group, how do you stay in touch between meetings?
(Select all.)",[skipped by user],,,,,,,"How important is it for you to stay in touch with other members between
meetings?",1,How satisfied are you with the current communication approach in your book club?,1,,,book_club_member,,u_cb9129dbdd7d890c,,,,,,,this-is-happiness,,annual_essentials,,,,,Active Subscriber,,0,
371918,[PIN] Book Clubs 1.0 | Communication,e8d278c3-8cfb-4085-a1da-346d53ef2a1c,https://www.supersummary.com/the-talented-mr-ripley/summary/?searchId=098e7169-576f-4292-88aa-b955b9913a3a&searchPosition=1,07/08/2026 21:34:03,07/08/2026 21:34:17,523066,,Windows,Edge,"Mozilla/5.0 (Windows NT 10.0; Win64; x64) AppleWebKit/537.36 (KHTML, like Gecko) Chrome/150.0.0.0 Safari/537.36 Edg/150.0.0.0",{},URL Event 1 for Study 313699,b3c36f35-9ea8-45b6-ace3-d230c7b84a31,{},"In your book club or reading group, how do you stay in touch between meetings?
(Select all.)",Email,1,0,0,0,0,,"How important is it for you to stay in touch with other members between
meetings?",1,How satisfied are you with the current communication approach in your book club?,3,,,book_club_member,,u_f5cdad7b3a467624,,,,,2024-03-31T17:18:12.602-07:00,,long-island,,annual_39,annual,,Active Subscriber,,Active Subscriber,2024-03-31T17:17:03.000-07:00,28,1
371918,[PIN] Book Clubs 1.0 | Communication,eaf4375f-6e0d-4f1c-a4dc-0c962efeb2c8,https://www.supersummary.com/outlander/part-1-chapters-1-5-summary/#guide_page_title,07/08/2026 20:09:34,07/08/2026 20:09:41,1692740,,Android,Chrome,"Mozilla/5.0 (Linux; Android 10; K) AppleWebKit/537.36 (KHTML, like Gecko) Chrome/149.0.0.0 Mobile Safari/537.36",{},URL Event 1 for Study 313699,4f252464-34d9-42a2-8f83-acd52f6f47ec,{},"In your book club or reading group, how do you stay in touch between meetings?
(Select all.)",Message apps,0,0,1,0,0,,"How important is it for you to stay in touch with other members between
meetings?",4,How satisfied are you with the current communication approach in your book club?,5,,other,Book club member,,u_963d852b5d8bdddf,[name],null,false,true,,[name],outlander,,monthly_plus_google-16-65-USD,monthly,,,true,Active Subscriber,2026-07-08T12:59:35.000-07:00,0,
371918,[PIN] Book Clubs 1.0 | Communication,5c9c81b1-8ff1-4f74-a417-619a0e87905a,https://www.supersummary.com/the-lion-women-of-tehran/part-1-chapters-1-8-summary/,07/08/2026 18:12:18,,1692676,,iOS,Mobile Safari,"Mozilla/5.0 (iPhone; CPU iPhone OS 18_7 like Mac OS X) AppleWebKit/605.1.15 (KHTML, like Gecko) Version/26.5 Mobile/15E148 Safari/604.1",{},URL Event 1 for Study 313699,ba5d323d-8d9d-4045-8b06-8c11f668cf94,{},"In your book club or reading group, how do you stay in touch between meetings?
(Select all.)",We don't really stay in touch between meetings,0,0,0,1,0,,,,,,,,book_club_member,,u_4b962e821f99a1f8,,,,,,,the-lion-women-of-tehran,,annual_plus,annual,,,,Active Subscriber,2026-07-08T11:11:40.000-07:00,0,
371918,[PIN] Book Clubs 1.0 | Communication,a90a484b-2200-424b-bd3a-99b802ed9486,https://www.supersummary.com/we-the-people/summary/,07/08/2026 17:42:34,07/08/2026 17:42:43,1692287,,Windows,Chrome,"Mozilla/5.0 (Windows NT 10.0; Win64; x64) AppleWebKit/537.36 (KHTML, like Gecko) Chrome/149.0.0.0 Safari/537.36",{},URL Event 1 for Study 313699,e16b76c1-373a-4008-be4f-4e8d7a971299,{},"In your book club or reading group, how do you stay in touch between meetings?
(Select all.)",Message apps,0,0,1,0,0,,"How important is it for you to stay in touch with other members between
meetings?",4,How satisfied are you with the current communication approach in your book club?,5,,,book_club_member,,u_71b25101037c198c,,,,,,,we-the-people,,annual_plus,annual,,,,Active Subscriber,2026-07-08T10:39:53.000-07:00,0,
371918,[PIN] Book Clubs 1.0 | Communication,f98cd179-1102-4759-b94a-5ee360d0dee1,https://www.supersummary.com/what-we-can-know/summary/#guide_page_title,07/08/2026 04:57:35,,1692286,,iOS,Chrome,"Mozilla/5.0 (iPhone; CPU iPhone OS 26_5_0 like Mac OS X) AppleWebKit/605.1.15 (KHTML, like Gecko) CriOS/150.0.7871.51 Mobile/15E148 Safari/604.1",{},URL Event 1 for Study 313699,cd268de6-b969-4733-b7ec-6f35a87b6789,{},"In your book club or reading group, how do you stay in touch between meetings?
(Select all.)",Message apps,0,0,1,0,0,,,,,,,,book_club_member,,u_6e069e4abc411fb2,,,,,,,what-we-can-know,,annual_essentials,,,,,Active Subscriber,,0,
371918,[PIN] Book Clubs 1.0 | Communication,6cdfb7cd-c9c3-487e-80d4-8dedcb481245,https://www.supersummary.com/the-long-way-home/chapters-36-41-summary/#guide_page_title,07/08/2026 01:24:26,07/08/2026 01:24:33,1469812,,iOS,Mobile Safari,"Mozilla/5.0 (iPhone; CPU iPhone OS 18_7 like Mac OS X) AppleWebKit/605.1.15 (KHTML, like Gecko) Version/26.5 Mobile/15E148 Safari/604.1",{},URL Event 1 for Study 313699,36293ccc-d343-4fff-9fa0-872e547b3e4f,{},"In your book club or reading group, how do you stay in touch between meetings?
(Select all.)",Message apps,0,0,1,0,0,,"How important is it for you to stay in touch with other members between
meetings?",4,How satisfied are you with the current communication approach in your book club?,4,,,book_club_member,,u_507782198a39e657,,,,,,,the-long-way-home,,annual_essentials,annual,,Active Subscriber,,Active Subscriber,2026-01-12T10:14:06.000-08:00,6,
371918,[PIN] Book Clubs 1.0 | Communication,540e8257-be15-4943-a8bc-0a0bce78a3f7,https://www.supersummary.com/hamlet/summary/?searchId=a4f7603e-c156-42e9-acf3-2e20b77bff9f&searchPosition=1,07/08/2026 01:04:46,,714701,,iOS,Mobile Safari,"Mozilla/5.0 (iPhone; CPU iPhone OS 18_7 like Mac OS X) AppleWebKit/605.1.15 (KHTML, like Gecko) Version/26.5 Mobile/15E148 Safari/604.1",{},URL Event 1 for Study 313699,73bec377-f2c5-45d6-92a0-6e4928f2c3aa,{},"In your book club or reading group, how do you stay in touch between meetings?
(Select all.)",Message apps,0,0,1,0,0,,"How important is it for you to stay in touch with other members between
meetings?",5,,,,,book_club_member,,u_6c3c96a36eea0ee3,,,,,,,project-hail-mary,,monthly_essentials,monthly,,Active Subscriber,,Active Subscriber,2026-03-07T04:48:15.000-08:00,6,
371918,[PIN] Book Clubs 1.0 | Communication,5fe4c59c-babd-4c2a-84b8-d53de7c62676,https://www.supersummary.com/guess-again/parts-1-3-summary/#guide_page_title,07/08/2026 00:02:10,07/08/2026 00:02:18,301341,,Android,Samsung Internet,"Mozilla/5.0 (Linux; Android 10; K) AppleWebKit/537.36 (KHTML, like Gecko) SamsungBrowser/30.0 Chrome/143.0.0.0 Mobile Safari/537.36",{},URL Event 1 for Study 313699,4109bb2d-438e-4a1f-ba22-0af791a469ac,{},"In your book club or reading group, how do you stay in touch between meetings?
(Select all.)",Facebook Group,0,1,0,0,0,,"How important is it for you to stay in touch with other members between
meetings?",3,How satisfied are you with the current communication approach in your book club?,3,,book_club_member,book_club_member,,u_6678b736501ed0b8,[name],null,false,true,,[name],guess-again,,annual,annual,,Visitor,true,Active Subscriber,2023-01-15T09:33:19.000-08:00,43,0
371918,[PIN] Book Clubs 1.0 | Communication,d9cb93b3-7aa9-409b-9d02-fb8ca3fed4f4,https://www.supersummary.com/taiwan-travelogue/summary/,07/07/2026 22:14:39,07/07/2026 22:14:48,1692053,,iOS,Mobile Safari,"Mozilla/5.0 (iPhone; CPU iPhone OS 18_7 like Mac OS X) AppleWebKit/605.1.15 (KHTML, like Gecko) Version/26.5 Mobile/15E148 Safari/604.1",{},URL Event 1 for Study 313699,7a250afb-c4a8-4da6-82ce-36be114cb0c1,{},"In your book club or reading group, how do you stay in touch between meetings?
(Select all.)",Email,1,0,0,0,0,,"How important is it for you to stay in touch with other members between
meetings?",5,How satisfied are you with the current communication approach in your book club?,5,,,book_club_member,,u_3fdccecf1a93a64c,,,,,,,taiwan-travelogue,,annual_essentials,annual,,,,Active Subscriber,2026-07-07T15:09:57.000-07:00,0,
371918,[PIN] Book Clubs 1.0 | Communication,36dc48d4-b0e2-4c67-8366-579946c5fb92,https://www.supersummary.com/theo-of-golden/prologue-and-chapters-1-12-summary/,07/07/2026 21:50:35,07/07/2026 21:50:44,1692031,,Windows,Firefox,Mozilla/5.0 (Windows NT 10.0; Win64; x64; rv:152.0) Gecko/20100101 Firefox/152.0,{},URL Event 1 for Study 313699,c9b2e73d-fe38-4ef4-a74a-5a7b3bffd597,{},"In your book club or reading group, how do you stay in touch between meetings?
(Select all.)",Email,1,0,0,0,0,,"How important is it for you to stay in touch with other members between
meetings?",3,How satisfied are you with the current communication approach in your book club?,5,,,book_club_member,,u_f6ce573babffd8da,,,,,,,theo-of-golden,,annual_plus,,,,,Active Subscriber,,0,
371918,[PIN] Book Clubs 1.0 | Communication,d6865512-3866-4984-a5b7-746724cb7249,https://www.supersummary.com/atmosphere/summary/?searchId=3fde8426-3ba3-4166-bce0-d99afd2c7a62&searchPosition=1,07/07/2026 19:35:29,07/07/2026 19:35:38,624773,,Windows,Edge,"Mozilla/5.0 (Windows NT 10.0; Win64; x64) AppleWebKit/537.36 (KHTML, like Gecko) Chrome/150.0.0.0 Safari/537.36 Edg/150.0.0.0",{},URL Event 1 for Study 313699,4c021b0c-1176-4a2f-b42c-8e540bb0c249,{},"In your book club or reading group, how do you stay in touch between meetings?
(Select all.)",Email,1,0,0,0,0,,"How important is it for you to stay in touch with other members between
meetings?",5,How satisfied are you with the current communication approach in your book club?,5,,,book_club_member,,u_ae8f727beb96158b,,,,,,,wild-dark-shore,,annual,annual,,Active Subscriber,,Active Subscriber,2024-08-11T10:06:34.000-07:00,24,
371918,[PIN] Book Clubs 1.0 | Communication,aec7a11a-2c24-4afb-9889-f57f6143df24,https://www.supersummary.com/my-husbands-wife/summary/?searchId=a3b6556b-097a-4e27-ae2a-c77541b7dede&searchPosition=2,07/07/2026 18:29:22,07/07/2026 18:29:31,1691866,,iOS,Mobile Safari,"Mozilla/5.0 (iPhone; CPU iPhone OS 18_7 like Mac OS X) AppleWebKit/605.1.15 (KHTML, like Gecko) Version/26.5 Mobile/15E148 Safari/604.1",{},URL Event 1 for Study 313699,bd08952b-b8fa-4ed3-8a0b-fb3316b143d8,{},"In your book club or reading group, how do you stay in touch between meetings?
(Select all.)",Message apps,0,0,1,0,0,,"How important is it for you to stay in touch with other members between
meetings?",1,How satisfied are you with the current communication approach in your book club?,1,,,book_club_member,,u_96aac858b565655f,,,,,,,,,annual_plus,,,,,Active Subscriber,,0,
