   ,Notes/Sent Email,Amount,Eligible for refund,Timestamp,What is the email address associated with your SuperSummary account?,What would have made you stay?,Why do you want to cancel?,I am not pleased with the website because,Title and author,I think the content,I expected to find,What technical issue did you encounter, I don't need it anymore because,@dropdown
,FALSE,,Retention Attempt,8/31/2026 18:28:33,u_dadb4c4cd5fac73b,Cheaper,It's too expensive,,,,,,,
,FALSE,,Retention Attempt,8/31/2026 17:23:05,u_405757c3652f68bd,Lower prices for downloads,It's too expensive,,,,,,,
Canceled,FALSE,60,Refunded,8/31/2026 17:03:29,u_8340373e1e541b03,I thought I canceled my subscription last year and haven’t used it since the first couple of days of purchasing it.,I no longer need it,,,,,,,
Canceled,FALSE,60,Refunded,8/31/2026 16:22:03,u_addebf56a3da94e5,"Nothing. Maybe I just chose the wrong app, but this isn’t going to work for me. ",My desired study guide(s) is not available,,"Linguistics for everyone, an introduction by Kristin Denham and Anne Lobeck",,,,,
Canceled,FALSE,36,Refunded,8/31/2026 14:54:00,u_45be7a0a228d017d,"the summary is too superficial, more like skimming than summarizing.",The available content did not meet my expectations,,,,,,,
Canceled,FALSE,36,Refunded,8/31/2026 14:46:19,u_d4ea05f14739429b,If there were better options on reading the book ,The available content did not meet my expectations,,,,,,,
Canceled,FALSE,16.65,Refunded,8/31/2026 13:35:26,u_3d5c64889ab175d8,"Nothing will make me want to stay as I do not need this at the moment. I accidentally clicked  annual subscription as I didn’t realise the tab at the top was on annual instead of for 1 month, and assumed I was paying for ONLY one month as a trial. Please can you refund me the money for annual payment. Please can you email me a response as soon as you can. I made this error just in the past 10 minutes and realised my huge error a few seconds too late.",It's too expensive,,,,,,,
Canceled,FALSE,60,Refunded,8/31/2026 12:39:14,u_4429d05423d093a5,If I could access the books that I am desiring,My desired study guide(s) is not available,,The Other Side by Mandy Blake,,,,,
Canceled,FALSE,60,Refunded,8/31/2026 12:25:41,u_5324a3ea9befa20a,not having to pay ,I no longer need it,,,,,,,
Canceled,FALSE,36,Refunded,8/31/2026 12:19:00,u_8c9aa681ccb3849c,Nothing,I no longer need it,,,,,,,
Canceled,FALSE,36,Refunded,8/31/2026 11:54:22,[email],"too difficult to naviaget
",I encountered a technical issue,,,,,,,
,FALSE,,cant find cx,8/31/2026 10:05:45,u_4b8ace012a8e9743,Nothing,The available content did not meet my expectations,,,,,,,
,FALSE,,cant find cx,8/31/2026 9:03:44,u_f616d2298d196e76,nothing ,The available content did not meet my expectations,,,,,,,
Canceled,FALSE,9.95,Refunded,8/31/2026 6:33:20,u_8eaba30550714075,Nothing really as it was not helpful sadly. ,The available content did not meet my expectations,,,,,,,
Canceled,FALSE,60,Retention Failed,8/30/2026 21:32:31,u_24c69ced62f65649,"I want to stay but I need to test it out for the week. I paid 60 for the yearly plan but I did not want to do that, monthly would have been fine but that was way too much.",I encountered a technical issue,,,,,,,
Canceled,FALSE,60,Refunded,8/30/2026 21:01:21,u_486347e4d0f73e5f,"Fully downloadable study guides would be great, but like I said I want a refund on this one and I will purchase again later.",I am going to be purchasing on another account. I rarely use this email and it is not always easy to gain access. ,,,,,,,
Canceled,FALSE,16.65,Refunded,8/30/2026 19:29:34,u_273c7491f7a79763,Better content,The available content did not meet my expectations,,,,,,,
Canceled,FALSE,36,Refunded,8/30/2026 17:32:00,u_a3480263d8b066a1,I signed up for a 7 day trial and decided I did not need super summary. I would like a refund. I am not sure what would have made me stay. ,It's too expensive,,,,,,,
Canceled,FALSE,9.95,Refunded,8/30/2026 16:39:42,u_df2187ca565890ab,More accurate information ,The available content did not meet my expectations,,,,,,,
Canceled,FALSE,9.95,Refunded,8/30/2026 15:03:14,u_bca1cabf063bd667,nothing,subscribed by mistake,,,,,,,
Canceled,FALSE,9.95,Refunded,8/30/2026 13:02:54,u_d605fe19ec09239b,More in depth synopsis ,The available content did not meet my expectations,,,,,,,
Canceled,FALSE,9.95,Refunded,8/30/2026 12:52:50,u_3799d0f46a3058c0,If I continued to need it for reading for book club otherwise it was very helpful,I no longer need it,,,,,,,
Canceled,FALSE,16.65,Refunded,8/30/2026 10:39:44,u_0768ad0dabcbc5e1,/,My desired study guide(s) is not available,,/,,,,,
Canceled,FALSE,36,Refunded,8/30/2026 10:19:00,u_92a090b9da83802a,If I would need it,I no longer need it,,,,,,,
,FALSE,,Retention Attempt,8/30/2026 9:40:39,u_f70c4a7f7d5321b1,If I had the money ,I thought it was a free trial not money back ,,,,,,,
Canceled,FALSE,36,Refunded,8/30/2026 9:28:48,u_ac80b59e89e2a37f,make it free,The available content did not meet my expectations,,,,,,,
,FALSE,,cant find cx,8/30/2026 8:42:55,u_bb01907f805bcc63,If it was cheaper,I no longer need it,,,,,,,
Canceled,FALSE,36,Refunded,8/30/2026 8:20:00,u_fe6249f31cdc77c8,"I’m requesting a refund as the annual fee was just paid via PayPal today. I honestly thought I’d cancelled this subscription service already. I no longer need the guides. I teach college, and the guides seem more geared toward high school. More importantly, I’m on sabbatical this year and don’t have any teaching responsibilities, so I won’t need the study guides. The cost is too high to hold onto it for a year that I won’t be teaching. Please consider refunding the money and canceling my subscription. Thank you. ",I no longer need it,,,,,,,
Canceled,FALSE,36,Refunded,8/30/2026 7:50:14,u_273566d79283756e,N/A ,The available content did not meet my expectations,,,,,,,
Canceled,FALSE,36,Refunded,8/30/2026 5:34:51,u_3e5d13e0da5b377d,Bigger focus on international books not primarily written in English. ,The available content did not meet my expectations,,,,,,,
Canceled,FALSE,36,Refunded,8/29/2026 21:23:38,u_154b78de3636a2da,If it didn’t take my last dollars.,It's too expensive,,,,,,,
Canceled,FALSE,36,Refunded,8/29/2026 20:24:29,u_39d3deebcd371b91,Content that met my expectations,The available content did not meet my expectations,,,,,,,
Canceled,FALSE,60,Refunded,8/29/2026 19:21:53,u_e068ffc40b4d9b5e,z,It's too expensive,,,,,,,
Canceled,FALSE,60,Refunded,8/29/2026 18:21:37,u_7e073a5509a6a75d,Easier to navigate site,I don´t like the website,,,,,,,
Canceled,FALSE,60,Refunded,8/29/2026 16:06:50,u_de5bd0f198a493b1,If I didn’t have to pay 60 upfront ,I wanted to cancel because I was going to use your guys subscription for one of the books I need for school. However I didn’t see that I needed to pay 60 dollars until it was too late. I would love it if I can get my money back I haven’t used your guys subscription at all. I promise.,,,,,,,
Canceled,FALSE,60,Refunded,8/29/2026 14:36:44,u_b08657bc4e785e04,More comprehensive questions per chapter rather than groupings of chapters.,The available content did not meet my expectations,,,,,,,
Canceled,FALSE,36,Refunded,8/29/2026 13:26:53,u_45be7a0a228d017d,too general.  Feel like I am missing too much.  Just an outline.,The available content did not meet my expectations,,,,,,,
Canceled,FALSE,36,Refunded,8/29/2026 12:53:28,u_1d6df30b6b62b7c1,I’m retired. ,I no longer need it,,,,,,,
Canceled,FALSE,60,Refunded,8/29/2026 7:57:08,u_c4ed3cb447cf04df,Nothing,I no longer need it,,,,,,,
,FALSE,,PlayStore/AppStore,8/29/2026 7:10:25,u_456d57f6f04f2710,"If the yearly price was less than it is. I am not finding watch I am looking for, for the price. If monthly was $5 a month would have stayed. ",It's too expensive,,,,,,,
Canceled,FALSE,60,Refunded,8/29/2026 6:36:03,u_0ca89d171773b2e1,"If I needed it more, but for once a year its isn't worth it",It's too expensive,,,,,,,
Canceled,FALSE,36,Refunded,8/29/2026 3:13:56,u_a15210dae242be98,nothing,It's too expensive,,,,,,,
Canceled,FALSE,36,Refunded,8/28/2026 23:00:58,u_9a019a0b42d2c98f,"I no longer need it, but i will definitely come back when I need the teaching resource. ",I no longer need it,,,,,,,
Canceled,FALSE,60,Refunded,8/28/2026 21:04:15,u_39d3deebcd371b91,Better content and cheaper price,The available content did not meet my expectations,,,,,,,
Canceled,FALSE,36,Refunded,8/28/2026 20:41:38,u_f4d8e4904fe9722e,If it had more books i wanted summarized,The available content did not meet my expectations,,,,,,,
Canceled,FALSE,60,Refunded,8/28/2026 19:33:42,u_1a4004b15c905fbb,If you had information in Spanish as well for Spanish class,The available content did not meet my expectations,,,,,,,
Canceled,FALSE,60,Refunded,8/28/2026 16:03:19,u_47c9f3c2263def55,Having access to the original source and an agent that can help identify quotes and literary devices based on ones request. ,I no longer need it,,,,,,,
Canceled,FALSE,36,Refunded,8/28/2026 15:20:39,u_7d26b8db89a219ff,"It is too expensive for what I get. I understood that I would be able to cancel if it didn't meet my needs and I was billed on 7/15/2026. I thought I had dropped it right away, but now it is saying that I haven't. ",I don´t like the website,,,,,,,
Canceled,FALSE,60,Refunded,8/28/2026 15:08:18,u_6d1d5fc0f9d8fdfb,It’s too in-depth and complex for a group of very old ladies.,The available content did not meet my expectations,,,,,,,
,,,Retention Attempt,8/28/2026 15:06:38,u_7f91a5df7592c245,if it was free,It's too expensive,,,,,,,
Canceled,FALSE,36,Refunded,8/28/2026 13:42:57,u_2a3047d4b98b453a,Less expensive on a monthly basis.,The PDF printable and quizzes weren't available on the lower subscription and I don't want to pay $60 for the pro plan. It's not really what I was looking for. I activated it realized I got charged right away and then had to pay more for the feature I might use and decided it's just not worth it right now since money is tight.,,,,,,,
Canceled,FALSE,9.95,Refunded,8/28/2026 13:25:00,u_e5ac0a55a1cd8af4,"If I had more use for it, but I can't use it for much right now.",It's too expensive,,,,,,,
Canceled,FALSE,60,Refunded,8/28/2026 12:49:15,u_3ec2cde8de7031f2,Nothing ,I no longer need it,,,,,,,
Canceled,FALSE,60,Refunded,8/28/2026 10:20:37,u_3b494e43a20ae16f,Nothing,Cancelled prior to assessing,,,,,,,
,FALSE,,Retention Attempt,8/28/2026 9:08:43,u_6c67c3bd54e859dd,Cheaper,It's too expensive,,,,,,,
,FALSE,,cant find cx,8/28/2026 8:18:43,u_40f2a3582998e00e,don't need this,I've never seen this site before I saw the charge on my credit card,,,,,,,
Canceled,FALSE,36,Refunded,8/28/2026 6:29:02,u_b2283deeb35b8c9f,Availability of books I read,My desired study guide(s) is not available,,Framley Parsonage by Anthony Trollup ,,,,,
Canceled,FALSE,60,Refunded,8/28/2026 6:12:55,u_857fef45ca306cd8,Not what I needed ,The available content did not meet my expectations,,,,,,,
,FALSE,,Retention Attempt,8/28/2026 4:46:07,u_20859dcfad327249,a monthly membership rather than annual,It's too expensive,,,,,,,
Canceled,FALSE,60,Refunded,8/28/2026 3:24:39,u_4ae8091dee12bf67,Cheaper price ,I no longer need it,,,,,,,
Canceled,FALSE,9.95,Refunded,8/27/2026 20:24:31,u_7be8b82f882ada66,More detail and specifics in the synopsis of the content ,The available content did not meet my expectations,,,,,,,
,FALSE,,cant find cx,8/27/2026 20:03:56,u_32f9d79bc251bb93,Chapter by chapter summary ,The available content did not meet my expectations,,,,,,,
Canceled,FALSE,36,Refunded,8/27/2026 11:33:57,u_e47649ec6a262052,.,I no longer need it,,,,,,,
,FALSE,,Retention Attempt,8/27/2026 9:28:12,u_cd30b88cf9f983f8,"Your initial sign-up page made it seem like there was a 7-day free trial, but I received an email from PayPal that I was charged immediately. A 7-day free trail and 7-day money back guarantee are completely different. Your initial language made it seem as though I would be charged after the seven day trial period, but your language changed to money back guarantee after you hooked me. A true free-trial would have had a better chance of keeping me as a customer rather than tricking me into a membership. Please refund me and cancel my membership.",Deceptive practices,,,,,,,
Canceled,FALSE,60,Refunded,8/27/2026 9:07:40,u_e0eb87544f93e6c7,maybe discount more..? i mean i don't really have money and I don't think this website is worthy to pay $60. ,The available content did not meet my expectations,,,,,,,
Canceled,FALSE,36,Refunded,8/26/2026 20:21:56,u_aeb14f4770ff394b,If the book I wanted was available,My desired study guide(s) is not available,,Ominous KV Rose,,,,,
,FALSE,,Retention Attempt,8/26/2026 19:57:33,u_f0081ab7b7e4ed28,I would like to stay but I didn't realize I would get charged on the same day. I thought it would be a free trial but I misunderstood and I can't afford it right now. ,It's too expensive,,,,,,,
Canceled,FALSE,36,Refunded,8/26/2026 19:42:12,u_edc6d26cc9a6a7e3,Nothing at time.  ,I no longer need it,,,,,,,
Canceled,FALSE,36,Refunded,8/26/2026 19:25:11,u_db400882a023f22c,Free trial,I only wanted free trial,,,,,,,
Canceled,FALSE,60,Refunded,8/26/2026 15:20:24,u_aab4257894f356b2,"I felt it wasn't all that useful in my studies. It does provide somewhat of an analysis of each chapter, which is great. But I wish that it went more in depth with the analysis. Great website, just didn't have what I needed. Thank you!",The available content did not meet my expectations,,,,,,,
Canceled,FALSE,60,Refunded,8/26/2026 13:43:14,u_e55b75dbcdd16c5e,Easier to use and better content ,The available content did not meet my expectations,,,,,,,
Canceled,FALSE,60,Refunded,8/26/2026 13:42:03,u_e55b75dbcdd16c5e,I have not been able to get complete summaries and find it difficult to use ,The available content did not meet my expectations,,,,,,,
Canceled,FALSE,60,Refunded,8/26/2026 13:30:33,u_9c0abb35021d8bec,I don’t need this level of detail and won’t get my moneys worth. Would have stayed if it was a bit cheaper. ,It's too expensive,,,,,,,
Canceled,FALSE,36,Refunded,8/26/2026 11:54:49,u_5dc7a6148bece2f4,Nothing as I don’t remember signing up for it,I no longer need it,,,,,,,
Canceled,FALSE,60,Refunded,8/26/2026 11:43:32,u_d744b13465a6da52,"Better summaires, deeper analysis of imagery, conversations, character developement",The available content did not meet my expectations,,,,,,,
Canceled,FALSE,60,Refunded,8/26/2026 11:37:24,u_58615e8308d69768,Less subjective commentary.,The available content did not meet my expectations,,,,,,,
Canceled,FALSE,60,Refunded,8/26/2026 9:07:50,u_cde488698865f927,Nothing,It's too expensive,,,,,,,
,FALSE,,cant find cx,8/26/2026 9:06:20,u_87cf03241f10aef3,Nothing. I don't have time for this right now.,I accidentally subscribed when I was trying to see the price and check out the cancellation policy.,,,,,,,
Canceled,FALSE,16.65,Refunded,8/26/2026 8:57:53,u_e6bd8bb6199114aa,A better quality,The available content did not meet my expectations,,,,,,,
Canceled,FALSE,16.65,Refunded,8/26/2026 8:57:38,u_e6bd8bb6199114aa,A better quality,The available content did not meet my expectations,,,,,,,
Canceled,FALSE,36,Refunded,8/26/2026 6:13:42,u_158ee5a840b79897,I have not used this in over a year and I still got charged for 2025 and since it got canceled this year I should not get charged for 2026.,It's too expensive,,,,,,,
Canceled,FALSE,60,Refunded,8/25/2026 20:25:31,u_7c9db0e72621f5cc,"If there were more books with summaries that I'm interested in. Specifically, summaries of more books ripe for TV/film adaptation. I work in film/TV development, so summaries help me determine if I'd like to option a book or not.",There aren't enough books I'd like summaries for.,,,,,,,
Canceled,FALSE,60,Refunded,8/25/2026 19:57:56,u_be155c7bcd72f670,Cheaper price ,It's too expensive,,,,,,,
Canceled,FALSE,9.95,Refunded,8/25/2026 19:41:44,u_99f1eb8bd67a5aa9,I would like chapter and/or page by page analysis. For example I wanted to see analysis on a particular scene that happened in a chapter. ,The available content did not meet my expectations,,,,,,,
Canceled,FALSE,60,Refunded,8/25/2026 18:47:29,u_be155c7bcd72f670,If it was cheaper ,I thought it was a seven day free trial but I was charged and the bill is too expensive ,,,,,,,
Canceled,FALSE,9.95,Refunded,8/25/2026 18:02:43,u_6bb8a75982ad200c,Nothing ,I don´t like the website,,,,,,,
Canceled,FALSE,36,Refunded,8/25/2026 16:47:38,u_fd228c07f2b79e00,idk,The available content did not meet my expectations,,,,,,,
Canceled,FALSE,9.95,Refunded,8/25/2026 16:12:47,u_9ecba9eb1bd0dd9b,cheap,It's too expensive,,,,,,,
Canceled,FALSE,60,Refunded,8/25/2026 15:23:55,u_06b05c5804cfcad9,Different approach,The available content did not meet my expectations,,,,,,,
,FALSE,,Retention Attempt,8/25/2026 15:04:41,u_47c7671dacb7a1c0,A much cheaper subscription,It's too expensive,,,,,,,
Canceled,FALSE,36,Refunded,8/25/2026 14:52:26,u_2821fc484dc33615,Better content,The available content did not meet my expectations,,,,,,,
Canceled,FALSE,9.95,Refunded,8/25/2026 12:04:18,u_6d99d1f165482eaa,"I would have stayed subscribed if the study guides had provided more detailed analysis, clearer explanations, and more useful insights beyond what I could find in free summaries online. Unfortunately, the content did not feel comprehensive enough to justify the subscription cost for my needs.",The available content did not meet my expectations,,,,,,,
Canceled,FALSE,36,Refunded,8/25/2026 10:01:38,u_3d6c7263b4b7ab0c,"Being able to for search general ideas, if you don't know what book you are exactly looking for.",The available content did not meet my expectations,,,,,,,
,FALSE,,cant find cx,8/25/2026 6:56:17,u_93ca1af1f0774eba,Nothing would make me stay ,It's too expensive for my needs,,,,,,,
Canceled,FALSE,16.65,Refunded,8/24/2026 19:04:03,u_e56c2fcec22ade33,if the subscription costed less I wouldve stayed but it felt like a hardship of financial needs at the moment which I believe wasn't worth it ,I no longer need it,,,,,,,
Canceled,FALSE,36,Refunded,8/24/2026 17:07:26,u_db1d6a2321c6355d,Abitlity to view text aside description,I no longer need it,,,,,,,
Canceled,FALSE,36,Refunded,8/24/2026 16:20:35,u_b923fe97e372a2ec,Free Trial to experience site contents and available resources.,The available content did not meet my expectations,,,,,,,
Canceled,FALSE,60,Refunded,8/24/2026 16:04:48,u_9f204b6b2a9e1140,Nothing. I need a refund.,"Never told it was gonna be 60 dolllars upfront, now I’m over drafted due to this. ",,,,,,,
Canceled,FALSE,36,Refunded,8/24/2026 12:33:15,u_6dc70465697f0fa4,If i needed it,I no longer need it,,,,,,,
Canceled,FALSE,9.95,Refunded,8/24/2026 11:16:50,u_67703a47ecf7dc4b,                                                          ,The available content did not meet my expectations,,,,,,,
,FALSE,,Retention Attempt,8/24/2026 9:23:40,u_54058fc3c1327185,"i used a few time, but now I paied for a mistake 60 euros",It's too expensive,,,,,,,
Canceled,FALSE,36,Refunded,8/24/2026 9:21:36,u_3d874bfabc96adf4,Spell check of names in books,The available content did not meet my expectations,,,,,,,
Canceled,FALSE,36,Refunded,8/24/2026 6:34:08,u_2ccc0ab0d7da112d,Nothing ,I no longer need it,,,,,,,
Canceled,FALSE,9.95,Refunded,8/24/2026 5:08:35,u_22229a016cd893b4,"Like I said in my previous answer, there are simply too many books missing that I would need study guides for on this platform for the subscription to make sense to me.",My desired study guide(s) is not available,,"I was hoping to find more of the novels that are part of my English Lit Course like Fielding's Tom Jones, Burney's Evelina (just a summary), several works by Joseph Conrad (Shadow Line, Almayer's Folly etc.) - and many more... That's why a subscription simply doesn't make any sense for me at this point in time.",,,,,
Canceled,FALSE,60,Refunded,8/23/2026 20:15:32,u_552237c22137d212,None,The available content did not meet my expectations,,,,,,,
Canceled,FALSE,36,Refunded,8/23/2026 18:53:25,u_09ce889704d9473c,Please refund,I don´t like the website,,,,,,,
Canceled,FALSE,36,Refunded,8/23/2026 18:50:01,u_09ce889704d9473c,Not charging me for a FREE trial,"I signed up for a free 7 day trial and got charged? I canceled within signing up because I was supposed to get a trial. This feels like I got scammed. Please refund me as again, it was advertised as a FREE trial",,,,,,,
Canceled,FALSE,60,Refunded,8/23/2026 18:42:46,u_f0a290b06ca4d89c,"There isn't a book club in my area, and I wanted to read discussion points about books I had read to think about them more in depth. I felt like the material reminded me more of high school English class than doing a deep dive as a solo adult reader. I think if there had been a forum/discussion page that would have been helpful for me to feel a community on this site. ","There isn't a book club in my area, and I wanted to read discussion points about books I had read to think about them more in depth. I felt like the material reminded me more of high school English class than doing a deep dive as a solo adult reader.",,,,,,,
Canceled,FALSE,36,Refunded,8/23/2026 18:38:51,u_8135f5dd0cbaf6ec,Better content,The available content did not meet my expectations,,,,,,,
,FALSE,,Retention Attempt,8/23/2026 17:40:05,u_0abb214a9996a91b,I purchased a subscription when looking at book club questions for a book. I thought there was more behind the paywall. I don’t need book summaries. ,The available content did not meet my expectations,,,,,,,
Canceled,FALSE,9.95,Refunded,8/23/2026 17:22:52,u_009c8980583c9073,More detailed information ,The available content did not meet my expectations,,,,,,,
Canceled,FALSE,60,Refunded,8/23/2026 17:19:03,u_b64da2a0b83c582d,More fun and actual related questions. Not theoretical ones about what certain things are implying,The available content did not meet my expectations,,,,,,,
Canceled,FALSE,9.95,Refunded,8/23/2026 16:45:22,u_62fc4d8e667547ac,More detailed summaries of each chapter in the book.,I don´t like the website,,,,,,,
Canceled,FALSE,16.65,Refunded,8/23/2026 16:18:38,u_53efd5783dbced8b,If you had the books I need,My desired study guide(s) is not available,,"Growing Home, the last resort, cruiselife",,,,,
Canceled,FALSE,36,Refunded,8/23/2026 14:11:27,u_007c76262435ca7b,Nothing! I don’t want this. Didn’t know I had it! Won’t use it! Cannot afford it! Please refund and cancel!!!,I didn’t even know I HAD a subscription and I’m not using whatever it is! ,,,,,,,
,FALSE,,Retention Attempt,8/23/2026 11:09:26,u_e13a415c064cc838,If the service was cheaper and did not require you to purchase an entire year subscription.,It's too expensive,,,,,,,
Canceled,FALSE,9.95,Refunded,8/23/2026 9:51:22,u_53f7c0e142d687d3,"Cheaper price, better information regarding the books",The available content did not meet my expectations,,,,,,,
Canceled,FALSE,9.95,Refunded,8/23/2026 9:24:41,u_a240eb98f15b98c8,If the website/summary offered more of what I was looking for in terms of content and description. ,The available content did not meet my expectations,,,,,,,
Canceled,FALSE,60,Refunded,8/23/2026 8:06:29,u_12fdfa2a7e421d82,Nothing.  I really don't use these guides for my reading,It's too expensive,,,,,,,
Canceled,FALSE,60,Refunded,8/22/2026 23:00:50,u_86d3472edb083535,The content was not exactly what I was looking for unfortunately.,The available content did not meet my expectations,,,,,,,
Canceled,FALSE,36,Refunded,8/22/2026 18:59:58,u_55190968360396fc,"Nothing. I wanted to try the free trial, but when I went to login to cancel the subscription, my password didn’t work. I went to change my password but never received an email to change it. I have tried many times and it still won’t work. ",I encountered a technical issue,,,,,,,
Canceled,FALSE,9.95,Refunded,8/22/2026 13:44:07,u_4a48b05d7cfc78ce,"More quotes with analysis, just more in depth ideas about the books. I felt they were mostly surface level.",I encountered a technical issue,,,,,,,
Canceled,FALSE,36,Refunded,8/22/2026 12:15:57,u_d9e9fb6d16539c89,If I were a student and needed this to complete assignments,I no longer need it,,,,,,,
Canceled,FALSE,36,Refunded,8/22/2026 11:17:29,u_ad69baf09ca4ffe0,If the study guide was a bit more helpful,I no longer need it,,,,,,,
Canceled,FALSE,36,Refunded,8/22/2026 7:32:11,u_f016aae23408e9e1,Discussion questions included in basic plan,My desired study guide(s) is not available,,I was looking discussion questions and said I had to upgrade in order to get them.,,,,,
Canceled,FALSE,60,Refunded,8/22/2026 7:26:40,u_e906817ab55475d1,I would have maintained the subscription if the two other books I needed help with were available. ,The available content did not meet my expectations,,,,,,,
Canceled,FALSE,60,Refunded,8/22/2026 6:17:22,u_cf5ee78f6d23b215,More in-depth summaries breaking down types of interactions and relationships.,The available content did not meet my expectations,,,,,,,
Canceled,FALSE,36,Refunded,8/22/2026 4:05:42,u_8dece463e27b3c65,More content,The available content did not meet my expectations,,,,,,,
Canceled,FALSE,9.95,Refunded,8/21/2026 23:25:20,u_aa7768c2d130c7cf,"Cant think of anything, I only tried one book and I was dissapointed",The available content did not meet my expectations,,,,,,,
Canceled,FALSE,9.95,Refunded,8/21/2026 19:48:03,u_ba5ba9768ffe8afa,"More specific direct quotes would have been nice, felt like some details were missing in the book I was looking for. ",The available content did not meet my expectations,,,,,,,
Canceled,FALSE,36,Refunded,8/21/2026 15:50:05,u_2cd0e3ecc75fe0ba,If the subscription was cheaper and there were fewer AI features.,I no longer need it,,,,,,,
Canceled,FALSE,36,Refunded,8/21/2026 15:02:31,u_d5e8154399e5a41f,Less technical issues and a more detailed summary.,The available content did not meet my expectations,,,,,,,
Canceled,FALSE,16.65,Refunded,8/21/2026 14:06:47,u_6ee7231e8094f021,"if the short summary was cut off, I would only have read it for one book","I thought I needed to subscribe to see what I wanted, but I didn’t",,,,,,,
Canceled,FALSE,16.65,Refunded,8/21/2026 11:36:04,u_04580a97e9c4600d,If it had the study guides I was looking for,The available content did not meet my expectations,,,,,,,
Canceled,FALSE,60,Refunded,8/21/2026 11:02:54,u_cafa8c33281a19b7,If the study guides were better - I compared a few to books I had read and I'm not sure I would have gotten a lot from them.,The available content did not meet my expectations,,,,,,,
Canceled,FALSE,60,Refunded,8/21/2026 7:45:23,u_0dfbba06197816d6,Nothing ,Rubbish ,,,,,,,
Canceled,FALSE,9.95,Refunded,8/21/2026 7:13:24,u_5e80ac4b14c3ee25,Less expensive,I no longer need it,,,,,,,
Canceled,FALSE,60,Refunded,8/21/2026 7:03:42,u_6da419c1d26de68e,If it was free.,I no longer need it,,,,,,,
Canceled,FALSE,36,Refunded,8/20/2026 22:06:12,u_9157efa401bda732,nothing ,I don´t like the website,,,,,,,
Canceled,FALSE,36,Refunded,8/20/2026 20:22:58,u_6533cf7037d9e258,"Nothing, it’s not needed at this time",I no longer need it,,,,,,,
Canceled,FALSE,60,Refunded,8/20/2026 19:52:41,u_cec6053cc0ba1dd1,更完整的內容,The available content did not meet my expectations,,,,,,,
Canceled,FALSE,36,Refunded,8/20/2026 18:16:43,u_37717356cbbcb863,x,I no longer need it,,,,,,,
Canceled,FALSE,36,Refunded,8/20/2026 18:12:35,u_0060cf18745ca4c4,"If more in-depth content was available. The formatting, questions, and quotes provided were not in-depth enough.",The available content did not meet my expectations,,,,,,,
Canceled,FALSE,36,Refunded,8/20/2026 16:19:46,u_f9c70ca3277d3f52,More detailed descriptions ,The available content did not meet my expectations,,,,,,,
Canceled,FALSE,16.65,Refunded,8/20/2026 16:12:15,u_13d9651beda834d4,If the summaries were read by actual humans,"I didn't realize it was basically all AI, especially the voice over for the summaries, the AI voice and cadence make the comprehension tougher",,,,,,,
Canceled,FALSE,36,Refunded,8/20/2026 15:52:45,u_a0b565c281e266ea,More detailed chapter summaries.,The available content did not meet my expectations,,,,,,,
Canceled,FALSE,60,Refunded,8/20/2026 9:54:11,u_7d9cdd6c91bd15ca,If it was a month to month subscription. I was floored when I saw a $60 charge!!!!,I thought it was month to month,,,,,,,
Canceled,FALSE,36,Refunded,8/20/2026 9:11:01,u_f0ad24c637ef5329,I didn’t think I was getting charged — it said 7 days free,It's too expensive,,,,,,,
Canceled,FALSE,60,Refunded,8/20/2026 7:25:57,u_11725a0e311f3c2b,Nothing,I no longer need it,,,,,,,
Canceled,FALSE,60,Refunded,8/20/2026 4:59:43,u_dcc3b9ba58a94546,a better price ,The available content did not meet my expectations,,,,,,,
Canceled,FALSE,60,Refunded,8/19/2026 21:01:14,u_3f8340663807afa2,"This is not exactly what I’m after in terms of summaries, they are too long and have missed some key points re the book I looked up ",The available content did not meet my expectations,,,,,,,
Canceled,FALSE,9.95,Refunded,8/19/2026 20:46:27,u_b91e2d3ab250e3a9,Less expensive,It's too expensive,,,,,,,
Canceled,FALSE,60,Refunded,8/19/2026 19:32:41,u_f4c96d6a5695bb54,If I were still in school and needed access to this kind of material more often. I was impressed with the content and would recommend it to students and teachers. ,I no longer need it,,,,,,,
Canceled,FALSE,36,Refunded,8/19/2026 16:55:13,u_1e2ab3e4fb5c6671,Maybe if the site was cheaper.,I encountered a technical issue,,,,,,,
Canceled,FALSE,60,Refunded,8/19/2026 16:36:44,u_196e4a0090599ac7,Nothing - too expensive,The available content did not meet my expectations,,,,,,,
Canceled,FALSE,60,Refunded,8/19/2026 16:33:37,u_cb7ac2dfa5b51d4a,money back,It's too expensive,,,,,,,
Canceled,FALSE,9.95,Refunded,8/19/2026 16:02:55,u_143d403a250141fe,If it was free to use/cheaper. ,It's too expensive,,,,,,,
Canceled,FALSE,36,Refunded,8/19/2026 13:16:04,u_929da28cb471740d,If I pressed monthly subscription instead of annual,It's too expensive,,,,,,,
,FALSE,,more than 1 subscription,8/19/2026 13:01:49,u_e042a3ae6265283f,Nothing,I no longer need it,,,,,,,
Canceled,FALSE,36,Refunded,8/19/2026 12:52:36,u_96193bd943585723,I would prefer a trial period instead of paying for a whole year upfront,I no longer need it,,,,,,,
Canceled,FALSE,60,Refunded,8/19/2026 12:48:36,u_7a754ae0e23870b8,If it wasnt as expensive and also if it was made easier to navigate.,I don´t like the website,,,,,,,
Canceled,FALSE,36,Refunded,8/19/2026 10:15:25,u_258fc0fcc237825f,Maybe if it was a little cheaper,It's too expensive,,,,,,,
,FALSE,,cant find cx,8/19/2026 5:58:11,u_779ff574a25dc73d,If it was less expensive ,It's too expensive,,,,,,,
Canceled,FALSE,9.95,Refunded,8/19/2026 0:05:55,u_a4de56ccb2545e20,"I needed this for a book project and it was not not available, if it was I would’ve stayed",My desired study guide(s) is not available,,Dogman by Dave Pilkey,,,,,
Canceled,FALSE,36,Refunded,8/18/2026 21:33:23,u_2036626fc99f5946,Nothing ,I no longer need it,,,,,,,
Canceled,FALSE,9.95,Refunded,8/18/2026 21:17:17,u_b7eba5186035c99f,If the service was only a few dollars a month. The fact that the currency is in USD ends up making it significantly more expensive for a Canadian.,It's too expensive,,,,,,,
Canceled,FALSE,36,Refunded,8/18/2026 17:48:19,u_7b015f3e24c4755d,More quizzes per chapter of books,The available content did not meet my expectations,,,,,,,
Canceled,FALSE,60,Refunded,8/18/2026 15:54:51,u_7d0e51787a2fc639,"a more clear summary, as well as more information available over all.",The available content did not meet my expectations,,,,,,,
Canceled,FALSE,36,Refunded,8/18/2026 15:23:16,u_67fdeff20225ad5b,Nothing,The available content did not meet my expectations,,,,,,,
Canceled,FALSE,36,Refunded,8/18/2026 13:36:16,u_644465a441d03f13,I used this only once and never intended to stay. Cannot afford to continue., I never intended to have an ongoing subscription and cannot afford to continue.,,,,,,,
Canceled,FALSE,9.95,Refunded,8/18/2026 13:34:47,u_729aa4b3712f51c0, ,I no longer need it,,,,,,,
Canceled,FALSE,60,Refunded,8/18/2026 13:04:52,u_5f5550568bcb6754,A study guide that contains content not readily available on google,The available content did not meet my expectations,,,,,,,
Canceled,FALSE,36,Refunded,8/18/2026 9:28:42,u_e3afe60377cf4a53,"I wanted to try the AI content items, and I just didn't care for it. ",The available content did not meet my expectations,,,,,,,
Canceled,FALSE,9.95,Refunded,8/18/2026 6:12:49,u_89090e3c41eefe5b,Hard to tell as i am not fluent in this language,The available content did not meet my expectations,,,,,,,
,FALSE,,cant find cx,8/18/2026 5:18:04,u_ba08186ff8785b01,Nothing as I will not use it,I no longer need it,,,,,,,
Canceled,FALSE,16.65,Refunded,8/18/2026 4:41:22,u_37036918dca42db8,If I used it more often and it had more analysis,The available content did not meet my expectations,,,,,,,
Canceled,FALSE,60,Refunded,8/18/2026 1:16:20,u_6b9ac6cad7787497,If it was less expensive ,It's too expensive,,,,,,,
Canceled,FALSE,60,Refunded,8/17/2026 21:45:24,u_43d6fc5633645153,"The fee was too high, and being forced into an annual plan was unacceptable. ",The available content did not meet my expectations,,,,,,,
,FALSE,,Non renewing,8/17/2026 21:07:08,u_9eacecca512a274d,I am staying; I wanted my daughter to have access to the app on her phone since she would be the one using it. I do not wish to keep my account since I downloaded it for her. ,I subscribed on my daughter’s phone so I don’t need mine ,,,,,,,
Canceled,FALSE,16.65,Refunded,8/17/2026 19:57:50,u_98e8e647547fdc55,"Content that I was looking for, cheaper to subscribe",The available content did not meet my expectations,,,,,,,
Canceled,FALSE,9.95,Refunded,8/17/2026 19:27:51,u_5b445af61875a095,nothing,The available content did not meet my expectations,,,,,,,
,FALSE,,cant find cx,8/17/2026 19:18:50,u_17dcbadba37ae55a,If it was easier to use.,Says I have a free plan but charged $60.00.  Not interested at this time.  It was confusing.,,,,,,,
Canceled,FALSE,60,Refunded,8/17/2026 18:36:33,u_acb06ead4efc63fc,I only needed it for 1 book,I no longer need it,,,,,,,
Canceled,FALSE,9.95,Refunded,8/17/2026 18:13:31,u_1a20b54ba9f23a64,More detail in the summaries would have been better.,The available content did not meet my expectations,,,,,,,
Canceled,FALSE,36,Refunded,8/17/2026 15:51:23,u_677f8d1e0e50eaed,its also way too expensive so... nothing... or if I would have found what I needed maybe I would have stayed.,"I needed to read something regarding child neglect in Oliver Twist, but that theme was not listed and I can't work with the rest of the material",,,,,,,
Canceled,FALSE,16.65,Refunded,8/17/2026 13:06:32,u_efaf0f01caa4b40e,Easier app layout and clearer summaries. Also subscriptions options for a trial period. ,The available content did not meet my expectations,,,,,,,
Canceled,FALSE,60,Refunded,8/17/2026 12:55:00,u_9b7d7e63aacfa7d7,"A more and more detailed summary of the book Autocracy, which is enough for preparing a test. I do not think the current one is enough.",The available content did not meet my expectations,,,,,,,
Canceled,FALSE,16.65,Refunded,8/17/2026 11:42:55,u_975b051222129379,More in depth analysis- this is very superficial with only 3 simple themes and a couple symbols and motifs. I can rely on my own analysis better,The available content did not meet my expectations,,,,,,,
Canceled,FALSE,9.95,Refunded,8/17/2026 11:21:50,u_3013718511396ecf,nothing,My desired study guide(s) is not available,,NA,,,,,
Canceled,FALSE,60,Refunded,8/17/2026 10:38:54,u_30c1340ea64e3707,"Nothing, the site is a pain to use never giving complete access to the tools paid for",I encountered a technical issue,,,,,,,
Canceled,FALSE,9.95,Refunded,8/17/2026 10:12:36,u_7b33591afdf5d2b5,better value for $10/month. analysis was very surface level,The available content did not meet my expectations,,,,,,,
Canceled,FALSE,36,Refunded,8/17/2026 10:06:32,u_8e8ff3d113122635,If the service had the summaries of more books that my book club typically reads. I may come back if they are added in the future.,My desired study guide(s) is not available,,Murder by Memory by Olivia Waite and Nobody's Baby by Olivia Waite,,,,,
Canceled,FALSE,60,Refunded,8/17/2026 9:31:23,u_3b5a62d2d4734221,I thought it would Not cost that much,It's too expensive,,,,,,,
Canceled,FALSE,36,Refunded,8/17/2026 8:02:40,u_d76e878077daadf6,"it is nothing about you! i just don't need the service and don't remember subscribing. i would really appreciate a refund!! i'm just a student and on a tight budget, i have no idea how this happened & i sas actually rlly schocked. i would appreciate ur understanding",i sincerely don't remember accepting any kind of subscription. i think therr was some kind of mistake. ,,,,,,,
Canceled,FALSE,60,Refunded,8/17/2026 6:28:45,u_16559137824d8bf3,Spellcheck and human review of the synooses and analyses. I found mistakes that made me feel that the text was AI generated and not reviewed,The available content did not meet my expectations,,,,,,,
Canceled,FALSE,60,Refunded,8/17/2026 1:55:58,u_bf71a800ad7daa44,If the themes and symbols were more broader. it was not the depth that i wished :(,The available content did not meet my expectations,,,,,,,
Canceled,FALSE,36,Refunded,8/16/2026 21:35:09,u_3180af21d700f908,If the service had more of the books I require summaries of.,The available content did not meet my expectations,,,,,,,
Canceled,FALSE,36,Refunded,8/16/2026 19:58:37,u_117f18540fb836df,Nothing ,I no longer need it,,,,,,,
Canceled,FALSE,60,Refunded,8/16/2026 19:54:52,u_dbda29f35f7313f5,More detailed summaries ,The available content did not meet my expectations,,,,,,,
Canceled,FALSE,60,Refunded,8/16/2026 19:45:27,u_eae2464145d86d95,"More books include another languagues as Portuguese, Spanish.",I don´t like the website,,,,,,,
Canceled,FALSE,60,Refunded,8/16/2026 19:28:18,u_4fdf4b4ef21f8a8d,A greater variety of books and more in depth analysis.,The available content did not meet my expectations,,,,,,,
Canceled,FALSE,36,Refunded,8/16/2026 18:37:24,u_8842e7a82a034f4a,If it was completely free. ,The available content did not meet my expectations,,,,,,,
Canceled,FALSE,60,Refunded,8/16/2026 17:15:17,u_0a38f85af32a0626,Better UI,I don´t like the website,,,,,,,
Canceled,FALSE,36,Refunded,8/16/2026 16:45:50,u_a41026577d26dbc0,More texts; being charged monthly rather than annually. ,It's too expensive,,,,,,,
Canceled,FALSE,60,Refunded,8/16/2026 16:42:30,u_17b5d6c2664d9ded,I am not interested,The available content did not meet my expectations,,,,,,,
Canceled,FALSE,60,Refunded,8/16/2026 16:37:18,u_edf0b5e44025ba57,"shorter summaries, less expensive,",The available content did not meet my expectations,,,,,,,
Canceled,FALSE,36,Refunded,8/16/2026 11:21:59,u_5555df10d49c3122,Continued need for the subscription.,I no longer need it,,,,,,,
Canceled,FALSE,36,Refunded,8/16/2026 5:10:21,u_4881f46b01e26de1,if I had more money ,I no longer need it,,,,,,,
Canceled,FALSE,36,Refunded,8/15/2026 21:46:33,u_7188e1c98753cf60,"More detailed content, it was not what I expected.",The available content did not meet my expectations,,,,,,,
Canceled,FALSE,16.65,Refunded,8/15/2026 13:49:09,u_c5267b6c8c406cf9,If the website had more content i needed for my studies,I no longer need it,,,,,,,
Canceled,FALSE,36,Refunded,8/15/2026 6:23:32,u_8d59abc70cb31a43,I would like to cancel my subscription because the platform does not have the materials and information I am currently looking for. Thank you for your service.,My desired study guide(s) is not available,,The Eternal Zero 永遠の0 百田尚樹,,,,,
Canceled,FALSE,36,Refunded,8/15/2026 5:54:04,u_f4eafc19155c2d36,More thorough summaries,The available content did not meet my expectations,,,,,,,
Canceled,FALSE,36,Refunded,8/14/2026 22:40:07,u_caa6a207eec800de,if it was 3$ a month,Its too expensive i wanted to study for one test and thought it was 3$ a month please refund me or just charge me 3$ please.,,,,,,,
,FALSE,,cant find cx,8/14/2026 21:49:52,u_ba1f81f101558380,If it had other books I needed for the future. ,I no longer need it,,,,,,,
,FALSE,,cant find cx,8/14/2026 20:08:12,u_d36ef0305cd86137,If it was free,It's too expensive,,,,,,,
Canceled,FALSE,60,Refunded,8/14/2026 19:19:45,u_d7a09220870445fb,Not sure. Maybe if it had the 7 day free trial before being charged $60,I did not expect to be charged $60 ,,,,,,,
Canceled,FALSE,16.65,Refunded,8/14/2026 15:00:05,u_48b90a77927a42dd,Only needed a quick review ,It's too expensive,,,,,,,
Canceled,FALSE,60,Refunded,8/14/2026 10:10:10,u_458266ce28049635,/,It's too expensive,,,,,,,
Canceled,FALSE,60,Refunded,8/13/2026 21:56:16,u_d0bfab6c136e8ce0,more information and detail,The available content did not meet my expectations,,,,,,,
Canceled,FALSE,36,Refunded,8/13/2026 18:54:53,u_9e505020e961b982,Not charging me or charging less,Wasn't expected to be charged immediately or at this ammount,,,,,,,
Canceled,FALSE,9.95,Refunded,8/13/2026 18:35:33,u_624e3ef929842ab0,Access to more features for cheaper ,The available content did not meet my expectations,,,,,,,
Canceled,FALSE,36,Refunded,8/13/2026 15:07:26,u_228273056465ef28, I was unsatisfied. ,The available content did not meet my expectations,,,,,,,
Canceled,FALSE,60,Refunded,8/13/2026 15:01:31,u_de8163030fbb0b24,A cheaper subscription fee. maybe include the quizzes and other plus features in with the base subsrciption.,It's too expensive,,,,,,,
Canceled,FALSE,60,Refunded,8/13/2026 14:45:24,u_60ea6d720af2153b,Easier navigation. I am vision impaired with hand mobility issues.,too hard to navigate on web browser on phone,,,,,,,
Canceled,FALSE,16.65,Refunded,8/13/2026 14:37:01,u_ef52390f2169cd9b,Maybe cheaper subscription ,It's too expensive,,,,,,,
Canceled,FALSE,36,Refunded,8/13/2026 7:38:42,u_5a1eed9cbf715f52,$3 per month without the annual charge,It's too expensive,,,,,,,
Canceled,FALSE,60,Refunded,8/13/2026 3:37:37,u_cd36e3fd4f9dcc46,I wouldn't have. It wasn't for me in the end. ,The available content did not meet my expectations,,,,,,,
Canceled,FALSE,60,Refunded,8/13/2026 2:15:11,u_c75794a4d843a486,more benefits ,I no longer need it,,,,,,,
Canceled,FALSE,9.95,Refunded,8/12/2026 22:50:59,u_ed2781e3fef486bb,I would have stayed if the available content met my expectations.,The available content did not meet my expectations,,,,,,,
Canceled,FALSE,36,Refunded,8/12/2026 16:44:39,u_c88b0a4e937d4e35,More valuable content.,The available content did not meet my expectations,,,,,,,
Canceled,FALSE,36,Refunded,8/12/2026 10:45:26,u_7eac653fe155d2f1,More books,The available content did not meet my expectations,,,,,,,
Canceled,FALSE,60,Refunded,8/12/2026 10:33:43,u_702303a2d472a4b8,Monthly option,It's too expensive,,,,,,,
Canceled,FALSE,36,Refunded,8/12/2026 7:54:48,u_30b24fe5b62dd94e,feeling like the content was more accurate,The available content did not meet my expectations,,,,,,,
Canceled,FALSE,60,Refunded,8/11/2026 22:50:38,u_154aa6f5bec40d23,Better themes,The available content did not meet my expectations,,,,,,,
Canceled,FALSE,60,Refunded,8/11/2026 21:43:41,u_dea9860d73b3b85c,"I would like to stay but it is just too expensive. Also, some books' content did not meet my expectations. A wider selection of books, and a lower price or more flexible subscription options also would have made it feel more worth it.”",It's too expensive,,,,,,,
Canceled,FALSE,9.95,Refunded,8/11/2026 21:32:17,u_d5fec5517b8088a3,Being able to print without upselling me to something else. ,The available content did not meet my expectations,,,,,,,
,FALSE,,X - 3 downloads up,8/11/2026 15:55:30,u_29e8dc7375634a90,More depth to the questions.,The available content did not meet my expectations,,,,,,,
Canceled,FALSE,9.95,Refunded,8/11/2026 14:51:47,u_7b895a78bd64c367,"Nothing, I am not interested in paying for this kind of service",I thought it was a free 7-day trial not a refund process,,,,,,,
Canceled,FALSE,9.95,Refunded,8/11/2026 12:58:56,u_0c16837f5a0f447d,A true sample option instead of just scrolling 25% down a page before being blocked out; an option to purchase a single guide with full access to the extras to even see if it was worth it; a discount on the month-to-month plan to remain a customer instead of forcing me to buy a year when I haven't even decided about the value yet,"It was too expensive; it is not clear that you can only view not download information; many, many of the options we are shown are not available unless you pay even more money; some of the content was irrelevant but it was part of the guide I accessed",,,,,,,
Canceled,FALSE,60,Refunded,8/11/2026 11:12:44,u_35a6acff44b00c3f,I would love an option to purchase access to individual guides. I don't need or want another subscription but I would happily pay to download just the guides I'm interested in.,It's too expensive,,,,,,,
Canceled,FALSE,36,Refunded,8/11/2026 6:53:38,u_1c50ba51b8a5a5fe,I did not enjoy reading the analysis of the chapters and I wish you used more quotes in summaries. I also think that the selection of literary works is quite limited.,The available content did not meet my expectations,,,,,,,
Canceled,FALSE,36,Refunded,8/11/2026 4:23:33,u_7b61943f8134bc2b,Less expensive.,The available study guide for the spesific book was not what I expected and not really what I was looking for.,,,,,,,
Canceled,FALSE,36,Refunded,8/11/2026 3:06:45,u_3da80731421b305d,Nothing I realized I prefer the book in hand ,I no longer need it,,,,,,,
Canceled,FALSE,9.95,Refunded,8/10/2026 21:18:32,u_fcf48ff33b53602e,N/A,I was unaware of this subscription. ,,,,,,,
Canceled,FALSE,36,Refunded,8/10/2026 20:08:55,u_ab10c088efad74f1,Not sure,The available content did not meet my expectations,,,,,,,
Canceled,FALSE,60,Refunded,8/10/2026 19:44:06,u_fc3b5bf70d119599,I'd stay if the content was more thorough,I encountered a technical issue,,,,,,,
Canceled,FALSE,60,Refunded,8/10/2026 16:21:31,u_8051ed623db83ea7,One time purchase fee,I no longer need it,,,,,,,
Canceled,FALSE,36,Refunded,8/10/2026 12:18:19,u_26850768764968ad,I no longer need this service and did not mean to renew for another year subscription,I no longer need it,,,,,,,
,FALSE,,more than 1 subscription,8/10/2026 11:19:36,u_7f8c876567b69b75,Need for more study guides,I no longer need it,,,,,,,
Canceled,FALSE,16.65,Refunded,8/10/2026 11:04:42,u_bb4c0f983b9c233b,It was a very expensive subscription,It's too expensive,,,,,,,
Canceled,FALSE,36,Refunded,8/10/2026 10:57:58,u_c1f384d793025560,If it were free,I no longer need it,,,,,,,
Canceled,FALSE,36,Refunded,8/10/2026 10:57:46,u_1d19a87f7b30e89e,Nothing. I do jot use this service ,This had already been cancelled. It should not have been renewed. Please refund,,,,,,,
,FALSE,26.05,switch plan,8/10/2026 8:10:21,u_72d2282a12342264,nothing.  I would have paid for one month but not a year.  I was misled,I no longer need it,,,,,,,
Canceled,FALSE,60,Refunded,8/10/2026 6:01:54,u_99df76a8a1b1ec56,If it had all the books I was reading.,The available content did not meet my expectations,,,,,,,
Canceled,FALSE,36,Refunded,8/10/2026 5:54:44,u_085edf1cf149a47f,"Nothing, I lead a book club and it did not suit our needs",The available content did not meet my expectations,,,,,,,
Canceled,FALSE,36,Refunded,8/10/2026 5:35:12,u_67c685e1b6ae4892,Don’t know,The available content did not meet my expectations,,,,,,,
Canceled,FALSE,9.95,Refunded,8/10/2026 3:58:30,u_13bb6f009f067fb0,Nothing,I don´t like the website,,,,,,,
Canceled,FALSE,9.95,Refunded,8/10/2026 1:36:38,u_53a3770f32212333,If it was a little cheaper,It's too expensive,,,,,,,
Canceled,FALSE,36,Refunded,8/9/2026 22:05:40,u_6d8c07d12606f538,If it was pay monthly,I no longer need it,,,,,,,
Canceled,FALSE,36,Refunded,8/9/2026 21:31:43,u_4d8abb6b4397259a,"Slightly more detailed summaries, I felt like the overall analysis included things that weren’t in the chapter summaries. ",The available content did not meet my expectations,,,,,,,
Canceled,FALSE,16.65,Refunded,8/9/2026 21:31:13,u_a915a36171c49506,Lower subscription price,I no longer need it,,,,,,,
Canceled,FALSE,36,Refunded,8/9/2026 13:12:28,u_236073a62cfaa18e,Free subscription ,I don't find myself using it as often as I thought I would ,,,,,,,
Canceled,FALSE,36,Refunded,8/9/2026 10:12:40,u_b4fc6b4c0a70d1f0,nothing,I won't use it enough,,,,,,,
,FALSE,,cant find cx,8/9/2026 9:56:39,u_c726219c97beca46,"Easier navigation to authors
",I don´t like the website,,,,,,,
Canceled,FALSE,36,Refunded,8/9/2026 7:56:55,u_2b91079ae535fd2a,"If the thing I wanted could have been available at the ""essentials"" level.",I no longer need it,,,,,,,
Canceled,FALSE,36,Refunded,8/9/2026 6:40:01,u_b8819e0c404a5b48,Nothing tbh. I no longer need it. ,I no longer need it,,,,,,,
Canceled,FALSE,9.95,Refunded,8/9/2026 5:07:57,u_13bb6f009f067fb0,Nothing to be honest ,It's too expensive,,,,,,,
Canceled,FALSE,36,Refunded,8/9/2026 4:06:18,u_3da80731421b305d,Just changed my mind I rather re read the books ,I no longer need it,,,,,,,
Canceled,FALSE,16.65,Refunded,8/9/2026 2:16:45,u_a9a8ec76d1b28b25,"I was looking for a more precise selection of quotes.
thanks,",The available content did not meet my expectations,,,,,,,
Canceled,FALSE,60,Refunded,8/8/2026 23:40:36,u_c37c24cca7d2096a,More Australian book study guides,My desired study guide(s) is not available,,"Limberlost by Robbie Arnott, Too Much Lip by Melissa Luschenko, Cold Enough For Snow by Jessica Au",,,,,
Canceled,FALSE,36,Refunded,8/8/2026 23:33:36,u_d3763926a78f5097,Free ,I no longer need it,,,,,,,
Canceled,FALSE,60,Refunded,8/8/2026 23:20:04,u_94de9cd8fa8758d1,"Had the price reflected the quality of the study guides I would have been more inclined to stay, however the price does not. I am uncomfortable by the level of AI usage so I am unable to verify what has been created without AI so I can be transparent with parents and senior staff members at my school.",The available content did not meet my expectations,,,,,,,
Canceled,FALSE,60,Refunded,8/8/2026 20:49:44,u_7143db1caaf08b77,After getting full access and looking around it just isn't what I am looking for.  Please cancel and refund the $60 I was charged.,I didn't expect to be charged immediately and for the books I am reading I don't know that it provides the value to justify the cost.,,,,,,,
Canceled,FALSE,16.65,Refunded,8/8/2026 18:58:18,u_52194163e420e7d8,less of the summary being behind paywalll,I no longer need it,,,,,,,
Canceled,FALSE,16.65,Refunded,8/8/2026 17:08:51,u_df5909737c0bcec2,If it was cheaper,It's too expensive,,,,,,,
Canceled,FALSE,60,Refunded,8/8/2026 16:08:50,u_ca02dc4495f88a21,lower cost,It's too expensive,,,,,,,
Canceled,FALSE,36,Refunded,8/8/2026 14:34:26,u_fd2d812caa6b417e,If I still needed access to it but given my circumstances I will no longer need to use it.,I no longer need it,,,,,,,
Canceled,FALSE,60,Refunded,8/8/2026 12:21:24,u_6447449b4ae60a45,Nothing today - I prefer to use the apps willingly,I wanted to check how it works - and it does not meet my currents needs - but I will remember about it for sure,,,,,,,
Canceled,FALSE,36,Refunded,8/8/2026 8:15:23,u_8674f07158c04421,Nothing. ,I no longer need it,,,,,,,
Canceled,FALSE,36,Refunded,8/8/2026 2:08:23,u_d3c3e4c71ecdb81b,better quality analysis,The available content did not meet my expectations,,,,,,,
Canceled,FALSE,36,Refunded,8/7/2026 23:48:38,u_d3c3e4c71ecdb81b,better quality notes,The available content did not meet my expectations,,,,,,,
Canceled,FALSE,36,Refunded,8/7/2026 23:08:13,u_2cfe8b9cd1b62f51,Maybe a monthly pay option. Or something like a 2 month 4 month 6 month payment option.,It's too expensive,,,,,,,
Canceled,FALSE,36,Refunded,8/7/2026 22:27:44,u_7243f5ba1f161578,Nothing,The available content did not meet my expectations,,,,,,,
Canceled,FALSE,60,Refunded,8/7/2026 18:31:20,u_e0188a3a0993df0b,The summaries weren't as understandable or well-written as I had hoped. There are typos and grammatical errors that should have been caught.,The available content did not meet my expectations,,,,,,,
Canceled,FALSE,60,Refunded,8/7/2026 11:50:44,u_a4218086e6565cca,Cheaper price ,It's too expensive,,,,,,,
Canceled,FALSE,9.95,Refunded,8/7/2026 11:02:41,u_6818931b9344faa5,"I will definitely come back if/when I have another summary need. In this case, I should have confirmed before purchase that you had the book that I needed. Since I needed a book that you only had a book brief for, and the cost was rather high, I am requesting a refund.",My desired study guide(s) is not available,,Beneath the Lion's Gaze Maaza Mengiste,,,,,
Canceled,FALSE,36,Refunded,8/7/2026 10:38:16,u_049ab921e5ce7e95,The summaries weren’t specific enough for what I needed. ,The available content did not meet my expectations,,,,,,,
Canceled,FALSE,36,Refunded,8/7/2026 9:59:49,u_7f29a2b7bf96ab28,More quizzes and detail,The available content did not meet my expectations,,,,,,,
Canceled,FALSE,9.95,Refunded,8/7/2026 0:09:01,u_d66ff6ec3d568046,For someone with ADHD it has too much information ,My daughter never liked to use it,,,,,,,
Canceled,FALSE,9.95,Refunded,8/6/2026 18:10:37,u_61f6c810e19dc3c2,Nothing,I no longer need it,,,,,,,
Canceled,FALSE,9.95,Retention Failed,8/6/2026 17:18:27,u_b020b1c3844de950,lower price ,It's too expensive,,,,,,,
Canceled,FALSE,36,Refunded,8/6/2026 16:42:41,u_a3736cf3bd5267b0,If more info was available ,I don´t like the website,,,,,,,
Canceled,FALSE,9.95,Refunded,8/6/2026 13:49:58,u_78e80a2cdea3fb2b,"More books that I was looking for and information on the books you already have, such as character analysis ",The available content did not meet my expectations,,,,,,,
Canceled,FALSE,9.95,Refunded,8/6/2026 13:11:07,u_c4d726ae178345cd,If I needed more than one pdf,I no longer need it,,,,,,,
Canceled,FALSE,60,Refunded,8/6/2026 12:25:11,u_83425aa52801bf05,Nothing,The available content did not meet my expectations,,,,,,,
Canceled,FALSE,60,Refunded,8/6/2026 10:29:51,u_be3d2b2b7ba33799,If I had continued tutoring the student I wanted to use it for.,I no longer need it,,,,,,,
,FALSE,,cant find cx,8/6/2026 8:12:21,u_1aeed7d498e80534,extend the non-premium content,The available content did not meet my expectations,,,,,,,
Canceled,FALSE,9.95,Refunded,8/5/2026 23:11:39,u_eca08a5e31ed6921,Nothing,The available content did not meet my expectations,,,,,,,
,FALSE,,cant find cx,8/5/2026 23:06:20,u_174148936d01f77a,Better detailed summaries ,The available content did not meet my expectations,,,,,,,
Canceled,FALSE,36,Refunded,8/5/2026 17:57:26,u_171cc15472150f12,"If I needed it for more than one study guide, I would stay. I don't need it that much, so the subscription is not worth it.",It's too expensive,,,,,,,
,FALSE,,Retention Attempt,8/5/2026 17:53:15,u_8051ed623db83ea7,less expensive subscription or one-time-purchase,I no longer need it,,,,,,,
Canceled,FALSE,60,Refunded,8/5/2026 16:55:21,u_7481c432615e0d10,Offer more textbook summaries.,The available content did not meet my expectations,,,,,,,
Canceled,FALSE,60,Refunded,8/5/2026 10:29:25,u_9de8ade2d72cd9f4,If I thought I would use it more,I no longer need it,,,,,,,
Canceled,FALSE,16.65,Refunded,8/5/2026 8:08:19,u_7479cc488bf9e797,More available and less AI usage.,My desired study guide(s) is not available,,he Exquisite Torment of Loving Your Enemy,,,,,
Canceled,FALSE,36,Refunded,8/4/2026 17:09:00,u_bcce2d7244b5ff51,If I were a richer man,I no longer need it,,,,,,,
Canceled,FALSE,16.65,Refunded,8/4/2026 14:20:45,u_344f772cc7d84574,I want to read the full texts myself and thought this would be helpful but it's more important to me to read the full text. ,I no longer need it,,,,,,,
Canceled,FALSE,36,Refunded,8/4/2026 12:23:44,u_f790ce0f36a1be4a,more content needed.,The available content did not meet my expectations,,,,,,,
Canceled,FALSE,36,Refunded,8/4/2026 12:22:51,u_9f79b8e25800ea16,more information of the books,The available content did not meet my expectations,,,,,,,
Canceled,FALSE,36,Refunded,8/4/2026 10:40:34,u_f8884963ba205430,more quality content,The available content did not meet my expectations,,,,,,,
Canceled,FALSE,60,Retention Failed,8/4/2026 9:03:22,u_1da004ef2809b869,If It was cheaper.,It's too expensive,,,,,,,
Canceled,FALSE,9.95,Retention Failed,8/4/2026 8:41:25,u_09d3a9ea531acdc5,lower price,The available content did not meet my expectations,,,,,,,
Canceled,FALSE,60,Refunded,8/4/2026 8:26:39,u_7df88c5797b4d812,I really don’t this type of account. I canceled after two days. I’d like my money back,It's too expensive,,,,,,,
Canceled,FALSE,36,Refunded,8/4/2026 7:54:30,u_7f0ca42c8f3d031a,Nothing,The available content did not meet my expectations,,,,,,,
Canceled,FALSE,9.95,Retention Failed,8/4/2026 5:43:56,u_d7e079dcfa52efc4,Better pricing,It's too expensive,,,,,,,
Canceled,FALSE,36,Refunded,8/4/2026 2:49:19,u_96fe1eb1ccf9ee71,Nothing. Don’t need it anymore,I no longer need it,,,,,,,
Canceled,FALSE,36,Refunded,8/3/2026 19:19:50,u_6eb27f2e77440618,Nothing. Not needed. ,I no longer need it,,,,,,,
Canceled,FALSE,60,Refunded,8/3/2026 18:03:14,u_bd4b93405222df8d,Cheaper,It's too expensive,,,,,,,
Canceled,FALSE,16.65,Refunded,8/3/2026 14:21:20,u_8edddeeea32e74fa,Nothing right now. I'll resubscribe at a different date.,I no longer need it,,,,,,,
Canceled,FALSE,16.65,Retention Failed,8/3/2026 13:34:08,u_93c051e1a7473371,if my study guide was available and if it was cheaper,The available content did not meet my expectations,,,,,,,
Canceled,FALSE,36,Refunded,8/3/2026 11:05:17,u_a42664e149de185d,If I still needed it. It seems like a nice website though,I no longer need it,,,,,,,
Canceled,FALSE,60,Refunded,8/3/2026 8:20:46,u_b98c5b7a7e73291e,A wider choice,The available content did not meet my expectations,,,,,,,
Canceled,FALSE,36,Refunded,8/2/2026 19:59:08,u_465d7f61b37ba794,"If SuperSummary sent me an email telling me that my subscription was about to renew, then maybe I would have considered staying, but since they charged me with no notice, I am dissatisfied.",I don’t need my subscription anymore and it renewed automatically without sending me an email reminding me that it will be renewing soon.,,,,,,,
Canceled,FALSE,9.95,Refunded,8/2/2026 19:43:18,u_8a39d43522453ac1,more information and more comprehensive summaries,The available content did not meet my expectations,,,,,,,
Canceled,FALSE,16.65,Refunded,8/2/2026 17:56:56,u_3f5f9f3b82217f54,A free trial ,It's too expensive,,,,,,,
,FALSE,,switch plan,8/2/2026 14:49:43,u_941fa03988fc64ea,Maybe a monthly charge,The available content did not meet my expectations,,,,,,,
Canceled,FALSE,60,Refunded,8/2/2026 11:59:05,u_723179db25400521,Shorter more concise summaries,The available content did not meet my expectations,,,,,,,
Canceled,FALSE,36,Refunded,8/2/2026 9:10:11,u_54fff4d82ea50ebc,Nothing,The available content did not meet my expectations,,,,,,,
Canceled,FALSE,16.65,Refunded,8/2/2026 8:06:34,u_fb01a40960099e9f,"Deeper, more thorough analysis of the text I wanted to study. More context.",The available content did not meet my expectations,,,,,,,
,FALSE,,X - 3 downloads up,8/2/2026 7:05:31,u_56c2a4a1ebeb0c16,If the price were more compatible with my situation.,"I am from Brazil and i wasnt aware that the full price on the website was in USD and not in BR Real. My currency is worth 6 times less than USD, not taxes included. ",,,,,,,
Canceled,FALSE,36,Refunded,8/2/2026 5:52:02,u_b98c5b7a7e73291e,A wider selection,The available content did not meet my expectations,,,,,,,
Canceled,FALSE,60,Refunded,8/2/2026 0:39:34,u_e2495858e8a13f60,More titles,My desired study guide(s) is not available,,The Sea Flower by Ruth Moore and Opioids and Organs by Arizona O'Neill ,,,,,
Canceled,FALSE,60,Refunded,8/1/2026 16:43:12,u_7b03c22e0cd31130,Cheaper subscription,It's too expensive,,,,,,,
Canceled,FALSE,36,Refunded,8/1/2026 16:02:10,u_d0a307f9c5ad9976,Better and more through content questions ,The available content did not meet my expectations,,,,,,,
Canceled,FALSE,36,Refunded,8/1/2026 14:02:12,u_ffd042953b49ad7b,Nothing. Child graduated,I no longer need it,,,,,,,
Canceled,FALSE,36,Refunded,8/1/2026 12:11:40,u_9042428798fb61b8,If I needed it.,I no longer need it,,,,,,,
Canceled,FALSE,60,Retention Failed,8/1/2026 8:37:55,u_ccc442e667aaa5f7,Much cheaper,It's too expensive,,,,,,,
Canceled,FALSE,36,Refunded,8/1/2026 8:23:45,u_d6f63c4f6f131c55,another assignment that I would need a summary for,I no longer need it,,,,,,,
Canceled,FALSE,36,Refunded,8/1/2026 7:30:03,u_908b8e34bedac9b3,a shorter version of summary possibly,"the guide was great, but was too long for my purposes",,,,,,,
