exit_session_id,id,language,Audiences Names,acceptedOffers,deflectType,ownerFirstName,ownerLastName,ownerFullName,reason,reasonId,bbkReason,bbkReasonId,reasonOther,bbkCategory,bbkCategoryId,returnLikelihood,competitor,competitionOther,email,details,drilldown_modal_feedback,free_text_modal_feedback,has_details,value,company,last_action,startTime,Cancel date,endTime,Save date,age,lastActiveDate,status,validation_status,billing_interval,sub_renewal_date,sub_expired_date,mrr,billing_mrr,billing_price,source,repurchases,repurchases_revenue,repurchases_first_date,winbacks,winbacks_revenue,winbacks_first_date,internal_id,Customer Create Date,Customer Payment Method State,First Purchase Date,Country,Subscription ID,Coupon Codes,Interval Length,Subscription Activation Date,Subscription Currency,Owner Email,Subscription Status,Billing ID,Owner Last Name,Contract Value,Product ID,Subscription Trial Start Date,Subscription Current Period Start,Customer Audience,State,Quantity,Plan ID,Subscription Start Date,Customer Type,Plan Amount,Plan Interval,Product Name,Coupon IDs,Customer Grade Level,Owner First Name,Subscription Next Billing Date,Subscription Product Family ID,Subscription MRR,Subscription Trial End Date,Subscription Current Period End,Subscription Create Date,Subscription Unit Amount,Owner Full Name,Organization Name,Save return URL,Cancel confirmation URL,Legacy Retention Experiment,Page attributed,Subscription Trial Start Date UTC,First Purchase Date UTC,Subscription Trial End Date UTC,Cancel date UTC,Subscription Activation Date UTC,Subscription Create Date UTC,Customer Create Date UTC,Save date UTC,Subscription Start Date UTC,Subscription Next Billing Date UTC
cancel_Wg7VH5T_a707dd715af64dd4,1712340,,fallback,,,[name],[name],[name],Unknown,Unknown,Unknown,Unknown,,Unknown,Unknown,0,,,u_d21ad5bc51afc978,,,,0,,,Canceled,2026-07-31T19:53:15.000Z,2026-07-31T19:53:15.000Z,2026-07-31T19:53:15.000Z,,17.0,,cancel,Valid Cancel,,,,5.0,,,Brightback,,,,,,,1712340,2026-07-31T14:19:37.000Z,,2026-07-31T14:19:38.000Z,,h_2073d15dbcd1672a,,1,2026-07-31T14:19:38.000Z,USD,u_d21ad5bc51afc978,ACTIVE,h_3b42205532e35209,[name],60.0,annual_plus,,2026-07-31T14:19:38.000Z,avid_reader,,1,annual_plus,2026-07-31T14:19:38.000Z,_UNKNOWN,6000,YEAR,annual_plus,,,[name],2027-07-31T14:19:38.000Z,,500,,2027-07-31T14:19:38.000Z,2026-07-31T14:19:38.000Z,6000,[name],,https://www.supersummary.com/subscription,https://www.supersummary.com/subscription/confirming/cancel,,Default/Fallback [July 2025] [25% one time / No entry modal],,07-31-2026,,07-31-2026,07-31-2026,07-31-2026,07-31-2026,,07-31-2026,07-31-2027
cancel_Wg7V49k_b77b798ef5cbf68c,1711729,,Teachers; fallback,,,[name],[name],[name],Unknown,Unknown,Unknown,Unknown,,Unknown,Unknown,0,,,u_c78434b5966b89b3,,,,0,,,Canceled,2026-07-31T16:09:50.000Z,2026-07-31T16:09:50.000Z,2026-07-31T16:09:50.000Z,,17.16,,cancel,Valid Cancel,,,,3.0,,,Brightback,,,,,,,1711729,2026-07-30T20:10:10.000Z,,2026-07-30T20:10:12.000Z,,h_1a2dc88a68ce12cd,,1,2026-07-30T20:10:12.000Z,USD,u_c78434b5966b89b3,ACTIVE,h_757b63a13dea0d6b,[name],36.0,annual_essentials,,2026-07-30T20:10:12.000Z,teacher,,1,annual_essentials,2026-07-30T20:10:12.000Z,_UNKNOWN,3600,YEAR,annual_essentials,,High School,[name],2027-07-30T20:10:12.000Z,,300,,2027-07-30T20:10:12.000Z,2026-07-30T20:10:12.000Z,3600,[name],,https://www.supersummary.com/subscription,https://www.supersummary.com/subscription/confirming/cancel,,Teacher Experience [July 2025] [40% one-time / Modal],,07-30-2026,,07-31-2026,07-30-2026,07-30-2026,07-30-2026,,07-30-2026,07-30-2027
cancel_Wg7ULpa_9bdc07a6fbb22b81,Azz27PVIDIzOA5A6d,,Teachers; fallback,,,[name],[name],,Unknown,Unknown,Unknown,Unknown,,Unknown,Unknown,0,,,u_f5d683530dafb6fe,,,,0,,,Canceled,2026-07-30T21:52:19.000Z,2026-07-30T21:52:19.000Z,2026-07-30T21:52:19.000Z,,17.92,,cancel,Valid Cancel,,,,16.65,,,Brightback,,,,,,,Azz27PVIDIzOA5A6d,2026-04-29T20:24:33.000Z,,2026-04-29T20:25:12.000Z,,h_1c7f0af44011929b,,1,2026-04-29T20:25:12.000Z,USD,u_f5d683530dafb6fe,ACTIVE,h_cb887f1f89b79541,[name],,,,2026-07-29T20:25:12.000Z,teacher,,1,monthly_plus,2026-04-29T20:25:12.000Z,_UNKNOWN,1665,MONTH,,,High School,[name],2026-08-29T20:25:12.000Z,,1665,,2026-08-29T20:25:12.000Z,2026-04-29T20:25:12.000Z,1665,,,,,,Teacher Experience [July 2025] [40% one-time / Modal],,04-29-2026,,07-30-2026,04-29-2026,04-29-2026,04-29-2026,,04-29-2026,08-29-2026
cancel_Wg7TD1E_a424f7ec25458f06,6oldCVQlJLhZ17Lw,,Book Club Members; fallback,,,[name],[name],,Unknown,Unknown,Unknown,Unknown,,Unknown,Unknown,0,,,u_c957eb3233d7b895,,,,0,,,Canceled,2026-07-30T13:29:22.000Z,2026-07-30T13:29:22.000Z,2026-07-30T13:29:22.000Z,,18.27,,cancel,Valid Cancel,,,,3.0,,,Brightback,,,,,,,6oldCVQlJLhZ17Lw,2026-07-29T11:50:55.000Z,,2026-07-29T11:50:56.000Z,,h_e90ef74e5dfe9d1e,,1,2026-07-29T11:50:56.000Z,USD,u_c957eb3233d7b895,ACTIVE,h_fba1823fbca52a09,[name],,,,2026-07-29T11:50:56.000Z,book_club_member,,1,annual_essentials,2026-07-29T11:50:56.000Z,_UNKNOWN,3600,YEAR,,,,[name],2027-07-29T11:50:56.000Z,,300,,2027-07-29T11:50:56.000Z,2026-07-29T11:50:56.000Z,3600,,,,,,BCM Experience [July 2025] [25% one-time / No Entry Modal],,07-29-2026,,07-30-2026,07-29-2026,07-29-2026,07-29-2026,,07-29-2026,07-29-2027
cancel_Wg7S6rx_b28489791976605a,AzZKMXVQ94se32fgM,,fallback,,,[name],[name],,Unknown,Unknown,Unknown,Unknown,,Unknown,Unknown,0,,,u_78b402ef27d793c6,,,,0,,,Canceled,2026-07-28T07:37:44.000Z,2026-07-28T07:37:44.000Z,2026-07-28T07:37:44.000Z,,20.51,,cancel,Valid Cancel,,,,5.0,,,Brightback,,,,,,,AzZKMXVQ94se32fgM,2026-07-22T22:55:04.000Z,,2026-07-22T22:55:07.000Z,,h_b6a8e445ab488218,,1,2026-07-22T22:55:07.000Z,USD,u_78b402ef27d793c6,ACTIVE,h_293592eab82a8574,[name],,,,2026-07-22T22:55:07.000Z,other,,1,annual_plus,2026-07-22T22:55:07.000Z,_UNKNOWN,6000,YEAR,,,,[name],2027-07-22T22:55:07.000Z,,500,,2027-07-22T22:55:07.000Z,2026-07-22T22:55:07.000Z,6000,,,,,,Default/Fallback [July 2025] [25% one time / No entry modal],,07-22-2026,,07-28-2026,07-22-2026,07-22-2026,07-22-2026,,07-22-2026,07-22-2027
cancel_Wg7QLiP_8c8b4322493f3ac3,AzyUD8VQWAnVJq2l,,Students; fallback,,,[name],[name],,Unknown,Unknown,Unknown,Unknown,,Unknown,Unknown,0,,,u_8e4577edea9c5df8,,,,0,,,Canceled,2026-07-28T14:11:38.000Z,2026-07-28T14:11:38.000Z,2026-07-28T14:11:38.000Z,,20.24,,cancel,Valid Cancel,,,,3.0,,,Brightback,,,,,,,AzyUD8VQWAnVJq2l,2026-07-26T21:42:50.000Z,,2026-07-26T21:42:53.000Z,,h_de694549f2a15f5d,,1,2026-07-26T21:42:53.000Z,USD,u_8e4577edea9c5df8,ACTIVE,h_47838e893377fe97,[name],,,,2026-07-26T21:42:53.000Z,student,,1,annual_essentials,2026-07-26T21:42:53.000Z,_UNKNOWN,3600,YEAR,,,College,[name],2027-07-26T21:42:53.000Z,,300,,2027-07-26T21:42:53.000Z,2026-07-26T21:42:53.000Z,3600,,,,,,Student Experience [July 2025] [25% one-time / No Entry Modal],,07-26-2026,,07-28-2026,07-26-2026,07-26-2026,07-26-2026,,07-26-2026,07-26-2027
cancel_Wg7QIIK_a81390b057916d24,169rmyVQPsFnPfgP,,Book Club Members; fallback,,,[name],[name],,Unknown,Unknown,Unknown,Unknown,,Unknown,Unknown,0,,,u_fa158be583964e8d,,,,0,,,Canceled,2026-07-27T12:19:43.000Z,2026-07-27T12:19:43.000Z,2026-07-27T12:19:43.000Z,,21.32,,cancel,Valid Cancel,,,,3.0,,,Brightback,,,,,,,169rmyVQPsFnPfgP,2026-07-25T19:50:52.000Z,,2026-07-25T19:51:35.000Z,,h_a18bc096d93177be,,1,2026-07-25T19:51:35.000Z,USD,u_fa158be583964e8d,ACTIVE,h_86c4b538f05ffd7d,[name],,,,2026-07-25T19:51:35.000Z,book_club_member,,1,annual_essentials,2026-07-25T19:51:35.000Z,_UNKNOWN,3600,YEAR,,,,[name],2027-07-25T19:51:35.000Z,,300,,2027-07-25T19:51:35.000Z,2026-07-25T19:51:35.000Z,3600,,,,,,BCM Experience [July 2025] [25% one-time / No Entry Modal],,07-25-2026,,07-27-2026,07-25-2026,07-25-2026,07-25-2026,,07-25-2026,07-25-2027
cancel_Wg7Q3NF_9e45eff01442e99d,Azz2itVPwaNMS2K2u,,Book Club Members; fallback,,,[name],[name],,Unknown,Unknown,Unknown,Unknown,,Unknown,Unknown,0,,,u_54b7183827374e1b,,,,0,,,Canceled,2026-07-26T03:25:36.000Z,2026-07-26T03:25:36.000Z,2026-07-26T03:25:36.000Z,,22.69,,cancel,Valid Cancel,,,,5.0,,,Brightback,,,,,,,Azz2itVPwaNMS2K2u,2026-07-20T19:38:39.000Z,,2026-07-20T19:38:41.000Z,,h_35698d5892bf897d,,1,2026-07-20T19:38:41.000Z,USD,u_54b7183827374e1b,ACTIVE,h_d580739da203ce26,[name],,,,2026-07-20T19:38:41.000Z,book_club_member,,1,annual_plus,2026-07-20T19:38:41.000Z,_UNKNOWN,6000,YEAR,,,,[name],2027-07-20T19:38:41.000Z,,500,,2027-07-20T19:38:41.000Z,2026-07-20T19:38:41.000Z,6000,,,,,,BCM Experience [July 2025] [25% one-time / No Entry Modal],,07-20-2026,,07-26-2026,07-20-2026,07-20-2026,07-20-2026,,07-20-2026,07-20-2027
cancel_Wg7PNwu_877e0aaa9077f304,16BgZmVQPotpmb4T,,Students; fallback,,,[name],[name],,Unknown,Unknown,Unknown,Unknown,,Unknown,Unknown,0,,,u_c2acf01d9e9b6858,,,,0,,,Canceled,2026-07-27T10:47:19.000Z,2026-07-27T10:47:19.000Z,2026-07-27T10:47:19.000Z,,21.38,,cancel,Valid Cancel,,,,9.95,,,Brightback,,,,,,,16BgZmVQPotpmb4T,2026-07-25T19:38:13.000Z,,2026-07-25T19:38:16.000Z,,h_013169fb35b3e72b,,1,2026-07-25T19:38:16.000Z,USD,u_c2acf01d9e9b6858,ACTIVE,h_752e0e6b48a5d0d0,[name],,,,2026-07-25T19:38:16.000Z,student,,1,monthly_essentials,2026-07-25T19:38:16.000Z,_UNKNOWN,995,MONTH,,,Postgrad Program,[name],2026-08-25T19:38:16.000Z,,995,,2026-08-25T19:38:16.000Z,2026-07-25T19:38:16.000Z,995,,,,,,Student Experience [July 2025] [25% one-time / No Entry Modal],,07-25-2026,,07-27-2026,07-25-2026,07-25-2026,07-25-2026,,07-25-2026,08-25-2026
cancel_Wg7PIWf_bc8bb392db958a49,1706589,,Students; fallback,,,[name],[name],[name],Unknown,Unknown,Unknown,Unknown,,Unknown,Unknown,0,,,u_f88a815960b08865,,,,0,,,Canceled,2026-07-27T11:53:45.000Z,2026-07-27T11:53:45.000Z,2026-07-27T11:53:45.000Z,,21.34,,cancel,Valid Cancel,,,,3.0,,,Brightback,,,,,,,1706589,2026-07-25T18:22:53.000Z,,2026-07-25T18:22:55.000Z,,h_b864dee6e487f733,,1,2026-07-25T18:22:55.000Z,USD,u_f88a815960b08865,ACTIVE,h_d25e21170e66e6ab,[name],36.0,annual_essentials,,2026-07-25T18:22:55.000Z,student,,1,annual_essentials,2026-07-25T18:22:55.000Z,_UNKNOWN,3600,YEAR,annual_essentials,,High School,[name],2027-07-25T18:22:55.000Z,,300,,2027-07-25T18:22:55.000Z,2026-07-25T18:22:55.000Z,3600,[name],,https://www.supersummary.com/subscription,https://www.supersummary.com/subscription/confirming/cancel,,Student Experience [July 2025] [25% one-time / No Entry Modal],,07-25-2026,,07-27-2026,07-25-2026,07-25-2026,07-25-2026,,07-25-2026,07-25-2027
cancel_Wg7OBnt_91c69e78383541f4,16BT9oVQI18wG15Fe,,Students; fallback,,,[name],[name],,Unknown,Unknown,Unknown,Unknown,,Unknown,Unknown,0,,,u_632da6cea5ef4e19,,,,0,,,Canceled,2026-07-24T12:11:25.000Z,2026-07-24T12:11:25.000Z,2026-07-24T12:11:25.000Z,,24.32,,cancel,Valid Cancel,,,,9.95,,,Brightback,,,,,,,16BT9oVQI18wG15Fe,2023-07-24T00:33:52.000Z,,2026-07-24T11:36:43.000Z,,h_068efdcc00049b03,,1,2026-07-24T11:36:43.000Z,USD,u_632da6cea5ef4e19,ACTIVE,h_330a4658d4ea893c,[name],,,,2026-07-24T11:36:43.000Z,student,,1,monthly_essentials,2026-07-24T11:36:43.000Z,_UNKNOWN,995,MONTH,,,Postgrad Program,[name],2026-08-24T11:36:43.000Z,,995,,2026-08-24T11:36:43.000Z,2026-07-24T11:36:43.000Z,995,,,,,,Student Experience [July 2025] [25% one-time / No Entry Modal],,07-24-2026,,07-24-2026,07-24-2026,07-24-2026,07-24-2023,,07-24-2026,08-24-2026
cancel_Wg7NI5Z_bf57a417c4d8d331,1703435,,Students; fallback,,,[name],[name],[name],Unknown,Unknown,Unknown,Unknown,,Unknown,Unknown,0,,,u_11672d3c3821aad0,,,,0,,,Canceled,2026-07-27T11:51:01.000Z,2026-07-27T11:51:01.000Z,2026-07-27T11:51:01.000Z,,21.34,,cancel,Valid Cancel,,,,16.65,,,Brightback,,,,,,,1703435,2026-07-22T13:34:54.000Z,,2026-07-22T13:38:47.000Z,,h_f2f9a7712f4da6f8,,1,2026-07-22T13:38:47.000Z,USD,u_11672d3c3821aad0,ACTIVE,h_616e4ab839869ef9,[name],16.65,monthly_plus,,2026-07-22T13:38:47.000Z,student,,1,monthly_plus,2026-07-22T13:38:47.000Z,_UNKNOWN,1665,MONTH,monthly_plus,,High School,[name],2026-08-22T13:38:47.000Z,,1665,,2026-08-22T13:38:47.000Z,2026-07-22T13:38:47.000Z,1665,[name],,https://www.supersummary.com/subscription,https://www.supersummary.com/subscription/confirming/cancel,,Student Experience [July 2025] [25% one-time / No Entry Modal],,07-22-2026,,07-27-2026,07-22-2026,07-22-2026,07-22-2026,,07-22-2026,08-22-2026
cancel_Wg7NGo2_bf5ef73cd0fa3a3f,16BZLCVQCpzwc1b27,,Book Club Members; fallback,,,[name],[name],,Unknown,Unknown,Unknown,Unknown,,Unknown,Unknown,0,,,u_621e1495d130c943,,,,0,,,Canceled,2026-07-27T11:46:47.000Z,2026-07-27T11:46:47.000Z,2026-07-27T11:46:47.000Z,,21.34,,cancel,Valid Cancel,,,,3.75,,,Brightback,,,,,,,16BZLCVQCpzwc1b27,2026-07-23T14:21:04.000Z,,2026-07-23T14:21:05.000Z,,h_5b72d2ab807687bf,,1,2026-07-23T14:21:05.000Z,USD,u_621e1495d130c943,ACTIVE,h_6521084306d8887a,[name],,,,2026-07-23T14:21:05.000Z,book_club_member,,1,annual_plus,2026-07-23T14:21:05.000Z,_UNKNOWN,6000,YEAR,,,,[name],2027-07-23T14:21:05.000Z,,500,,2027-07-23T14:21:05.000Z,2026-07-23T14:21:05.000Z,6000,,,,,,BCM Experience [July 2025] [25% one-time / No Entry Modal],,07-23-2026,,07-27-2026,07-23-2026,07-23-2026,07-23-2026,,07-23-2026,07-23-2027
cancel_Wg7N1oD_a3e73d44dc6ae877,AzZKMXVQ9mTCD364M,,fallback,,,[name],[name],,Unknown,Unknown,Unknown,Unknown,,Unknown,Unknown,0,,,u_c4c3cc71296c9686,,,,0,,,Canceled,2026-07-27T11:45:11.000Z,2026-07-27T11:45:11.000Z,2026-07-27T11:45:11.000Z,,21.34,,cancel,Valid Cancel,,,,5.0,,,Brightback,,,,,,,AzZKMXVQ9mTCD364M,2026-07-23T01:48:14.000Z,,2026-07-23T01:48:15.000Z,,h_f6b0f3e70f1ebef4,,1,2026-07-23T01:48:15.000Z,USD,u_c4c3cc71296c9686,ACTIVE,h_6211888807d5cff8,[name],,,,2026-07-23T01:48:15.000Z,other,,1,annual_plus,2026-07-23T01:48:15.000Z,_UNKNOWN,6000,YEAR,,,,[name],2027-07-23T01:48:15.000Z,,500,,2027-07-23T01:48:15.000Z,2026-07-23T01:48:15.000Z,6000,,,,,,Default/Fallback [July 2025] [25% one time / No entry modal],,07-23-2026,,07-27-2026,07-23-2026,07-23-2026,07-23-2026,,07-23-2026,07-23-2027
cancel_Wg7ML2g_8e4970bcc1db3ec3,AzZi5FVQ7jDFO1sdN,,fallback,,,[name],[name],,Unknown,Unknown,Unknown,Unknown,,Unknown,Unknown,0,,,u_4ac13037aafd7ae4,,,,0,,,Canceled,2026-07-22T21:03:50.000Z,2026-07-22T21:03:50.000Z,2026-07-22T21:03:50.000Z,,25.95,,cancel,Valid Cancel,,,,5.0,,,Brightback,,,,,,,AzZi5FVQ7jDFO1sdN,2026-07-22T17:22:44.000Z,,2026-07-22T17:22:46.000Z,,h_60843210d66c145e,,1,2026-07-22T17:22:46.000Z,USD,u_4ac13037aafd7ae4,ACTIVE,h_9f366ce071d34cec,[name],,,,2026-07-22T17:22:46.000Z,other,,1,annual_plus,2026-07-22T17:22:46.000Z,_UNKNOWN,6000,YEAR,,,,[name],2027-07-22T17:22:46.000Z,,500,,2027-07-22T17:22:46.000Z,2026-07-22T17:22:46.000Z,6000,,,,,,Default/Fallback [July 2025] [25% one time / No entry modal],,07-22-2026,,07-22-2026,07-22-2026,07-22-2026,07-22-2026,,07-22-2026,07-22-2027
cancel_Wg7MI92_8286e9d2175fa97a,1703499,,Students; fallback,,,[name],[name],[name],Unknown,Unknown,Unknown,Unknown,,Unknown,Unknown,0,,,u_79fdd07d8bde17c3,,,,0,,,Canceled,2026-07-24T12:05:54.000Z,2026-07-24T12:05:54.000Z,2026-07-24T12:05:54.000Z,,24.33,,cancel,Valid Cancel,,,,5.0,,,Brightback,,,,,,,1703499,2026-07-22T13:31:00.000Z,,2026-07-22T13:31:04.000Z,,h_38e0738ad4bfebba,,1,2026-07-22T13:31:04.000Z,USD,u_79fdd07d8bde17c3,ACTIVE,h_1a6dc92f65302e8d,[name],60.0,annual_plus,,2026-07-22T13:31:04.000Z,student,,1,annual_plus,2026-07-22T13:31:04.000Z,_UNKNOWN,6000,YEAR,annual_plus,,High School,[name],2027-07-22T13:31:04.000Z,,500,,2027-07-22T13:31:04.000Z,2026-07-22T13:31:04.000Z,6000,[name],,https://www.supersummary.com/subscription,https://www.supersummary.com/subscription/confirming/cancel,,Student Experience [July 2025] [25% one-time / No Entry Modal],,07-22-2026,,07-24-2026,07-22-2026,07-22-2026,07-22-2026,,07-22-2026,07-22-2027
cancel_Wg7M6Rj_823469b208df44c4,AzZi5FVQ4xjkCPAI,,Teachers; fallback,,,[name],[name],,Unknown,Unknown,Unknown,Unknown,,Unknown,Unknown,0,,,u_8736d9b46cf6ca14,,,,0,,,Canceled,2026-07-27T08:35:45.000Z,2026-07-27T08:35:45.000Z,2026-07-27T08:35:45.000Z,,21.47,,cancel,Valid Cancel,,,,3.0,,,Brightback,,,,,,,AzZi5FVQ4xjkCPAI,2026-07-22T06:01:37.000Z,,2026-07-22T06:01:39.000Z,,h_6503e40442b43fbb,,1,2026-07-22T06:01:39.000Z,USD,u_8736d9b46cf6ca14,ACTIVE,h_1b1c3f29747f6786,[name],,,,2026-07-22T06:01:39.000Z,teacher,,1,annual_plus,2026-07-22T06:01:39.000Z,_UNKNOWN,6000,YEAR,,,High School,[name],2027-07-22T06:01:39.000Z,,500,,2027-07-22T06:01:39.000Z,2026-07-22T06:01:39.000Z,6000,,,,,,Teacher Experience [July 2025] [40% one-time / Modal],,07-22-2026,,07-27-2026,07-22-2026,07-22-2026,07-22-2026,,07-22-2026,07-22-2027
cancel_Wg7M2JN_b810139c4d2ba5da,1333405,,Students; fallback,,,[name],[name],[name],Unknown,Unknown,Unknown,Unknown,,Unknown,Unknown,0,,,u_4d0067c10a8e6617,,,,0,,,Canceled,2026-07-22T02:20:48.000Z,2026-07-22T02:20:48.000Z,2026-07-22T02:20:48.000Z,,26.73,,cancel,Valid Cancel,,,,16.65,,,Brightback,,,,,,,1333405,2025-09-21T17:57:47.000Z,,2025-09-21T17:57:49.000Z,,h_8ba7fff7c26d9877,,1,2025-09-21T17:57:49.000Z,USD,u_4d0067c10a8e6617,ACTIVE,h_97f4d3f3344c05f1,[name],16.65,monthly_plus,,2026-07-21T17:57:49.000Z,student,,1,monthly_plus,2025-09-21T17:57:49.000Z,_UNKNOWN,1665,MONTH,monthly_plus,,High School,[name],2026-08-21T17:57:49.000Z,,1665,,2026-08-21T17:57:49.000Z,2025-09-21T17:57:49.000Z,1665,[name],,https://www.supersummary.com/subscription,https://www.supersummary.com/subscription/confirming/cancel,,Student Experience [July 2025] [25% one-time / No Entry Modal],,09-21-2025,,07-22-2026,09-21-2025,09-21-2025,09-21-2025,,09-21-2025,08-21-2026
cancel_Wg7M0FK_85ea44ff8ae736a3,1693178,,Book Club Members; fallback,,,[name],[name],[name],Unknown,Unknown,Unknown,Unknown,,Unknown,Unknown,0,,,u_8e1c8ff2bac96280,,,,0,,,Canceled,2026-07-22T00:20:47.000Z,2026-07-22T00:20:47.000Z,2026-07-22T00:20:47.000Z,,26.82,,cancel,Valid Cancel,,,,3.75,,,Brightback,,,,,,,1693178,2026-07-16T03:02:41.000Z,,2026-07-16T03:02:45.000Z,,h_6f5478bfcb2aad6d,,1,2026-07-16T03:02:45.000Z,USD,u_8e1c8ff2bac96280,ACTIVE,h_830f8f94ba2f34ac,[name],60.0,annual_plus,,2026-07-16T03:02:45.000Z,book_club_member,,1,annual_plus,2026-07-16T03:02:45.000Z,_UNKNOWN,6000,YEAR,annual_plus,,,[name],2027-07-16T03:02:45.000Z,,500,,2027-07-16T03:02:45.000Z,2026-07-16T03:02:45.000Z,6000,[name],,https://www.supersummary.com/subscription,https://www.supersummary.com/subscription/confirming/cancel,,BCM Experience [July 2025] [25% one-time / No Entry Modal],,07-16-2026,,07-22-2026,07-16-2026,07-16-2026,07-16-2026,,07-16-2026,07-16-2027
cancel_Wg7LKl2_953dbffc1cc06dbc,169v3VVQ2JRlS2K53,,Book Club Members; fallback,,,[name],[name],,Unknown,Unknown,Unknown,Unknown,,Unknown,Unknown,0,,,u_e69e40bb023bbac0,,,,0,,,Canceled,2026-07-21T20:49:03.000Z,2026-07-21T20:49:03.000Z,2026-07-21T20:49:03.000Z,,26.96,,cancel,Valid Cancel,,,,5.0,,,Brightback,,,,,,,169v3VVQ2JRlS2K53,2026-07-21T19:09:02.000Z,,2026-07-21T19:09:04.000Z,,h_a48d50592de5434d,,1,2026-07-21T19:09:04.000Z,USD,u_e69e40bb023bbac0,ACTIVE,h_fff8a7b5ccbb9b39,[name],,,,2026-07-21T19:09:04.000Z,book_club_member,,1,annual_plus,2026-07-21T19:09:04.000Z,_UNKNOWN,6000,YEAR,,,,[name],2027-07-21T19:09:04.000Z,,500,,2027-07-21T19:09:04.000Z,2026-07-21T19:09:04.000Z,6000,,,,,,BCM Experience [July 2025] [25% one-time / No Entry Modal],,07-21-2026,,07-21-2026,07-21-2026,07-21-2026,07-21-2026,,07-21-2026,07-21-2027
cancel_Wg7LEoX_9df0e36fb7c60821,1702302,,Book Club Members; fallback,,,[name],[name],[name],Unknown,Unknown,Unknown,Unknown,,Unknown,Unknown,0,,,u_5c9908cc19e54ef8,,,,0,,,Canceled,2026-07-22T14:33:35.000Z,2026-07-22T14:33:35.000Z,2026-07-22T14:33:35.000Z,,26.22,,cancel,Valid Cancel,,,,3.0,,,Brightback,,,,,,,1702302,2026-07-21T14:44:18.000Z,,2026-07-21T14:44:20.000Z,,h_134dcb28648ccfc4,,1,2026-07-21T14:44:20.000Z,USD,u_5c9908cc19e54ef8,ACTIVE,h_d679529693ec89c5,[name],36.0,annual_essentials,,2026-07-21T14:44:20.000Z,book_club_member,,1,annual_essentials,2026-07-21T14:44:20.000Z,_UNKNOWN,3600,YEAR,annual_essentials,,,[name],2027-07-21T14:44:20.000Z,,300,,2027-07-21T14:44:20.000Z,2026-07-21T14:44:20.000Z,3600,[name],,https://www.supersummary.com/subscription,https://www.supersummary.com/subscription/confirming/cancel,,BCM Experience [July 2025] [25% one-time / No Entry Modal],,07-21-2026,,07-22-2026,07-21-2026,07-21-2026,07-21-2026,,07-21-2026,07-21-2027
cancel_Wg7L9Rq_9a876a8c22bcec47,AzyoXXVPzN2dPWeD,,Students; fallback,,,[name],[name],,Unknown,Unknown,Unknown,Unknown,,Unknown,Unknown,0,,,u_096209322384c86b,,,,0,,,Canceled,2026-07-26T14:16:21.000Z,2026-07-26T14:16:21.000Z,2026-07-26T14:16:21.000Z,,22.24,,cancel,Valid Cancel,,,,16.65,,,Brightback,,,,,,,AzyoXXVPzN2dPWeD,2026-07-21T07:04:30.000Z,,2026-07-21T07:04:32.000Z,,h_b84ce9f8c53d7f7e,,1,2026-07-21T07:04:32.000Z,USD,u_096209322384c86b,ACTIVE,h_a5cc2b1ddb5b0f0e,[name],,,,2026-07-21T07:04:32.000Z,student,,1,monthly_plus,2026-07-21T07:04:32.000Z,_UNKNOWN,1665,MONTH,,,College,[name],2026-08-21T07:04:32.000Z,,1665,,2026-08-21T07:04:32.000Z,2026-07-21T07:04:32.000Z,1665,,,,,,Student Experience [July 2025] [25% one-time / No Entry Modal],,07-21-2026,,07-26-2026,07-21-2026,07-21-2026,07-21-2026,,07-21-2026,08-21-2026
cancel_Wg7L2lx_8b26dc91afce9430,1696592,,Students; fallback,,,[name],[name],[name],Unknown,Unknown,Unknown,Unknown,,Unknown,Unknown,0,,,u_ac4a496214df263e,,,,0,,,Canceled,2026-07-21T02:48:44.000Z,2026-07-21T02:48:44.000Z,2026-07-21T02:48:44.000Z,,27.71,,cancel,Valid Cancel,,,,9.95,,,Brightback,,,,,,,1696592,2026-07-14T02:46:24.000Z,,2026-07-14T02:46:26.000Z,,h_a76cbbdacf6d7487,,1,2026-07-14T02:46:26.000Z,USD,u_ac4a496214df263e,ACTIVE,h_67bb6e27b06c4775,[name],9.95,monthly_essentials,,2026-07-14T02:46:26.000Z,student,,1,monthly_essentials,2026-07-14T02:46:26.000Z,_UNKNOWN,995,MONTH,monthly_essentials,,Postgrad Program,[name],2026-08-14T02:46:26.000Z,,995,,2026-08-14T02:46:26.000Z,2026-07-14T02:46:26.000Z,995,[name],,https://www.supersummary.com/subscription,https://www.supersummary.com/subscription/confirming/cancel,,Student Experience [July 2025] [25% one-time / No Entry Modal],,07-14-2026,,07-21-2026,07-14-2026,07-14-2026,07-14-2026,,07-14-2026,08-14-2026
cancel_Wg7L0ku_8c2a7c3bdcf6a3d6,1701928,,Teachers; fallback,,,[name],[name],[name],Unknown,Unknown,Unknown,Unknown,,Unknown,Unknown,0,,,u_c5f33fb3f14c66ff,,,,0,,,Canceled,2026-07-21T01:20:26.000Z,2026-07-21T01:20:26.000Z,2026-07-21T01:20:26.000Z,,27.78,,cancel,Valid Cancel,,,,9.95,,,Brightback,,,,,,,1701928,2026-07-21T00:42:51.000Z,,2026-07-21T00:42:53.000Z,,h_4acfa19733fca2f5,,1,2026-07-21T00:42:53.000Z,USD,u_c5f33fb3f14c66ff,ACTIVE,h_f69a8a95d57bcca4,[name],9.95,monthly_essentials,,2026-07-21T00:42:53.000Z,teacher,,1,monthly_essentials,2026-07-21T00:42:53.000Z,_UNKNOWN,995,MONTH,monthly_essentials,,High School,[name],2026-08-21T00:42:53.000Z,,995,,2026-08-21T00:42:53.000Z,2026-07-21T00:42:53.000Z,995,[name],,https://www.supersummary.com/subscription,https://www.supersummary.com/subscription/confirming/cancel,,Teacher Experience [July 2025] [40% one-time / Modal],,07-21-2026,,07-21-2026,07-21-2026,07-21-2026,07-21-2026,,07-21-2026,08-21-2026
cancel_Wg7KN75_92d4796e042fbf54,Azz3SjVPg5m5T2j5U,,Book Club Members; fallback,,,[name],[name],,Unknown,Unknown,Unknown,Unknown,,Unknown,Unknown,0,,,u_0aa24d5d0c8afce3,,,,0,,,Canceled,2026-07-20T23:09:34.000Z,2026-07-20T23:09:34.000Z,2026-07-20T23:09:34.000Z,,27.87,,cancel,Valid Cancel,,,,2.25,,,Brightback,,,,,,,Azz3SjVPg5m5T2j5U,2026-07-17T23:56:44.000Z,,2026-07-17T23:56:46.000Z,,h_08b51342a03963e9,,1,2026-07-17T23:56:46.000Z,USD,u_0aa24d5d0c8afce3,ACTIVE,h_6b160841c6c11888,[name],,,,2026-07-17T23:56:46.000Z,book_club_member,,1,annual_essentials,2026-07-17T23:56:46.000Z,_UNKNOWN,3600,YEAR,,,,[name],2027-07-17T23:56:46.000Z,,300,,2027-07-17T23:56:46.000Z,2026-07-17T23:56:46.000Z,3600,,,,,,BCM Experience [July 2025] [25% one-time / No Entry Modal],,07-17-2026,,07-20-2026,07-17-2026,07-17-2026,07-17-2026,,07-17-2026,07-17-2027
cancel_Wg7K9Dt_8ed15eaa5a75f366,AzqFNCVPu2hVQkes,,Students; fallback,,,[name],[name],,Unknown,Unknown,Unknown,Unknown,,Unknown,Unknown,0,,,u_30b735e4a77a0124,,,,0,,,Canceled,2026-07-26T20:06:54.000Z,2026-07-26T20:06:54.000Z,2026-07-26T20:06:54.000Z,,21.99,,cancel,Valid Cancel,,,,3.0,,,Brightback,,,,,,,AzqFNCVPu2hVQkes,2026-07-20T09:12:21.000Z,,2026-07-20T09:12:22.000Z,,h_349e5da538cde78e,,1,2026-07-20T09:12:22.000Z,USD,u_30b735e4a77a0124,ACTIVE,h_fc679ecd71d36fbb,[name],,,,2026-07-20T09:12:22.000Z,student,,1,annual_essentials,2026-07-20T09:12:22.000Z,_UNKNOWN,3600,YEAR,,,College,[name],2027-07-20T09:12:22.000Z,,300,,2027-07-20T09:12:22.000Z,2026-07-20T09:12:22.000Z,3600,,,,,,Student Experience [July 2025] [25% one-time / No Entry Modal],,07-20-2026,,07-26-2026,07-20-2026,07-20-2026,07-20-2026,,07-20-2026,07-20-2027
cancel_Wg7K1PY_81c0221bb77903d1,16A3VyVPkCxey4AZs,,Book Club Members; fallback,,,[name],[name],,Unknown,Unknown,Unknown,Unknown,,Unknown,Unknown,0,,,u_550d608ebef0e4b3,,,,0,,,Canceled,2026-07-20T01:29:09.000Z,2026-07-20T01:29:09.000Z,2026-07-20T01:29:09.000Z,,28.77,,cancel,Valid Cancel,,,,2.25,,,Brightback,,,,,,,16A3VyVPkCxey4AZs,2026-07-18T16:50:22.000Z,,2026-07-18T16:50:24.000Z,,h_250fac67e8e86e68,,1,2026-07-18T16:50:24.000Z,USD,u_550d608ebef0e4b3,ACTIVE,h_632935ea2d9bde6b,[name],,,,2026-07-18T16:50:24.000Z,book_club_member,,1,annual_essentials,2026-07-18T16:50:24.000Z,_UNKNOWN,3600,YEAR,,,,[name],2027-07-18T16:50:24.000Z,,300,,2027-07-18T16:50:24.000Z,2026-07-18T16:50:24.000Z,3600,,,,,,BCM Experience [July 2025] [25% one-time / No Entry Modal],,07-18-2026,,07-20-2026,07-18-2026,07-18-2026,07-18-2026,,07-18-2026,07-18-2027
cancel_Wg7K0PF_a8c454fb9793ff08,AzylBfVPqPCJC6ZBH,,Book Club Members; fallback,,,[name],[name],,Unknown,Unknown,Unknown,Unknown,,Unknown,Unknown,0,,,u_7a16b0ef943d6ddf,,,,0,,,Canceled,2026-07-20T07:21:32.000Z,2026-07-20T07:21:32.000Z,2026-07-20T07:21:32.000Z,,28.53,,cancel,Valid Cancel,,,,0.0,,,Brightback,,,,,,,AzylBfVPqPCJC6ZBH,2026-07-19T18:16:37.000Z,,2026-07-19T18:16:38.000Z,,h_9f9cb099fc7a5f60,,1,2026-07-19T18:16:38.000Z,USD,u_7a16b0ef943d6ddf,ACTIVE,h_7a53a452902cc778,[name],,,,2026-07-19T18:16:38.000Z,book_club_member,,1,annual_plus,2026-07-19T18:16:38.000Z,_UNKNOWN,6000,YEAR,,,,[name],2027-07-19T18:16:38.000Z,,500,,2027-07-19T18:16:38.000Z,2026-07-19T18:16:38.000Z,6000,,,,,,BCM Experience [July 2025] [25% one-time / No Entry Modal],,07-19-2026,,07-20-2026,07-19-2026,07-19-2026,07-19-2026,,07-19-2026,07-19-2027
cancel_Wg7JJlD_b5cca5458252d226,1696343,,Students; fallback,,,[name],[name],[name],Unknown,Unknown,Unknown,Unknown,,Unknown,Unknown,0,,,u_6fce5c23f298ffee,,,,0,,,Canceled,2026-07-20T07:20:34.000Z,2026-07-20T07:20:34.000Z,2026-07-20T07:20:34.000Z,,28.53,,cancel,Valid Cancel,,,,5.0,,,Brightback,,,,,,,1696343,2026-07-13T20:14:14.000Z,,2026-07-13T20:14:16.000Z,,h_000b73d476b76e9e,,1,2026-07-13T20:14:16.000Z,USD,u_6fce5c23f298ffee,ACTIVE,h_dee157650b32ed3d,[name],60.0,annual_plus,,2026-07-13T20:14:16.000Z,student,,1,annual_plus,2026-07-13T20:14:16.000Z,_UNKNOWN,6000,YEAR,annual_plus,,College,[name],2027-07-13T20:14:16.000Z,,500,,2027-07-13T20:14:16.000Z,2026-07-13T20:14:16.000Z,6000,[name],,https://www.supersummary.com/subscription,https://www.supersummary.com/subscription/confirming/cancel,,Student Experience [July 2025] [25% one-time / No Entry Modal],,07-13-2026,,07-20-2026,07-13-2026,07-13-2026,07-13-2026,,07-13-2026,07-13-2027
cancel_Wg7J3gT_ae1a93050f08eecc,6obBnVPmYxgo5605,,Students; fallback,,,[name],[name],,Unknown,Unknown,Unknown,Unknown,,Unknown,Unknown,0,,,u_561365f1cc506f9c,,,,0,,,Canceled,2026-07-20T07:19:39.000Z,2026-07-20T07:19:39.000Z,2026-07-20T07:19:39.000Z,,28.53,,cancel,Valid Cancel,,,,3.0,,,Brightback,,,,,,,6obBnVPmYxgo5605,2026-07-19T02:30:18.000Z,,2026-07-19T02:30:20.000Z,,h_ea15007fc9520e81,,1,2026-07-19T02:30:20.000Z,USD,u_561365f1cc506f9c,ACTIVE,h_4c03310b3c333b05,[name],,,,2026-07-19T02:30:20.000Z,student,,1,annual_essentials,2026-07-19T02:30:20.000Z,_UNKNOWN,3600,YEAR,,,College,[name],2027-07-19T02:30:20.000Z,,300,,2027-07-19T02:30:20.000Z,2026-07-19T02:30:20.000Z,3600,,,,,,Student Experience [July 2025] [25% one-time / No Entry Modal],,07-19-2026,,07-20-2026,07-19-2026,07-19-2026,07-19-2026,,07-19-2026,07-19-2027
cancel_Wg7J3fO_a161a1be39b178f9,1700385,,Students; fallback,,,[name],[name],[name],Unknown,Unknown,Unknown,Unknown,,Unknown,Unknown,0,,,u_561365f1cc506f9c,,,,0,,,Canceled,2026-07-20T07:19:39.000Z,2026-07-20T07:19:39.000Z,2026-07-20T07:19:39.000Z,,28.53,,cancel,Valid Cancel,,,,3.0,,,Brightback,,,,,,,1700385,2026-07-19T02:30:18.000Z,,2026-07-19T02:30:20.000Z,,h_ea15007fc9520e81,,1,2026-07-19T02:30:20.000Z,USD,u_561365f1cc506f9c,ACTIVE,h_4c03310b3c333b05,[name],36.0,annual_essentials,,2026-07-19T02:30:20.000Z,student,,1,annual_essentials,2026-07-19T02:30:20.000Z,_UNKNOWN,3600,YEAR,annual_essentials,,College,[name],2027-07-19T02:30:20.000Z,,300,,2027-07-19T02:30:20.000Z,2026-07-19T02:30:20.000Z,3600,[name],,https://www.supersummary.com/subscription,https://www.supersummary.com/subscription/confirming/cancel,,Student Experience [July 2025] [25% one-time / No Entry Modal],,07-19-2026,,07-20-2026,07-19-2026,07-19-2026,07-19-2026,,07-19-2026,07-19-2027
cancel_Wg7HMib_8c2df8d4717223f1,1699585,,Book Club Members; fallback,,,[name],[name],[name],Unknown,Unknown,Unknown,Unknown,,Unknown,Unknown,0,,,u_96addf03e67490d7,,,,0,,,Canceled,2026-07-20T07:17:39.000Z,2026-07-20T07:17:39.000Z,2026-07-20T07:17:39.000Z,,28.53,,cancel,Valid Cancel,,,,3.0,,,Brightback,,,,,,,1699585,2026-07-17T22:01:16.000Z,,2026-07-17T22:01:18.000Z,,h_e9cec0f3730c0538,,1,2026-07-17T22:01:18.000Z,USD,u_96addf03e67490d7,ACTIVE,h_5756117f1c7c99af,[name],36.0,annual_essentials,,2026-07-17T22:01:18.000Z,book_club_member,,1,annual_essentials,2026-07-17T22:01:18.000Z,_UNKNOWN,3600,YEAR,annual_essentials,,,[name],2027-07-17T22:01:18.000Z,,300,,2027-07-17T22:01:18.000Z,2026-07-17T22:01:18.000Z,3600,[name],,https://www.supersummary.com/subscription,https://www.supersummary.com/subscription/confirming/cancel,,BCM Experience [July 2025] [25% one-time / No Entry Modal],,07-17-2026,,07-20-2026,07-17-2026,07-17-2026,07-17-2026,,07-17-2026,07-17-2027
cancel_Wg7HHln_b7b041cc3c02a84a,169nZCVPeaNXf1zcn,,fallback,,,[name],[name],,Unknown,Unknown,Unknown,Unknown,,Unknown,Unknown,0,,,u_35cc73c8d0295c40,,,,0,,,Canceled,2026-07-17T18:00:46.000Z,2026-07-17T18:00:46.000Z,2026-07-17T18:00:46.000Z,,31.08,,cancel,Valid Cancel,,,,5.0,,,Brightback,,,,,,,169nZCVPeaNXf1zcn,2026-07-17T17:45:44.000Z,,2026-07-17T17:45:47.000Z,,h_b4076359b905b13d,,1,2026-07-17T17:45:47.000Z,USD,u_35cc73c8d0295c40,ACTIVE,h_706d7dfba0078a51,[name],,,,2026-07-17T17:45:47.000Z,other,,1,annual_plus,2026-07-17T17:45:47.000Z,_UNKNOWN,6000,YEAR,,,,[name],2027-07-17T17:45:47.000Z,,500,,2027-07-17T17:45:47.000Z,2026-07-17T17:45:47.000Z,6000,,,,,,Default/Fallback [July 2025] [25% one time / No entry modal],,07-17-2026,,07-17-2026,07-17-2026,07-17-2026,07-17-2026,,07-17-2026,07-17-2027
cancel_Wg7HEPr_9f6e6b1a911beb97,AzysrcVPdkUBy1V3Q,,Students; fallback,,,[name],[name],,Unknown,Unknown,Unknown,Unknown,,Unknown,Unknown,0,,,u_6d675a1d9c2e73d0,,,,0,,,Canceled,2026-07-20T07:13:03.000Z,2026-07-20T07:13:03.000Z,2026-07-20T07:13:03.000Z,,28.53,,cancel,Valid Cancel,,,,16.65,,,Brightback,,,,,,,AzysrcVPdkUBy1V3Q,2026-07-17T14:19:37.000Z,,2026-07-17T14:19:40.000Z,,h_bcf2f87527de2c7e,,1,2026-07-17T14:19:40.000Z,USD,u_6d675a1d9c2e73d0,ACTIVE,h_5f5cee7a641660cc,[name],,,,2026-07-17T14:19:40.000Z,student,,1,monthly_plus,2026-07-17T14:19:40.000Z,_UNKNOWN,1665,MONTH,,,High School,[name],2026-08-17T14:19:40.000Z,,1665,,2026-08-17T14:19:40.000Z,2026-07-17T14:19:40.000Z,1665,,,,,,Student Experience [July 2025] [25% one-time / No Entry Modal],,07-17-2026,,07-20-2026,07-17-2026,07-17-2026,07-17-2026,,07-17-2026,08-17-2026
cancel_Wg7H2Dh_9ff7adda22886ee8,739536,,Book Club Members; Annual,,,[name],[name],[name],Unknown,Unknown,Unknown,Unknown,,Unknown,Unknown,0,,,u_197193795f348a5e,,,,0,,,Canceled,2026-07-17T11:32:36.000Z,2026-07-17T11:32:36.000Z,2026-07-17T11:32:36.000Z,,31.35,,cancel,Valid Cancel,,,,3.0,,,Brightback,,,,,,,739536,2025-06-22T10:34:31.000Z,,2025-06-22T10:34:35.000Z,,h_0ea9efc2f3653e94,,1,2025-06-22T10:34:35.000Z,USD,u_197193795f348a5e,ACTIVE,h_02d0f8588816deb0,[name],36.0,annual,,2026-06-22T10:34:35.000Z,book_club_member,,1,annual,2025-06-22T10:34:35.000Z,_UNKNOWN,3600,YEAR,annual,,,[name],2027-06-22T10:34:35.000Z,,300,,2027-06-22T10:34:35.000Z,2025-06-22T10:34:35.000Z,3600,[name],,https://www.supersummary.com/subscription,https://www.supersummary.com/subscription/confirming/cancel,,BCM Experience [July 2025] [25% one-time / No Entry Modal],,06-22-2025,,07-17-2026,06-22-2025,06-22-2025,06-22-2025,,06-22-2025,06-22-2027
cancel_Wg7GI8h_bbf144f5215364ed,1698584,,fallback,,,[name],[name],[name],Unknown,Unknown,Unknown,Unknown,,Unknown,Unknown,0,,,u_f00746a26b8ef706,,,,0,,,Canceled,2026-07-16T18:09:57.000Z,2026-07-16T18:09:57.000Z,2026-07-16T18:09:57.000Z,,32.07,,cancel,Valid Cancel,,,,9.95,,,Brightback,,,,,,,1698584,2026-07-16T15:19:01.000Z,,2026-07-16T15:19:04.000Z,,h_e00773c5c1c62394,,1,2026-07-16T15:19:04.000Z,USD,u_f00746a26b8ef706,ACTIVE,h_2ccb43f7402688d5,[name],9.95,monthly_essentials,,2026-07-16T15:19:04.000Z,other,,1,monthly_essentials,2026-07-16T15:19:04.000Z,_UNKNOWN,995,MONTH,monthly_essentials,,,[name],2026-08-16T15:19:04.000Z,,995,,2026-08-16T15:19:04.000Z,2026-07-16T15:19:04.000Z,995,[name],,https://www.supersummary.com/subscription,https://www.supersummary.com/subscription/confirming/cancel,,Default/Fallback [July 2025] [25% one time / No entry modal],,07-16-2026,,07-16-2026,07-16-2026,07-16-2026,07-16-2026,,07-16-2026,08-16-2026
cancel_Wg7GHw8_8fafd75a1372f84f,AzZcY9VPYlAcz1ed3,,Teachers; fallback,,,[name],[name],,Unknown,Unknown,Unknown,Unknown,,Unknown,Unknown,0,,,u_ddaf1e1d8e4371b8,,,,0,,,Canceled,2026-07-20T07:19:02.000Z,2026-07-20T07:19:02.000Z,2026-07-20T07:19:02.000Z,,28.53,,cancel,Valid Cancel,,,,1.8,,,Brightback,,,,,,,AzZcY9VPYlAcz1ed3,2026-07-16T17:50:59.000Z,,2026-07-16T17:51:01.000Z,,h_7fb5b8b8e2eca12e,,1,2026-07-16T17:51:01.000Z,USD,u_ddaf1e1d8e4371b8,ACTIVE,h_5ca38aaad9ac8901,[name],,,,2026-07-16T17:51:01.000Z,teacher,,1,annual_essentials,2026-07-16T17:51:01.000Z,_UNKNOWN,3600,YEAR,,,Middle School,[name],2027-07-16T17:51:01.000Z,,300,,2027-07-16T17:51:01.000Z,2026-07-16T17:51:01.000Z,3600,,,,,,Teacher Experience [July 2025] [40% one-time / Modal],,07-16-2026,,07-20-2026,07-16-2026,07-16-2026,07-16-2026,,07-16-2026,07-16-2027
cancel_Wg7GGgo_ab82a7f5fb83085f,AzqfRcVPYToNd1cwP,,Book Club Members; fallback,,,[name],[name],,Unknown,Unknown,Unknown,Unknown,,Unknown,Unknown,0,,,u_af5582d52e3e35d3,,,,0,,,Canceled,2026-07-17T12:10:38.000Z,2026-07-17T12:10:38.000Z,2026-07-17T12:10:38.000Z,,31.32,,cancel,Valid Cancel,,,,9.95,,,Brightback,,,,,,,AzqfRcVPYToNd1cwP,2026-07-16T16:42:02.000Z,,2026-07-16T16:42:04.000Z,,h_e62b3cff2ebbfb24,,1,2026-07-16T16:42:04.000Z,USD,u_af5582d52e3e35d3,ACTIVE,h_2450f339be01744a,[name],,,,2026-07-16T16:42:04.000Z,book_club_member,,1,monthly_essentials,2026-07-16T16:42:04.000Z,_UNKNOWN,995,MONTH,,,,[name],2026-08-16T16:42:04.000Z,,995,,2026-08-16T16:42:04.000Z,2026-07-16T16:42:04.000Z,995,,,,,,BCM Experience [July 2025] [25% one-time / No Entry Modal],,07-16-2026,,07-17-2026,07-16-2026,07-16-2026,07-16-2026,,07-16-2026,08-16-2026
cancel_Wg7GDmf_99a877d730680dfb,1698522,,Teachers; fallback,,,[name],[name],[name],Unknown,Unknown,Unknown,Unknown,,Unknown,Unknown,0,,,u_8d2034612cd6eaaf,,,,0,,,Canceled,2026-07-17T08:30:53.000Z,2026-07-17T08:30:53.000Z,2026-07-17T08:30:53.000Z,,31.48,,cancel,Valid Cancel,,,,5.0,,,Brightback,,,,,,,1698522,2026-07-16T13:32:22.000Z,,2026-07-16T13:32:25.000Z,,h_6750b9c96321063a,,1,2026-07-16T13:32:25.000Z,USD,u_8d2034612cd6eaaf,ACTIVE,h_4dee7350372569c7,[name],60.0,annual_plus,,2026-07-16T13:32:25.000Z,teacher,,1,annual_plus,2026-07-16T13:32:25.000Z,_UNKNOWN,6000,YEAR,annual_plus,,Postgrad Program,[name],2027-07-16T13:32:25.000Z,,500,,2027-07-16T13:32:25.000Z,2026-07-16T13:32:25.000Z,6000,[name],,https://www.supersummary.com/subscription,https://www.supersummary.com/subscription/confirming/cancel,,Teacher Experience [July 2025] [40% one-time / Modal],,07-16-2026,,07-17-2026,07-16-2026,07-16-2026,07-16-2026,,07-16-2026,07-16-2027
cancel_Wg7FNKT_a4b94512a76c5867,1673096,,Students; fallback,,,[name],[name],[name],Unknown,Unknown,Unknown,Unknown,,Unknown,Unknown,0,,,u_e74b39160acb88e8,,,,0,,,Canceled,2026-07-15T23:21:55.000Z,2026-07-15T23:21:55.000Z,2026-07-15T23:21:55.000Z,,32.86,,cancel,Valid Cancel,,,,9.95,,,Brightback,,,,,,,1673096,2026-06-12T10:36:57.000Z,,2026-06-12T10:38:52.000Z,,h_94be0cd8472c1499,,1,2026-06-12T10:38:52.000Z,USD,u_e74b39160acb88e8,ACTIVE,h_a985a26d9a480ab3,[name],9.95,monthly_essentials,,2026-07-12T10:38:52.000Z,student,,1,monthly_essentials,2026-06-12T10:38:52.000Z,_UNKNOWN,995,MONTH,monthly_essentials,,High School,[name],2026-08-12T10:38:52.000Z,,995,,2026-08-12T10:38:52.000Z,2026-06-12T10:38:52.000Z,995,[name],,https://www.supersummary.com/subscription,https://www.supersummary.com/subscription/confirming/cancel,,Student Experience [July 2025] [25% one-time / No Entry Modal],,06-12-2026,,07-15-2026,06-12-2026,06-12-2026,06-12-2026,,06-12-2026,08-12-2026
cancel_Wg7F0Q4_920b40374bd7e00e,1697436,,Book Club Members; fallback,,,[name],[name],[name],Unknown,Unknown,Unknown,Unknown,,Unknown,Unknown,0,,,u_01b86a5f278c234c,,,,0,,,Canceled,2026-07-15T00:28:34.000Z,2026-07-15T00:28:34.000Z,2026-07-15T00:28:34.000Z,,33.81,,cancel,Valid Cancel,,,,3.0,,,Brightback,,,,,,,1697436,2026-07-14T23:26:48.000Z,,2026-07-14T23:26:50.000Z,,h_82d9e5d907759f05,,1,2026-07-14T23:26:50.000Z,USD,u_01b86a5f278c234c,ACTIVE,h_d5d7af37e3793fea,[name],36.0,annual_essentials,,2026-07-14T23:26:50.000Z,book_club_member,,1,annual_essentials,2026-07-14T23:26:50.000Z,_UNKNOWN,3600,YEAR,annual_essentials,,,[name],2027-07-14T23:26:50.000Z,,300,,2027-07-14T23:26:50.000Z,2026-07-14T23:26:50.000Z,3600,[name],,https://www.supersummary.com/subscription,https://www.supersummary.com/subscription/confirming/cancel,,BCM Experience [July 2025] [25% one-time / No Entry Modal],,07-14-2026,,07-15-2026,07-14-2026,07-14-2026,07-14-2026,,07-14-2026,07-14-2027
cancel_Wg7EGwu_a52ab47ec5f742a6,16CYi2VPMqJELxTh,,Students; fallback,,,[name],[name],,Unknown,Unknown,Unknown,Unknown,,Unknown,Unknown,0,,,u_72c0adddb8c296c5,,,,0,,,Canceled,2026-07-14T17:03:52.000Z,2026-07-14T17:03:52.000Z,2026-07-14T17:03:52.000Z,,34.12,,cancel,Valid Cancel,,,,16.65,,,Brightback,,,,,,,16CYi2VPMqJELxTh,2026-07-14T16:56:08.000Z,,2026-07-14T16:56:10.000Z,,h_ba3451dfa7b0a434,,1,2026-07-14T16:56:10.000Z,USD,u_72c0adddb8c296c5,ACTIVE,h_6dc9277349ef18af,[name],,,,2026-07-14T16:56:10.000Z,student,,1,monthly_plus,2026-07-14T16:56:10.000Z,_UNKNOWN,1665,MONTH,,,Postgrad Program,[name],2026-08-14T16:56:10.000Z,,1665,,2026-08-14T16:56:10.000Z,2026-07-14T16:56:10.000Z,1665,,,,,,Student Experience [July 2025] [25% one-time / No Entry Modal],,07-14-2026,,07-14-2026,07-14-2026,07-14-2026,07-14-2026,,07-14-2026,08-14-2026
cancel_Wg7EG5Z_b8455a6b31042f29,1696017,,Book Club Members; fallback,,,[name],[name],[name],Unknown,Unknown,Unknown,Unknown,,Unknown,Unknown,0,,,u_0264570d17f92b5e,,,,0,,,Canceled,2026-07-15T09:55:54.000Z,2026-07-15T09:55:54.000Z,2026-07-15T09:55:54.000Z,,33.42,,cancel,Valid Cancel,,,,5.0,,,Brightback,,,,,,,1696017,2026-07-13T14:33:25.000Z,,2026-07-13T14:33:27.000Z,,h_1cbd3fecfa77f79c,,1,2026-07-13T14:33:27.000Z,USD,u_0264570d17f92b5e,ACTIVE,h_c3c2eff9c48180f2,[name],60.0,annual_plus,,2026-07-13T14:33:27.000Z,book_club_member,,1,annual_plus,2026-07-13T14:33:27.000Z,_UNKNOWN,6000,YEAR,annual_plus,,,[name],2027-07-13T14:33:27.000Z,,500,,2027-07-13T14:33:27.000Z,2026-07-13T14:33:27.000Z,6000,[name],,https://www.supersummary.com/subscription,https://www.supersummary.com/subscription/confirming/cancel,,BCM Experience [July 2025] [25% one-time / No Entry Modal],,07-13-2026,,07-15-2026,07-13-2026,07-13-2026,07-13-2026,,07-13-2026,07-13-2027
cancel_Wg7E18c_9e62845500144ea1,1691067,,Students; fallback,,,[name],[name],[name],Unknown,Unknown,Unknown,Unknown,,Unknown,Unknown,0,,,u_26879577c85be796,,,,0,,,Canceled,2026-07-14T08:20:50.000Z,2026-07-14T08:20:50.000Z,2026-07-14T08:20:50.000Z,,34.48,,cancel,Valid Cancel,,,,5.0,,,Brightback,,,,,,,1691067,2026-07-06T19:15:49.000Z,,2026-07-06T19:16:49.000Z,,h_e21125b1f3f51300,,1,2026-07-06T19:16:49.000Z,USD,u_26879577c85be796,ACTIVE,h_fbea5a1dca993992,[name],60.0,annual_plus,,2026-07-06T19:16:49.000Z,student,,1,annual_plus,2026-07-06T19:16:49.000Z,_UNKNOWN,6000,YEAR,annual_plus,,Postgrad Program,[name],2027-07-06T19:16:49.000Z,,500,,2027-07-06T19:16:49.000Z,2026-07-06T19:16:49.000Z,6000,[name],,https://www.supersummary.com/subscription,https://www.supersummary.com/subscription/confirming/cancel,,Student Experience [July 2025] [25% one-time / No Entry Modal],,07-06-2026,,07-14-2026,07-06-2026,07-06-2026,07-06-2026,,07-06-2026,07-06-2027
cancel_Wg7DMxq_b8ef2e811b920f5b,1696454,,fallback,,,[name],[name],[name],Unknown,Unknown,Unknown,Unknown,,Unknown,Unknown,0,,,u_af2eca05bdd66f16,,,,0,,,Canceled,2026-07-14T15:11:07.000Z,2026-07-14T15:11:07.000Z,2026-07-14T15:11:07.000Z,,34.2,,cancel,Valid Cancel,,,,9.95,,,Brightback,,,,,,,1696454,2026-07-13T22:46:33.000Z,,2026-07-13T22:46:35.000Z,,h_4a3bced5463de79a,,1,2026-07-13T22:46:35.000Z,USD,u_af2eca05bdd66f16,ACTIVE,h_2705d5f240c4da6e,[name],9.95,monthly,,2026-07-13T22:46:35.000Z,other,,1,monthly,2026-07-13T22:46:35.000Z,_UNKNOWN,995,MONTH,monthly,,,[name],2026-08-13T22:46:35.000Z,,995,,2026-08-13T22:46:35.000Z,2026-07-13T22:46:35.000Z,995,[name],,https://www.supersummary.com/subscription,https://www.supersummary.com/subscription/confirming/cancel,,Default/Fallback [July 2025] [25% one time / No entry modal],,07-13-2026,,07-14-2026,07-13-2026,07-13-2026,07-13-2026,,07-13-2026,08-13-2026
cancel_Wg7DLRS_8c51c6ebe9c100c7,1696240,,Book Club Members; fallback,,,[name],[name],[name],Unknown,Unknown,Unknown,Unknown,,Unknown,Unknown,0,,,u_45abed50686cf606,,,,0,,,Canceled,2026-07-14T15:10:14.000Z,2026-07-14T15:10:14.000Z,2026-07-14T15:10:14.000Z,,34.2,,cancel,Valid Cancel,,,,9.95,,,Brightback,,,,,,,1696240,2026-07-13T18:32:04.000Z,,2026-07-13T18:32:06.000Z,,h_7c681c1518a23c6d,,1,2026-07-13T18:32:06.000Z,USD,u_45abed50686cf606,ACTIVE,h_54a5eb7add9e1cae,[name],9.95,monthly_essentials,,2026-07-13T18:32:06.000Z,book_club_member,,1,monthly_essentials,2026-07-13T18:32:06.000Z,_UNKNOWN,995,MONTH,monthly_essentials,,,[name],2026-08-13T18:32:06.000Z,,995,,2026-08-13T18:32:06.000Z,2026-07-13T18:32:06.000Z,995,[name],,https://www.supersummary.com/subscription,https://www.supersummary.com/subscription/confirming/cancel,,BCM Experience [July 2025] [25% one-time / No Entry Modal],,07-13-2026,,07-14-2026,07-13-2026,07-13-2026,07-13-2026,,07-13-2026,08-13-2026
cancel_Wg7DLM9_855e0148e74dff95,AzqiBHVP54Qsh11LX,,Book Club Members; fallback,,,[name],[name],,Unknown,Unknown,Unknown,Unknown,,Unknown,Unknown,0,,,u_3affafd490b31d3d,,,,0,,,Canceled,2026-07-13T21:25:10.000Z,2026-07-13T21:25:10.000Z,2026-07-13T21:25:10.000Z,,34.94,,cancel,Valid Cancel,,,,2.25,,,Brightback,,,,,,,AzqiBHVP54Qsh11LX,2024-08-05T23:34:59.000Z,,2026-07-11T15:59:22.000Z,,h_2a2a3662de6808da,,1,2026-07-11T15:59:22.000Z,USD,u_3affafd490b31d3d,ACTIVE,h_3b6355a359c0fe63,[name],,,,2026-07-11T15:59:22.000Z,book_club_member,,1,annual_essentials,2026-07-11T15:59:22.000Z,_UNKNOWN,3600,YEAR,,,,[name],2027-07-11T15:59:22.000Z,,300,,2027-07-11T15:59:22.000Z,2026-07-11T15:59:22.000Z,3600,,,,,,BCM Experience [July 2025] [25% one-time / No Entry Modal],,07-11-2026,,07-13-2026,07-11-2026,07-11-2026,08-05-2024,,07-11-2026,07-11-2027
cancel_Wg7DJp1_8bb1b4b41a514d43,AzZS9pVNV3aK72R3E,,Book Club Members; fallback,,,[name],[name],,Unknown,Unknown,Unknown,Unknown,,Unknown,Unknown,0,,,u_3f1fd6bf2daa74b9,,,,0,,,Canceled,2026-07-14T16:25:55.000Z,2026-07-14T16:25:55.000Z,2026-07-14T16:25:55.000Z,,34.15,,cancel,Valid Cancel,,,,5.0,,,Brightback,,,,,,,AzZS9pVNV3aK72R3E,2026-06-24T21:41:16.000Z,,2026-06-24T21:41:19.000Z,,h_4d16411dcf171441,,1,2026-06-24T21:41:19.000Z,USD,u_3f1fd6bf2daa74b9,ACTIVE,h_c029bb62e0b9b867,[name],,,,2026-06-24T21:41:19.000Z,book_club_member,,1,annual_plus,2026-06-24T21:41:19.000Z,_UNKNOWN,6000,YEAR,,,,[name],2027-06-24T21:41:19.000Z,,500,,2027-06-24T21:41:19.000Z,2026-06-24T21:41:19.000Z,6000,,,,,,BCM Experience [July 2025] [25% one-time / No Entry Modal],,06-24-2026,,07-14-2026,06-24-2026,06-24-2026,06-24-2026,,06-24-2026,06-24-2027
cancel_Wg7D5tB_9847c93f90a7d3f2,1693678,,Students; fallback,,,[name],[name],[name],Unknown,Unknown,Unknown,Unknown,,Unknown,Unknown,0,,,u_3dc00ebcc89a0b24,,,,0,,,Canceled,2026-07-14T15:06:15.000Z,2026-07-14T15:06:15.000Z,2026-07-14T15:06:15.000Z,,34.2,,cancel,Valid Cancel,,,,16.65,,,Brightback,,,,,,,1693678,2026-07-10T17:11:02.000Z,,2026-07-10T17:11:04.000Z,,h_75692e2734eca06c,,1,2026-07-10T17:11:04.000Z,USD,u_3dc00ebcc89a0b24,ACTIVE,h_2d1e6c7eaf958606,[name],16.65,monthly_plus,,2026-07-10T17:11:04.000Z,student,,1,monthly_plus,2026-07-10T17:11:04.000Z,_UNKNOWN,1665,MONTH,monthly_plus,,College,[name],2026-08-10T17:11:04.000Z,,1665,,2026-08-10T17:11:04.000Z,2026-07-10T17:11:04.000Z,1665,[name],,https://www.supersummary.com/subscription,https://www.supersummary.com/subscription/confirming/cancel,,Student Experience [July 2025] [25% one-time / No Entry Modal],,07-10-2026,,07-14-2026,07-10-2026,07-10-2026,07-10-2026,,07-10-2026,08-10-2026
cancel_Wg7CGj3_90791ea1930cb3ff,1695287,,Teachers; fallback,,,[name],[name],[name],Unknown,Unknown,Unknown,Unknown,,Unknown,Unknown,0,,,u_1dd0f3dc95e3aaf9,,,,0,,,Canceled,2026-07-14T15:04:28.000Z,2026-07-14T15:04:28.000Z,2026-07-14T15:04:28.000Z,,34.2,,cancel,Valid Cancel,,,,3.0,,,Brightback,,,,,,,1695287,2026-07-12T15:02:35.000Z,,2026-07-12T15:02:38.000Z,,h_65f1ec1fd7a3f501,,1,2026-07-12T15:02:38.000Z,USD,u_1dd0f3dc95e3aaf9,ACTIVE,h_ecd0ec650a0954fc,[name],36.0,annual_essentials,,2026-07-12T15:02:38.000Z,teacher,,1,annual_essentials,2026-07-12T15:02:38.000Z,_UNKNOWN,3600,YEAR,annual_essentials,,Middle School,[name],2027-07-12T15:02:38.000Z,,300,,2027-07-12T15:02:38.000Z,2026-07-12T15:02:38.000Z,3600,[name],,https://www.supersummary.com/subscription,https://www.supersummary.com/subscription/confirming/cancel,,Teacher Experience [July 2025] [40% one-time / Modal],,07-12-2026,,07-14-2026,07-12-2026,07-12-2026,07-12-2026,,07-12-2026,07-12-2027
cancel_Wg7C8LJ_96a6a909d8556c88,638055,,Teachers; fallback,,,[name],[name],[name],Unknown,Unknown,Unknown,Unknown,,Unknown,Unknown,0,,,u_6368fa6bd37cf1c9,,,,0,,,Canceled,2026-07-14T15:02:06.000Z,2026-07-14T15:02:06.000Z,2026-07-14T15:02:06.000Z,,34.21,,cancel,Valid Cancel,,,,16.65,,,Brightback,,,,,,,638055,2026-07-12T08:10:27.000Z,,2026-07-12T08:10:30.000Z,,h_39a0680dbf9920c7,,1,2026-07-12T08:10:30.000Z,USD,u_6368fa6bd37cf1c9,ACTIVE,h_10f4857ba7dbcaf4,[name],16.65,monthly_plus,,2026-07-12T08:10:30.000Z,teacher,,1,monthly_plus,2026-07-12T08:10:30.000Z,_UNKNOWN,1665,MONTH,monthly_plus,,Middle School,[name],2026-08-12T08:10:30.000Z,,1665,,2026-08-12T08:10:30.000Z,2026-07-12T08:10:30.000Z,1665,[name],,https://www.supersummary.com/subscription,https://www.supersummary.com/subscription/confirming/cancel,,Teacher Experience [July 2025] [40% one-time / Modal],,07-12-2026,,07-14-2026,07-12-2026,07-12-2026,07-12-2026,,07-12-2026,08-12-2026
cancel_Wg7C6rt_8dea48758beed267,1692087,,fallback,,,[name],[name],[name],Unknown,Unknown,Unknown,Unknown,,Unknown,Unknown,0,,,u_94c79823d3dbb77e,,,,0,,,Canceled,2026-07-12T06:54:54.000Z,2026-07-12T06:54:54.000Z,2026-07-12T06:54:54.000Z,,36.54,,cancel,Valid Cancel,,,,3.0,,,Brightback,,,,,,,1692087,2026-07-07T22:57:06.000Z,,2026-07-07T22:57:08.000Z,,h_6ade87eef6c0753d,,1,2026-07-07T22:57:08.000Z,USD,u_94c79823d3dbb77e,ACTIVE,h_059d65490c88d293,[name],36.0,annual_essentials,,2026-07-07T22:57:08.000Z,other,,1,annual_essentials,2026-07-07T22:57:08.000Z,_UNKNOWN,3600,YEAR,annual_essentials,,,[name],2027-07-07T22:57:08.000Z,,300,,2027-07-07T22:57:08.000Z,2026-07-07T22:57:08.000Z,3600,[name],,https://www.supersummary.com/subscription,https://www.supersummary.com/subscription/confirming/cancel,,Default/Fallback [July 2025] [25% one time / No entry modal],,07-07-2026,,07-12-2026,07-07-2026,07-07-2026,07-07-2026,,07-07-2026,07-07-2027
cancel_Wg7BJta_a92476a46feee771,1694834,,Book Club Members; fallback,,,[name],[name],[name],Unknown,Unknown,Unknown,Unknown,,Unknown,Unknown,0,,,u_1679c9f9a1e12008,,,,0,,,Canceled,2026-07-11T19:58:05.000Z,2026-07-11T19:58:05.000Z,2026-07-11T19:58:05.000Z,,37.0,,cancel,Valid Cancel,,,,3.0,,,Brightback,,,,,,,1694834,2026-07-11T19:00:03.000Z,,2026-07-11T19:00:04.000Z,,h_b74bafc53f303273,,1,2026-07-11T19:00:04.000Z,USD,u_1679c9f9a1e12008,ACTIVE,h_a06203048375af45,[name],36.0,annual_essentials,,2026-07-11T19:00:04.000Z,book_club_member,,1,annual_essentials,2026-07-11T19:00:04.000Z,_UNKNOWN,3600,YEAR,annual_essentials,,,[name],2027-07-11T19:00:04.000Z,,300,,2027-07-11T19:00:04.000Z,2026-07-11T19:00:04.000Z,3600,[name],,https://www.supersummary.com/subscription,https://www.supersummary.com/subscription/confirming/cancel,,BCM Experience [July 2025] [25% one-time / No Entry Modal],,07-11-2026,,07-11-2026,07-11-2026,07-11-2026,07-11-2026,,07-11-2026,07-11-2027
cancel_Wg7AGdF_b9f5b979ea56c3b9,16A1zjVOzNOKV1aab,,Students; fallback,,,[name],[name],,Unknown,Unknown,Unknown,Unknown,,Unknown,Unknown,0,,,u_092ad0768be04670,,,,0,,,Canceled,2026-07-10T16:40:09.000Z,2026-07-10T16:40:09.000Z,2026-07-10T16:40:09.000Z,,38.14,,cancel,Valid Cancel,,,,3.75,,,Brightback,,,,,,,16A1zjVOzNOKV1aab,2026-07-10T16:37:01.000Z,,2026-07-10T16:37:02.000Z,,h_c7eedd2e1a79b4a1,,1,2026-07-10T16:37:02.000Z,USD,u_092ad0768be04670,ACTIVE,h_6c81e14b27faabfc,[name],,,,2026-07-10T16:37:02.000Z,student,,1,annual_plus,2026-07-10T16:37:02.000Z,_UNKNOWN,6000,YEAR,,,College,[name],2027-07-10T16:37:02.000Z,,500,,2027-07-10T16:37:02.000Z,2026-07-10T16:37:02.000Z,6000,,,,,,Student Experience [July 2025] [25% one-time / No Entry Modal],,07-10-2026,,07-10-2026,07-10-2026,07-10-2026,07-10-2026,,07-10-2026,07-10-2027
cancel_Wg7AFfT_b93e18edfee7d7f1,AzqSKBVOz99qa1Z7e,,fallback,,,[name],[name],,Unknown,Unknown,Unknown,Unknown,,Unknown,Unknown,0,,,u_b1086a7ba5ffe39e,,,,0,,,Canceled,2026-07-13T11:04:40.000Z,2026-07-13T11:04:40.000Z,2026-07-13T11:04:40.000Z,,35.37,,cancel,Valid Cancel,,,,5.0,,,Brightback,,,,,,,AzqSKBVOz99qa1Z7e,2026-07-10T15:40:28.000Z,,2026-07-10T15:40:30.000Z,,h_35c0f275585e65a3,,1,2026-07-10T15:40:30.000Z,USD,u_b1086a7ba5ffe39e,ACTIVE,h_dc455abd641d7082,[name],,,,2026-07-10T15:40:30.000Z,librarian,,1,annual_plus,2026-07-10T15:40:30.000Z,_UNKNOWN,6000,YEAR,,,,[name],2027-07-10T15:40:30.000Z,,500,,2027-07-10T15:40:30.000Z,2026-07-10T15:40:30.000Z,6000,,,,,,Default/Fallback [July 2025] [25% one time / No entry modal],,07-10-2026,,07-13-2026,07-10-2026,07-10-2026,07-10-2026,,07-10-2026,07-10-2027
cancel_Wg7A1Ja_b5529766b9052cae,169kLlTjVRGiD3cL8,,Book Club Members; Annual,,,[name],[name],,Unknown,Unknown,Unknown,Unknown,,Unknown,Unknown,0,,,u_387149587772f629,,,,0,,,Canceled,2026-07-10T01:21:05.000Z,2026-07-10T01:21:05.000Z,2026-07-10T01:21:05.000Z,,38.78,,cancel,Valid Cancel,,,,3.0,,,Brightback,,,,,,,169kLlTjVRGiD3cL8,2023-07-09T10:09:33.000Z,,2023-07-09T10:09:34.000Z,,h_e03660c41514fddd,,1,2023-07-09T10:09:34.000Z,USD,u_387149587772f629,ACTIVE,h_5d3a5b812d885a86,[name],,,,2026-07-09T10:09:34.000Z,book_club_member,,1,annual,2023-07-09T10:09:34.000Z,_UNKNOWN,3600,YEAR,,,,[name],2027-07-09T10:09:34.000Z,,300,,2027-07-09T10:09:34.000Z,2023-07-09T10:09:34.000Z,3600,,,,,,BCM Experience [July 2025] [25% one-time / No Entry Modal],,07-09-2023,,07-10-2026,07-09-2023,07-09-2023,07-09-2023,,07-09-2023,07-09-2027
cancel_Wg7A0PD_a997bf1e41dcaef0,AzZMeBVOeprIoES9,,Book Club Members; fallback,,,[name],[name],,Unknown,Unknown,Unknown,Unknown,,Unknown,Unknown,0,,,u_fef67f7c9f94bb7d,,,,0,,,Canceled,2026-07-14T14:58:36.000Z,2026-07-14T14:58:36.000Z,2026-07-14T14:58:36.000Z,,34.21,,cancel,Valid Cancel,,,,3.0,,,Brightback,,,,,,,AzZMeBVOeprIoES9,2026-07-07T04:18:22.000Z,,2026-07-07T04:18:24.000Z,,h_1dbb3c41510aea02,,1,2026-07-07T04:18:24.000Z,USD,u_fef67f7c9f94bb7d,ACTIVE,h_5e0275bb064f0374,[name],,,,2026-07-07T04:18:24.000Z,book_club_member,,1,annual_essentials,2026-07-07T04:18:24.000Z,_UNKNOWN,3600,YEAR,,,,[name],2027-07-07T04:18:24.000Z,,300,,2027-07-07T04:18:24.000Z,2026-07-07T04:18:24.000Z,3600,,,,,,BCM Experience [July 2025] [25% one-time / No Entry Modal],,07-07-2026,,07-14-2026,07-07-2026,07-07-2026,07-07-2026,,07-07-2026,07-07-2027
cancel_Wg7A0Os_a9d1cda1a4dd4f53,1691435,,Book Club Members; fallback,,,[name],[name],[name],Unknown,Unknown,Unknown,Unknown,,Unknown,Unknown,0,,,u_fef67f7c9f94bb7d,,,,0,,,Canceled,2026-07-14T14:58:36.000Z,2026-07-14T14:58:36.000Z,2026-07-14T14:58:36.000Z,,34.21,,cancel,Valid Cancel,,,,3.0,,,Brightback,,,,,,,1691435,2026-07-07T04:18:22.000Z,,2026-07-07T04:18:24.000Z,,h_1dbb3c41510aea02,,1,2026-07-07T04:18:24.000Z,USD,u_fef67f7c9f94bb7d,ACTIVE,h_5e0275bb064f0374,[name],36.0,annual_essentials,,2026-07-07T04:18:24.000Z,book_club_member,,1,annual_essentials,2026-07-07T04:18:24.000Z,_UNKNOWN,3600,YEAR,annual_essentials,,,[name],2027-07-07T04:18:24.000Z,,300,,2027-07-07T04:18:24.000Z,2026-07-07T04:18:24.000Z,3600,[name],,https://www.supersummary.com/subscription,https://www.supersummary.com/subscription/confirming/cancel,,BCM Experience [July 2025] [25% one-time / No Entry Modal],,07-07-2026,,07-14-2026,07-07-2026,07-07-2026,07-07-2026,,07-07-2026,07-07-2027
cancel_Wg79MFO_9978fb25fbcfbdba,AzyuCtVOuttoe2NSH,,Teachers; fallback,,,[name],[name],,Unknown,Unknown,Unknown,Unknown,,Unknown,Unknown,0,,,u_c093664f8e291f5c,,,,0,,,Canceled,2026-07-10T12:49:38.000Z,2026-07-10T12:49:38.000Z,2026-07-10T12:49:38.000Z,,38.3,,cancel,Valid Cancel,,,,5.0,,,Brightback,,,,,,,AzyuCtVOuttoe2NSH,2025-09-21T18:51:47.000Z,,2026-07-09T22:14:48.000Z,,h_2374903599796301,,1,2026-07-09T22:14:48.000Z,USD,u_c093664f8e291f5c,ACTIVE,h_31f5b4c037289bad,[name],,,,2026-07-09T22:14:48.000Z,teacher,,1,annual_plus,2026-07-09T22:14:48.000Z,_UNKNOWN,6000,YEAR,,,High School,[name],2027-07-09T22:14:48.000Z,,500,,2027-07-09T22:14:48.000Z,2026-07-09T22:14:48.000Z,6000,,,,,,Teacher Experience [July 2025] [40% one-time / Modal],,07-09-2026,,07-10-2026,07-09-2026,07-09-2026,09-21-2025,,07-09-2026,07-09-2027
cancel_Wg79Kvh_aed8c60eb46325d9,AzyuCtVOuVTO52CW3,,Students; fallback,,,[name],[name],,Unknown,Unknown,Unknown,Unknown,,Unknown,Unknown,0,,,u_a063c47616cbc1c6,,,,0,,,Canceled,2026-07-10T11:57:59.000Z,2026-07-10T11:57:59.000Z,2026-07-10T11:57:59.000Z,,38.33,,cancel,Valid Cancel,,,,5.0,,,Brightback,,,,,,,AzyuCtVOuVTO52CW3,2026-07-09T20:37:45.000Z,,2026-07-09T20:37:47.000Z,,h_15a7f41f6c638dc6,,1,2026-07-09T20:37:47.000Z,USD,u_a063c47616cbc1c6,ACTIVE,h_6c3f94b9ba3df910,[name],,,,2026-07-09T20:37:47.000Z,student,,1,annual_plus,2026-07-09T20:37:47.000Z,_UNKNOWN,6000,YEAR,,,Postgrad Program,[name],2027-07-09T20:37:47.000Z,,500,,2027-07-09T20:37:47.000Z,2026-07-09T20:37:47.000Z,6000,,,,,,Student Experience [July 2025] [25% one-time / No Entry Modal],,07-09-2026,,07-10-2026,07-09-2026,07-09-2026,07-09-2026,,07-09-2026,07-09-2027
cancel_Wg794i6_b8ee3988a8333b2e,473440,,Students; Monthly,,,[name],[name],[name],Unknown,Unknown,Unknown,Unknown,,Unknown,Unknown,0,,,u_6c9d7fec827c9c6f,,,,0,,,Canceled,2026-07-10T11:51:49.000Z,2026-07-10T11:51:49.000Z,2026-07-10T11:51:49.000Z,,38.34,,cancel,Valid Cancel,,,,9.95,,,Brightback,,,,,,,473440,2023-12-28T21:56:55.000Z,,2023-12-28T21:56:59.000Z,,h_3e4484f45834a21c,,1,2026-02-05T18:31:25.000Z,USD,u_6c9d7fec827c9c6f,ACTIVE,h_cfeae8d4d220cecc,[name],9.95,monthly,,2026-07-05T18:31:25.000Z,student,,1,monthly,2023-12-28T21:56:59.000Z,_UNKNOWN,995,MONTH,monthly,,Postgrad Program,[name],2026-08-05T18:31:25.000Z,,995,,2026-08-05T18:31:25.000Z,2023-12-28T21:56:59.000Z,995,[name],,https://www.supersummary.com/subscription,https://www.supersummary.com/subscription/confirming/cancel,,Student Experience [July 2025] [40% forever / Modal],,12-28-2023,,07-10-2026,02-05-2026,12-28-2023,12-28-2023,,12-28-2023,08-05-2026
cancel_Wg78MiO_b30e2929b21acb19,AzqSZPVOnwim51xBC,,Book Club Members; fallback,,,[name],[name],,Unknown,Unknown,Unknown,Unknown,,Unknown,Unknown,0,,,u_cdd947c538879a0a,,,,0,,,Canceled,2026-07-09T14:12:01.000Z,2026-07-09T14:12:01.000Z,2026-07-09T14:12:01.000Z,,39.24,,cancel,Valid Cancel,,,,9.95,,,Brightback,,,,,,,AzqSZPVOnwim51xBC,2026-07-08T17:42:05.000Z,,2026-07-08T17:42:06.000Z,,h_6aba957e5f2311c0,,1,2026-07-08T17:42:06.000Z,USD,u_cdd947c538879a0a,ACTIVE,h_b53addd164213a56,[name],,,,2026-07-08T17:42:06.000Z,book_club_member,,1,monthly_essentials,2026-07-08T17:42:06.000Z,_UNKNOWN,995,MONTH,,,,[name],2026-08-08T17:42:06.000Z,,995,,2026-08-08T17:42:06.000Z,2026-07-08T17:42:06.000Z,995,,,,,,BCM Experience [July 2025] [25% one-time / No Entry Modal],,07-08-2026,,07-09-2026,07-08-2026,07-08-2026,07-08-2026,,07-08-2026,08-08-2026
cancel_Wg78KbT_93f2ff8587154f53,AzqTrlVOoeX702VsL,,Teachers; fallback,,,[name],[name],,Unknown,Unknown,Unknown,Unknown,,Unknown,Unknown,0,,,u_a35cc674d58ed4a9,,,,0,,,Canceled,2026-07-09T11:01:04.000Z,2026-07-09T11:01:04.000Z,2026-07-09T11:01:04.000Z,,39.37,,cancel,Valid Cancel,,,,1.8,,,Brightback,,,,,,,AzqTrlVOoeX702VsL,2026-07-08T20:36:06.000Z,,2026-07-08T20:36:08.000Z,,h_77902edfd72533c2,,1,2026-07-08T20:36:08.000Z,USD,u_a35cc674d58ed4a9,ACTIVE,h_ce9ffa59df2f404d,[name],,,,2026-07-08T20:36:08.000Z,teacher,,1,annual_essentials,2026-07-08T20:36:08.000Z,_UNKNOWN,3600,YEAR,,,College,[name],2027-07-08T20:36:08.000Z,,300,,2027-07-08T20:36:08.000Z,2026-07-08T20:36:08.000Z,3600,,,,,,Teacher Experience [July 2025] [40% one-time / Modal],,07-08-2026,,07-09-2026,07-08-2026,07-08-2026,07-08-2026,,07-08-2026,07-08-2027
cancel_Wg78IZb_81c51aff3077d262,1692666,,Students; fallback,,,[name],[name],[name],Unknown,Unknown,Unknown,Unknown,,Unknown,Unknown,0,,,u_74253f2ebb82c06d,,,,0,,,Canceled,2026-07-08T18:37:01.000Z,2026-07-08T18:37:01.000Z,2026-07-08T18:37:01.000Z,,40.06,,cancel,Valid Cancel,,,,3.0,,,Brightback,,,,,,,1692666,2026-07-08T18:26:40.000Z,,2026-07-08T18:26:43.000Z,,h_4fb55a1d91f65b19,,1,2026-07-08T18:26:43.000Z,USD,u_74253f2ebb82c06d,ACTIVE,h_a70ab26ae58686f7,[name],36.0,annual_essentials,,2026-07-08T18:26:43.000Z,student,,1,annual_essentials,2026-07-08T18:26:43.000Z,_UNKNOWN,3600,YEAR,annual_essentials,,High School,[name],2027-07-08T18:26:43.000Z,,300,,2027-07-08T18:26:43.000Z,2026-07-08T18:26:43.000Z,3600,[name],,https://www.supersummary.com/subscription,https://www.supersummary.com/subscription/confirming/cancel,,Student Experience [July 2025] [25% one-time / No Entry Modal],,07-08-2026,,07-08-2026,07-08-2026,07-08-2026,07-08-2026,,07-08-2026,07-08-2027
cancel_Wg78ELN_87398a85c48ba942,1254753,,Book Club Members; Annual,,,[name],[name],[name],Unknown,Unknown,Unknown,Unknown,,Unknown,Unknown,0,,,u_50880623eaaf2559,,,,0,,,Canceled,2026-07-09T10:22:34.000Z,2026-07-09T10:22:34.000Z,2026-07-09T10:22:34.000Z,,39.4,,cancel,Valid Cancel,,,,3.0,,,Brightback,,,,,,,1254753,2025-07-07T20:38:40.000Z,,2025-07-07T20:38:42.000Z,,h_b4479641d60aaa39,,1,2025-07-07T20:38:42.000Z,USD,u_50880623eaaf2559,ACTIVE,h_d9d7f56bfa4a50c9,[name],36.0,annual,,2026-07-07T20:38:42.000Z,book_club_member,,1,annual,2025-07-07T20:38:42.000Z,_UNKNOWN,3600,YEAR,annual,,,[name],2027-07-07T20:38:42.000Z,,300,,2027-07-07T20:38:42.000Z,2025-07-07T20:38:42.000Z,3600,[name],,https://www.supersummary.com/subscription,https://www.supersummary.com/subscription/confirming/cancel,,BCM Experience [July 2025] [25% one-time / No Entry Modal],,07-07-2025,,07-09-2026,07-07-2025,07-07-2025,07-07-2025,,07-07-2025,07-07-2027
cancel_Wg77KZq_8667470cb5103323,1691969,,Students; fallback,,,[name],[name],[name],Unknown,Unknown,Unknown,Unknown,,Unknown,Unknown,0,,,u_acb7a01cea449694,,,,0,,,Canceled,2026-07-09T10:59:00.000Z,2026-07-09T10:59:00.000Z,2026-07-09T10:59:00.000Z,,39.37,,cancel,Valid Cancel,,,,9.95,,,Brightback,,,,,,,1691969,2026-07-07T20:24:14.000Z,,2026-07-07T20:24:17.000Z,,h_d7cee8d447a35b90,,1,2026-07-07T20:24:17.000Z,USD,u_acb7a01cea449694,ACTIVE,h_98b3457b50915620,[name],9.95,monthly_essentials,,2026-07-07T20:24:17.000Z,student,,1,monthly_essentials,2026-07-07T20:24:17.000Z,_UNKNOWN,995,MONTH,monthly_essentials,,College,[name],2026-08-07T20:24:17.000Z,,995,,2026-08-07T20:24:17.000Z,2026-07-07T20:24:17.000Z,995,[name],,https://www.supersummary.com/subscription,https://www.supersummary.com/subscription/confirming/cancel,,Student Experience [July 2025] [25% one-time / No Entry Modal],,07-07-2026,,07-09-2026,07-07-2026,07-07-2026,07-07-2026,,07-07-2026,08-07-2026
cancel_Wg767ht_86ea0873ed6af280,1252512,,Teachers; Annual,,,[name],[name],[name],Unknown,Unknown,Unknown,Unknown,,Unknown,Unknown,0,,,u_0d4b0ffbef179554,,,,0,,,Canceled,2026-07-06T11:56:26.000Z,2026-07-06T11:56:26.000Z,2026-07-06T11:56:26.000Z,,42.33,,cancel,Valid Cancel,,,,3.0,,,Brightback,,,,,,,1252512,2025-07-06T07:24:00.000Z,,2025-07-06T07:24:03.000Z,,h_96277ad6230362b4,,1,2025-07-06T07:24:03.000Z,USD,u_0d4b0ffbef179554,ACTIVE,h_67e4337865a25d7a,[name],36.0,annual,,2026-07-06T07:24:03.000Z,teacher,,1,annual,2025-07-06T07:24:03.000Z,_UNKNOWN,3600,YEAR,annual,,Middle School,[name],2027-07-06T07:24:03.000Z,,300,,2027-07-06T07:24:03.000Z,2025-07-06T07:24:03.000Z,3600,[name],,https://www.supersummary.com/subscription,https://www.supersummary.com/subscription/confirming/cancel,,Teacher Experience [July 2025] [40% one-time / Modal],,07-06-2025,,07-06-2026,07-06-2025,07-06-2025,07-06-2025,,07-06-2025,07-06-2027
cancel_Wg765LU_80d3edc3d36c7655,AzyUr7VOYrxxDA6Xu,,Students; fallback,,,[name],[name],,Unknown,Unknown,Unknown,Unknown,,Unknown,Unknown,0,,,u_58196929bd1b8d26,,,,0,,,Canceled,2026-07-06T13:08:38.000Z,2026-07-06T13:08:38.000Z,2026-07-06T13:08:38.000Z,,42.28,,cancel,Valid Cancel,,,,5.0,,,Brightback,,,,,,,AzyUr7VOYrxxDA6Xu,2026-07-06T03:49:06.000Z,,2026-07-06T03:49:08.000Z,,h_9e3a6d4d3e5c713d,,1,2026-07-06T03:49:08.000Z,USD,u_58196929bd1b8d26,ACTIVE,h_c8909698c8258b73,[name],,,,2026-07-06T03:49:08.000Z,student,,1,annual_plus,2026-07-06T03:49:08.000Z,_UNKNOWN,6000,YEAR,,,College,[name],2027-07-06T03:49:08.000Z,,500,,2027-07-06T03:49:08.000Z,2026-07-06T03:49:08.000Z,6000,,,,,,Student Experience [July 2025] [25% one-time / No Entry Modal],,07-06-2026,,07-06-2026,07-06-2026,07-06-2026,07-06-2026,,07-06-2026,07-06-2027
cancel_Wg74JWg_af364cf3f3124701,1689172,,Students; fallback,,,[name],[name],[name],Unknown,Unknown,Unknown,Unknown,,Unknown,Unknown,0,,,u_2deca0ff762a0e25,,,,0,,,Canceled,2026-07-06T13:05:25.000Z,2026-07-06T13:05:25.000Z,2026-07-06T13:05:25.000Z,,42.29,,cancel,Valid Cancel,,,,5.0,,,Brightback,,,,,,,1689172,2026-07-04T19:30:49.000Z,,2026-07-04T19:30:51.000Z,,h_7201221a93a748f2,,1,2026-07-04T19:30:51.000Z,USD,u_2deca0ff762a0e25,ACTIVE,h_c550dc58ec881bc6,[name],60.0,annual_plus,,2026-07-04T19:30:51.000Z,student,,1,annual_plus,2026-07-04T19:30:51.000Z,_UNKNOWN,6000,YEAR,annual_plus,,College,[name],2027-07-04T19:30:51.000Z,,500,,2027-07-04T19:30:51.000Z,2026-07-04T19:30:51.000Z,6000,[name],,https://www.supersummary.com/subscription,https://www.supersummary.com/subscription/confirming/cancel,,Student Experience [July 2025] [25% one-time / No Entry Modal],,07-04-2026,,07-06-2026,07-04-2026,07-04-2026,07-04-2026,,07-04-2026,07-04-2027
cancel_Wg74Foo_a10e213fa2a03b41,AzZTePVOPbtlB6bcu,,Book Club Members; fallback,,,[name],[name],,Unknown,Unknown,Unknown,Unknown,,Unknown,Unknown,0,,,u_4720f6b8e49e42e0,,,,0,,,Canceled,2026-07-06T13:04:43.000Z,2026-07-06T13:04:43.000Z,2026-07-06T13:04:43.000Z,,42.29,,cancel,Valid Cancel,,,,5.0,,,Brightback,,,,,,,AzZTePVOPbtlB6bcu,2026-07-04T13:48:50.000Z,,2026-07-04T13:48:51.000Z,,h_48f1622d7fdbd92d,,1,2026-07-04T13:48:51.000Z,USD,u_4720f6b8e49e42e0,ACTIVE,h_fc9c52aef15c028c,[name],,,,2026-07-04T13:48:51.000Z,book_club_member,,1,annual_plus,2026-07-04T13:48:51.000Z,_UNKNOWN,6000,YEAR,,,,[name],2027-07-04T13:48:51.000Z,,500,,2027-07-04T13:48:51.000Z,2026-07-04T13:48:51.000Z,6000,,,,,,BCM Experience [July 2025] [25% one-time / No Entry Modal],,07-04-2026,,07-06-2026,07-04-2026,07-04-2026,07-04-2026,,07-04-2026,07-04-2027
cancel_Wg733lM_b0fc2a3f49a02000,16BTrqVOHJknx37px,,Book Club Members; fallback,,,[name],[name],,Unknown,Unknown,Unknown,Unknown,,Unknown,Unknown,0,,,u_7d39fa0710ba83b5,,,,0,,,Canceled,2026-07-03T03:48:13.000Z,2026-07-03T03:48:13.000Z,2026-07-03T03:48:13.000Z,,45.67,,cancel,Valid Cancel,,,,3.0,,,Brightback,,,,,,,16BTrqVOHJknx37px,2026-07-03T03:46:35.000Z,,2026-07-03T03:46:36.000Z,,h_b1ec05ccbee63be9,,1,2026-07-03T03:46:36.000Z,USD,u_7d39fa0710ba83b5,ACTIVE,h_54379055a0a33d45,[name],,,,2026-07-03T03:46:36.000Z,book_club_member,,1,annual_essentials,2026-07-03T03:46:36.000Z,_UNKNOWN,3600,YEAR,,,,[name],2027-07-03T03:46:36.000Z,,300,,2027-07-03T03:46:36.000Z,2026-07-03T03:46:36.000Z,3600,,,,,,BCM Experience [July 2025] [25% one-time / No Entry Modal],,07-03-2026,,07-03-2026,07-03-2026,07-03-2026,07-03-2026,,07-03-2026,07-03-2027
cancel_Wg72L4q_b2471ddfb0b85e7a,AzywUHSvyatQEBbXe,,Students; Monthly,,,[name],[name],,Unknown,Unknown,Unknown,Unknown,,Unknown,Unknown,0,,,u_9eeb9d1c39990c69,,,,0,,,Canceled,2026-07-03T07:35:07.000Z,2026-07-03T07:35:07.000Z,2026-07-03T07:35:07.000Z,,45.52,,cancel,Valid Cancel,,,,5.97,,,Brightback,,,,,,,AzywUHSvyatQEBbXe,2022-01-30T05:45:39.000Z,,2022-01-30T05:45:40.000Z,,h_d7709bd82f9b6535,,1,2026-05-26T23:11:31.000Z,USD,u_9eeb9d1c39990c69,ACTIVE,h_68b6f8c8153357e0,[name],,,,2026-06-26T23:11:31.000Z,student,,1,monthly,2022-01-30T05:45:40.000Z,_UNKNOWN,995,MONTH,,,College,[name],2026-07-26T23:11:31.000Z,,995,,2026-07-26T23:11:31.000Z,2022-01-30T05:45:40.000Z,995,,,,,,Student Experience [July 2025] [40% forever / Modal],,01-30-2022,,07-03-2026,05-26-2026,01-30-2022,01-30-2022,,01-30-2022,07-26-2026
cancel_Wg720nd_b3879df9676fa278,1688374,,Students; fallback,,,[name],[name],[name],Unknown,Unknown,Unknown,Unknown,,Unknown,Unknown,0,,,u_f1f5c9652a6cf0b2,,,,0,,,Canceled,2026-07-02T00:50:37.000Z,2026-07-02T00:50:37.000Z,2026-07-02T00:50:37.000Z,,46.8,,cancel,Valid Cancel,,,,3.0,,,Brightback,,,,,,,1688374,2026-07-02T00:46:08.000Z,,2026-07-02T00:46:10.000Z,,h_d19e91ba8e0f1c8f,,1,2026-07-02T00:46:10.000Z,USD,u_f1f5c9652a6cf0b2,ACTIVE,h_315e02d68d3e6e98,[name],36.0,annual_essentials,,2026-07-02T00:46:10.000Z,student,,1,annual_essentials,2026-07-02T00:46:10.000Z,_UNKNOWN,3600,YEAR,annual_essentials,,College,[name],2027-07-02T00:46:10.000Z,,300,,2027-07-02T00:46:10.000Z,2026-07-02T00:46:10.000Z,3600,[name],,https://www.supersummary.com/subscription,https://www.supersummary.com/subscription/confirming/cancel,,Student Experience [July 2025] [25% one-time / No Entry Modal],,07-02-2026,,07-02-2026,07-02-2026,07-02-2026,07-02-2026,,07-02-2026,07-02-2027
cancel_Wg71Ifu_960ecb1b70d53a17,1257112,,fallback,,,[name],[name],[name],Unknown,Unknown,Unknown,Unknown,,Unknown,Unknown,0,,,u_70921b7c5e879551,,,,0,,,Canceled,2026-07-01T18:43:50.000Z,2026-07-01T18:43:50.000Z,2026-07-01T18:43:50.000Z,,47.05,,cancel,Valid Cancel,,,,3.0,,,Brightback,,,,,,,1257112,2025-07-10T18:36:49.000Z,,2025-07-10T18:36:50.000Z,,h_e36e7c845f681308,,1,2025-07-10T18:36:50.000Z,USD,u_70921b7c5e879551,ACTIVE,h_510f3786a8899f6b,[name],36.0,annual,,2025-07-10T18:36:50.000Z,other,,1,annual,2025-07-10T18:36:50.000Z,_UNKNOWN,3600,YEAR,annual,,,[name],2026-07-10T18:36:50.000Z,,300,,2026-07-10T18:36:50.000Z,2025-07-10T18:36:50.000Z,3600,[name],,https://www.supersummary.com/subscription,https://www.supersummary.com/subscription/confirming/cancel,,Default/Fallback [July 2025] [25% one time / No entry modal],,07-10-2025,,07-01-2026,07-10-2025,07-10-2025,07-10-2025,,07-10-2025,07-10-2026
cancel_Wg716K0_9de5b733e5a294fd,6om3OVO611qC7l0a,,Book Club Members; fallback,,,[name],[name],,Unknown,Unknown,Unknown,Unknown,,Unknown,Unknown,0,,,u_d665c236852fe3b1,,,,0,,,Canceled,2026-07-01T12:45:47.000Z,2026-07-01T12:45:47.000Z,2026-07-01T12:45:47.000Z,,47.3,,cancel,Valid Cancel,,,,3.0,,,Brightback,,,,,,,6om3OVO611qC7l0a,2026-07-01T05:23:11.000Z,,2026-07-01T05:23:14.000Z,,h_b2c0287c7610f719,,1,2026-07-01T05:23:14.000Z,USD,u_d665c236852fe3b1,ACTIVE,h_d41041bda9914f8e,[name],,,,2026-07-01T05:23:14.000Z,book_club_member,,1,annual_essentials,2026-07-01T05:23:14.000Z,_UNKNOWN,3600,YEAR,,,,[name],2027-07-01T05:23:14.000Z,,300,,2027-07-01T05:23:14.000Z,2026-07-01T05:23:14.000Z,3600,,,,,,BCM Experience [July 2025] [25% one-time / No Entry Modal],,07-01-2026,,07-01-2026,07-01-2026,07-01-2026,07-01-2026,,07-01-2026,07-01-2027
cancel_Wg716Hg_b9f26210ff4dd13f,1687803,,Book Club Members; fallback,,,[name],[name],[name],Unknown,Unknown,Unknown,Unknown,,Unknown,Unknown,0,,,u_d665c236852fe3b1,,,,0,,,Canceled,2026-07-01T12:45:47.000Z,2026-07-01T12:45:47.000Z,2026-07-01T12:45:47.000Z,,47.3,,cancel,Valid Cancel,,,,3.0,,,Brightback,,,,,,,1687803,2026-07-01T05:23:11.000Z,,2026-07-01T05:23:14.000Z,,h_b2c0287c7610f719,,1,2026-07-01T05:23:14.000Z,USD,u_d665c236852fe3b1,ACTIVE,h_d41041bda9914f8e,[name],36.0,annual_essentials,,2026-07-01T05:23:14.000Z,book_club_member,,1,annual_essentials,2026-07-01T05:23:14.000Z,_UNKNOWN,3600,YEAR,annual_essentials,,,[name],2027-07-01T05:23:14.000Z,,300,,2027-07-01T05:23:14.000Z,2026-07-01T05:23:14.000Z,3600,[name],,https://www.supersummary.com/subscription,https://www.supersummary.com/subscription/confirming/cancel,,BCM Experience [July 2025] [25% one-time / No Entry Modal],,07-01-2026,,07-01-2026,07-01-2026,07-01-2026,07-01-2026,,07-01-2026,07-01-2027
cancel_Wg6TIkk_ab6c2356dd6a192d,385436,,Book Club Members; Annual,,,[name],[name],[name],Unknown,Unknown,Unknown,Unknown,,Unknown,Unknown,0,,,u_c4cb1b8adfbf8485,,,,0,,,Canceled,2026-07-09T20:10:21.000Z,2026-07-09T20:10:21.000Z,2026-07-09T20:10:21.000Z,,38.99,,cancel,Valid Cancel,,,,3.0,,,Brightback,,,,,,,385436,2023-06-30T20:10:17.000Z,,2023-06-30T20:10:19.000Z,,h_c6c783b33e779a3e,,1,2023-06-30T20:10:19.000Z,USD,u_c4cb1b8adfbf8485,ACTIVE,h_9914d9eaea94e4a0,[name],36.0,annual,,2025-06-30T20:10:19.000Z,book_club_member,,1,annual,2023-06-30T20:10:19.000Z,_UNKNOWN,3600,YEAR,annual,nmTKUhkQCvq,,[name],2026-06-30T20:10:19.000Z,,225,,2026-06-30T20:10:19.000Z,2023-06-30T20:10:19.000Z,3600,[name],,https://www.supersummary.com/subscription,https://www.supersummary.com/subscription/confirming/cancel,,BCM Experience [July 2025] [25% one-time / No Entry Modal],,06-30-2023,,07-09-2026,06-30-2023,06-30-2023,06-30-2023,,06-30-2023,06-30-2026
cancel_Wg6TE7Q_a2d0fef608fe93a5,1683060,,Students; fallback,,,[name],[name],[name],Unknown,Unknown,Unknown,Unknown,,Unknown,Unknown,0,,,u_3bdcf575e420999a,,,,0,,,Canceled,2026-07-06T08:54:06.000Z,2026-07-06T08:54:06.000Z,2026-07-06T08:54:06.000Z,,42.46,,cancel,Valid Cancel,,,,5.0,,,Brightback,,,,,,,1683060,2026-06-24T13:57:47.000Z,,2026-06-24T13:57:49.000Z,,h_8fffe9329fd93374,,1,2026-06-24T13:57:49.000Z,USD,u_3bdcf575e420999a,ACTIVE,h_8b4cfcf25c548afd,[name],60.0,annual_plus,,2026-06-24T13:57:49.000Z,student,,1,annual_plus,2026-06-24T13:57:49.000Z,_UNKNOWN,6000,YEAR,annual_plus,,College,[name],2027-06-24T13:57:49.000Z,,500,,2027-06-24T13:57:49.000Z,2026-06-24T13:57:49.000Z,6000,[name],,https://www.supersummary.com/subscription,https://www.supersummary.com/subscription/confirming/cancel,,Student Experience [July 2025] [25% one-time / No Entry Modal],,06-24-2026,,07-06-2026,06-24-2026,06-24-2026,06-24-2026,,06-24-2026,06-24-2027
cancel_Wg6T2uk_89ba89a868d7abba,1685963,,Book Club Members; fallback,,,[name],[name],[name],Unknown,Unknown,Unknown,Unknown,,Unknown,Unknown,0,,,u_acac0e457fb9c71e,,,,0,,,Canceled,2026-07-28T12:24:34.000Z,2026-07-28T12:24:34.000Z,2026-07-28T12:24:34.000Z,,20.31,,cancel,Valid Cancel,,,,3.0,,,Brightback,,,,,,,1685963,2026-06-28T19:01:41.000Z,,2026-06-28T19:01:43.000Z,,h_6992dd8cc2f7279b,,1,2026-06-28T19:01:43.000Z,USD,u_acac0e457fb9c71e,ACTIVE,h_fb7ff89ae57f03d6,[name],36.0,annual_essentials,,2026-06-28T19:01:43.000Z,book_club_member,,1,annual_essentials,2026-06-28T19:01:43.000Z,_UNKNOWN,3600,YEAR,annual_essentials,,,[name],2027-06-28T19:01:43.000Z,,300,,2027-06-28T19:01:43.000Z,2026-06-28T19:01:43.000Z,3600,[name],,https://www.supersummary.com/subscription,https://www.supersummary.com/subscription/confirming/cancel,,BCM Experience [July 2025] [25% one-time / No Entry Modal],,06-28-2026,,07-28-2026,06-28-2026,06-28-2026,06-28-2026,,06-28-2026,06-28-2027
cancel_Wg6REAQ_acb3101548a46f04,384639,,Students; Annual,,,[name],[name],[name],Unknown,Unknown,Unknown,Unknown,,Unknown,Unknown,0,,,u_2c08cade7b639d73,,,,0,,,Canceled,2026-07-06T10:06:31.000Z,2026-07-06T10:06:31.000Z,2026-07-06T10:06:31.000Z,,42.41,,cancel,Valid Cancel,,,,2.25,,,Brightback,,,,,,,384639,2023-06-27T10:06:28.000Z,,2023-06-27T10:06:30.000Z,,h_a9ef7ac18b064674,,1,2023-06-27T10:06:30.000Z,USD,u_2c08cade7b639d73,ACTIVE,h_aa958b425516dc5c,[name],36.0,annual,,2026-06-27T10:06:30.000Z,student,,1,annual,2023-06-27T10:06:30.000Z,_UNKNOWN,3600,YEAR,annual,,Postgrad Program,[name],2027-06-27T10:06:30.000Z,,300,,2027-06-27T10:06:30.000Z,2023-06-27T10:06:30.000Z,3600,[name],,https://www.supersummary.com/subscription,https://www.supersummary.com/subscription/confirming/cancel,,Student Experience [July 2025] [25% one-time / No Entry Modal],,06-27-2023,,07-06-2026,06-27-2023,06-27-2023,06-27-2023,,06-27-2023,06-27-2027
cancel_Wg6NKnE_bde23936f570c7e6,AzycPdVNOGUVi1mxa,,Students; fallback,,,[name],[name],,Unknown,Unknown,Unknown,Unknown,,Unknown,Unknown,0,,,u_aa63eb451cf6b97c,,,,0,,,Canceled,2026-07-08T07:04:40.000Z,2026-07-08T07:04:40.000Z,2026-07-08T07:04:40.000Z,,40.54,,cancel,Valid Cancel,,,,3.0,,,Brightback,,,,,,,AzycPdVNOGUVi1mxa,2026-06-23T17:48:39.000Z,,2026-06-23T17:48:40.000Z,,h_360ad72bc4cb6e90,,1,2026-06-23T17:48:40.000Z,USD,u_aa63eb451cf6b97c,ACTIVE,h_96e76a05f213208c,[name],,,,2026-06-23T17:48:40.000Z,student,,1,annual_essentials,2026-06-23T17:48:40.000Z,_UNKNOWN,3600,YEAR,,,College,[name],2027-06-23T17:48:40.000Z,,300,,2027-06-23T17:48:40.000Z,2026-06-23T17:48:40.000Z,3600,,,,,,Student Experience [July 2025] [25% one-time / No Entry Modal],,06-23-2026,,07-08-2026,06-23-2026,06-23-2026,06-23-2026,,06-23-2026,06-23-2027
cancel_Wg6JIAu_a22933c64b20a5f1,1679393,,Students; fallback,,,[name],[name],[name],Unknown,Unknown,Unknown,Unknown,,Unknown,Unknown,0,,,u_99ce25a14a7d092e,,,,0,,,Canceled,2026-07-17T21:46:58.000Z,2026-07-17T21:46:58.000Z,2026-07-17T21:46:58.000Z,,30.92,,cancel,Valid Cancel,,,,5.0,,,Brightback,,,,,,,1679393,2026-06-19T17:50:18.000Z,,2026-06-19T17:50:23.000Z,,h_dccd65460ca37fea,,1,2026-06-19T17:50:23.000Z,USD,u_99ce25a14a7d092e,ACTIVE,h_ab95be8fe80aff03,[name],60.0,annual_plus,,2026-06-19T17:50:23.000Z,student,,1,annual_plus,2026-06-19T17:50:23.000Z,_UNKNOWN,6000,YEAR,annual_plus,,College,[name],2027-06-19T17:50:23.000Z,,500,,2027-06-19T17:50:23.000Z,2026-06-19T17:50:23.000Z,6000,[name],,https://www.supersummary.com/subscription,https://www.supersummary.com/subscription/confirming/cancel,,Student Experience [July 2025] [25% one-time / No Entry Modal],,06-19-2026,,07-17-2026,06-19-2026,06-19-2026,06-19-2026,,06-19-2026,06-19-2027
cancel_Wg6I5wq_ad9bc810966adceb,607273,,Students; Annual,,,[name],[name],[name],Unknown,Unknown,Unknown,Unknown,,Unknown,Unknown,0,,,u_f7f0f3030ce8b177,,,,0,,,Canceled,2026-07-15T16:06:26.000Z,2026-07-15T16:06:26.000Z,2026-07-15T16:06:26.000Z,,33.16,,cancel,Valid Cancel,,,,3.0,,,Brightback,,,,,,,607273,2024-07-06T15:59:02.000Z,,2024-07-06T16:06:22.000Z,,h_156bdb038bae74c2,,1,2024-07-06T16:06:22.000Z,USD,u_f7f0f3030ce8b177,ACTIVE,h_ab4818c96b27e08b,[name],36.0,annual,,2025-07-06T16:06:22.000Z,student,,1,annual,2024-07-06T16:06:22.000Z,_UNKNOWN,3600,YEAR,annual,nmTKUhkQCvq,College,[name],2026-07-06T16:06:22.000Z,,225,,2026-07-06T16:06:22.000Z,2024-07-06T16:06:22.000Z,3600,[name],,https://www.supersummary.com/subscription,https://www.supersummary.com/subscription/confirming/cancel,,Student Experience [July 2025] [25% one-time / No Entry Modal],,07-06-2024,,07-15-2026,07-06-2024,07-06-2024,07-06-2024,,07-06-2024,07-06-2026
