surveyId,surveyName,visitorId,href,createdAt,completedAt,userId,partnerAnonymousId,os,browser,userAgent,customMetadata,triggeringEvent,responseGroupUid,eventProperties,Q1_Question_Text,Q1_Response,Q2_Question_Text,Q2_Response,Q3_Question_Text,Q3_Response,Q4_Question_Text,Q4_Response,Q4_Choice_1,Q4_Choice_2,Q4_Choice_3,Q4_Choice_4,Q4_Choice_5,Q4_Choice_6,Q4_Response_Other,Q5_Question_Text,Q5_Response,Q5_Choice_1,Q5_Choice_2,Q5_Choice_3,Q5_Choice_4,Q5_Choice_5,Q5_Choice_6,Q5_Response_Other,Attribute_1,Attribute_2,Attribute_3,Attribute_4,Attribute_5,Attribute_6,Attribute_7,Attribute_8,Attribute_9,Attribute_10,Attribute_11,Attribute_12,Attribute_13,Attribute_14,Attribute_15,Attribute_16,Attribute_17,Attribute_18,Attribute_19,Attribute_20,Attribute_21,Attribute_22
Survey ID,Survey Name,Visitor ID,URL,Created At,Completed At,User ID,Partner Anonymous ID,OS,Browser,User Agent,Custom Metadata,Triggering Event,Response Group ID,Event Properties,How would you feel if you could no longer use the Story Recap?*,How would you feel if you could no longer use the Story Recap?*,"How useful was the Story Recap in helping you recontextualize the story and
remember what happened?*","How useful was the Story Recap in helping you recontextualize the story and
remember what happened?*",How would you rate the overall quality and level of detail of the Story Recap?*,How would you rate the overall quality and level of detail of the Story Recap?*,You indicated you wouldn't be disappointed if the Story Recap was removed. Why?,You indicated you wouldn't be disappointed if the Story Recap was removed. Why?,I already remember the story well without the recap,The recap does not add enough new or helpful information,The recap does not match what I need at this stage of the story,I worry that the recap includes spoilers,I find the recap confusing or unclear,Other,Other,You indicated that the Story Recap did not help you. What was the main reason?,You indicated that the Story Recap did not help you. What was the main reason?,The recap misses important events,The recap is hard to follow or unclear,The recap feels inaccurate or inconsistent with the story,The recap contains spoilers,The writing style is not engaging,Other,Other,appVersion,audience,audienceCategory,deviceType,email,firstName,gradeLevel,isStaff,isSubscribed,lastDownloadDate,lastName,last_visited_guide,osVersion,planId,planType,sdkVersion,status,subscribed,subscriberStatus,subscriptionDate,tenure,totalGuideDownloads
351373,PMF: Story Recap,5caa9079-7f99-49ad-a118-5d9de7d7eedc,https://www.supersummary.com/the-museum-of-innocence/story-recap/#ai-tools-page-header,07/31/2026 22:18:31,07/31/2026 22:18:38,1642268,,iOS,Mobile Safari,"Mozilla/5.0 (iPhone; CPU iPhone OS 18_7 like Mac OS X) AppleWebKit/605.1.15 (KHTML, like Gecko) Version/26.5.2 Mobile/15E148 Safari/604.1",{},URL Event 1 for Study 351373,226e5db5-3638-4471-be13-ed1b22013cc1,{},How would you feel if you could no longer use the Story Recap?,5,"How useful was the Story Recap in helping you recontextualize the story and
remember what happened?",5,How would you rate the overall quality and level of detail of the Story Recap?,5,,,,,,,,,,,,,,,,,,,,,other,,u_7e7e45f62354ec06,,,,,,,the-museum-of-innocence,,annual_plus,,,,,Active Subscriber,,0,
351373,PMF: Story Recap,8d2919c0-787b-4bd4-92ad-e750b3b7f51f,https://www.supersummary.com/the-names-florence-knapp/story-recap/#ai-tools-page-header,07/31/2026 02:43:09,,1712043,,iOS,GSA,"Mozilla/5.0 (iPhone; CPU iPhone OS 26_5_2 like Mac OS X) AppleWebKit/605.1.15 (KHTML, like Gecko) GSA/390.0.817388646 Mobile/15E148 Safari/604.1",{},URL Event 1 for Study 351373,7341848e-5326-48a8-813c-2851346f0f6d,{},How would you feel if you could no longer use the Story Recap?,1,,,,,,,,,,,,,,,,,,,,,,,,,book_club_member,,u_dbb9c4e71bd12746,,,,,,,the-names-florence-knapp,,annual_plus,,,,,Active Subscriber,,0,
351373,PMF: Story Recap,ee0f4ae8-2a35-4a56-8449-1c4241c671ec,https://www.supersummary.com/the-correspondent/story-recap/#ai-tools-page-header,07/30/2026 00:35:26,07/30/2026 00:35:41,1392398,,iOS,Mobile Safari,"Mozilla/5.0 (iPad; CPU OS 18_7 like Mac OS X) AppleWebKit/605.1.15 (KHTML, like Gecko) Version/26.5.2 Mobile/15E148 Safari/604.1",{},URL Event 1 for Study 351373,50cc74d7-39a8-40bf-ab3a-9e043f8642dd,{},How would you feel if you could no longer use the Story Recap?,4,"How useful was the Story Recap in helping you recontextualize the story and
remember what happened?",5,How would you rate the overall quality and level of detail of the Story Recap?,5,,,,,,,,,,,,,,,,,,,,,book_club_member,,u_d7ed239ac9745172,,,,,,,the-correspondent,,annual_plus,annual,,Active Subscriber,,Active Subscriber,2026-01-07T07:06:37.000-08:00,7,
351373,PMF: Story Recap,44f3f8f6-d19e-45d0-b032-a34d00122c78,https://www.supersummary.com/we-are-family/story-recap/#ai-tools-page-header,07/29/2026 18:12:21,07/29/2026 18:12:29,1710620,,iOS,Mobile Safari,"Mozilla/5.0 (iPhone; CPU iPhone OS 18_7 like Mac OS X) AppleWebKit/605.1.15 (KHTML, like Gecko) Version/26.2 Mobile/15E148 Safari/604.1",{},URL Event 1 for Study 351373,1e59a652-71cd-4acb-b10a-06a4b55c302b,{},How would you feel if you could no longer use the Story Recap?,5,"How useful was the Story Recap in helping you recontextualize the story and
remember what happened?",5,How would you rate the overall quality and level of detail of the Story Recap?,5,,,,,,,,,,,,,,,,,,,,,student,,u_c41ebc09274bf3a0,,,,,,,we-are-family,,annual_plus,,,,,Active Subscriber,,0,
351373,PMF: Story Recap,e5fb4eeb-375e-4635-b153-36b15a007606,https://www.supersummary.com/the-giver/story-recap/,07/29/2026 17:27:21,,1401495,,iOS,Mobile Safari,"Mozilla/5.0 (iPhone; CPU iPhone OS 18_1_1 like Mac OS X) AppleWebKit/605.1.15 (KHTML, like Gecko) Version/18.1.1 Mobile/15E148 Safari/604.1",{},URL Event 1 for Study 351373,c412cfc0-2ae9-4d6e-945d-61537c072ecb,{},How would you feel if you could no longer use the Story Recap?,4,,,,,,,,,,,,,,,,,,,,,,,,,Book club member,,u_152e9d9dd04eb262,,,,,,,the-giver,,annual_plus,annual,,,,Active Subscriber,2026-07-29T00:55:26.000-07:00,0,
351373,PMF: Story Recap,133365b8-a3cd-4b90-a08a-d297a0a64c48,https://www.supersummary.com/the-boy-the-mole-the-fox-and-the-horse/story-recap/#ai-tools-page-header,07/29/2026 17:22:21,07/29/2026 17:22:31,1710575,,iOS,Mobile Safari,"Mozilla/5.0 (iPhone; CPU iPhone OS 18_7 like Mac OS X) AppleWebKit/605.1.15 (KHTML, like Gecko) Version/26.5.2 Mobile/15E148 Safari/604.1",{},URL Event 1 for Study 351373,ff9d758d-ee8a-4563-ab53-1774bbd18ef0,{},How would you feel if you could no longer use the Story Recap?,5,"How useful was the Story Recap in helping you recontextualize the story and
remember what happened?",5,How would you rate the overall quality and level of detail of the Story Recap?,4,,,,,,,,,,,,,,,,,,,,,,,u_e94b3bd84daf3b63,,,,,,,the-boy-the-mole-the-fox-and-the-horse,,annual_plus,,,,,Active Subscriber,,0,
351373,PMF: Story Recap,7b5b0108-be73-4992-953c-04dd49170d5d,https://www.supersummary.com/the-invisible-life-of-addie-la-rue/story-recap/#ai-tools-page-header,07/29/2026 16:09:14,,1710511,,iOS,Chrome,"Mozilla/5.0 (iPhone; CPU iPhone OS 26_5_2 like Mac OS X) AppleWebKit/605.1.15 (KHTML, like Gecko) CriOS/150.0.7871.113 Mobile/15E148 Safari/604.1",{},URL Event 1 for Study 351373,a13a4ad7-5926-452b-b41e-464f4bee17f6,{},How would you feel if you could no longer use the Story Recap?,4,,,,,,,,,,,,,,,,,,,,,,,,,other,,u_a34d08a9f499406b,,,,,,,the-invisible-life-of-addie-la-rue,,annual_essentials,,,,,Active Subscriber,,0,
351373,PMF: Story Recap,030fc783-6dcc-48eb-8ef1-fb8cad587556,https://www.supersummary.com/my-friends-fredrik-backman/story-recap/#ai-tools-page-header,07/29/2026 12:46:57,,1683346,,iOS,Mobile Safari,"Mozilla/5.0 (iPhone; CPU iPhone OS 18_7 like Mac OS X) AppleWebKit/605.1.15 (KHTML, like Gecko) Version/26.6 Mobile/15E148 Safari/604.1",{},URL Event 1 for Study 351373,c9af138b-bfbc-4ac5-b09c-5ea3b3a6ebe6,{},How would you feel if you could no longer use the Story Recap?,1,,,,,,,,,,,,,,,,,,,,,,,,,book_club_member,,u_a41ab11bdd24efd5,,,,,,,my-friends-fredrik-backman,,annual_plus,,,,,Active Subscriber,,0,
351373,PMF: Story Recap,4d50ff19-2224-4b56-9ecb-3626db5f3d91,https://www.supersummary.com/theo-of-golden/story-recap/#ai-tools-page-header,07/28/2026 02:12:14,,1708978,,iOS,Mobile Safari,"Mozilla/5.0 (iPhone; CPU iPhone OS 18_7 like Mac OS X) AppleWebKit/605.1.15 (KHTML, like Gecko) Version/26.5.2 Mobile/15E148 Safari/604.1",{},URL Event 1 for Study 351373,44c0913c-8fc6-4444-a519-2eadc465e206,{},How would you feel if you could no longer use the Story Recap?,2,,,,,,,,,,,,,,,,,,,,,,,,,student,,u_c087e04b2a52ce26,,,,,,,theo-of-golden,,annual_essentials,,,,,Active Subscriber,,0,
351373,PMF: Story Recap,7e5dd360-71ed-4040-85b3-9ae9bcb2f154,https://www.supersummary.com/among-the-hidden/story-recap/#ai-tools-page-header,07/27/2026 22:35:11,07/27/2026 22:36:01,1678046,,iOS,Mobile Safari,"Mozilla/5.0 (iPhone; CPU iPhone OS 18_7 like Mac OS X) AppleWebKit/605.1.15 (KHTML, like Gecko) Version/26.5.2 Mobile/15E148 Safari/604.1",{},URL Event 1 for Study 351373,a1f0f0a4-2d2a-42ae-8579-3c7e1d89d15b,{},How would you feel if you could no longer use the Story Recap?,3,,,,,You indicated you wouldn't be disappointed if the Story Recap was removed. Why?,I find the recap confusing or unclear,0,0,0,0,1,0,,,,,,,,,,,,,other,,u_a4dcd896ca6879f5,,,,,,,among-the-hidden,,monthly_plus,,,,,Active Subscriber,,0,
351373,PMF: Story Recap,6a59d8fc-7640-49e0-8117-4bbf1d80cd6d,https://www.supersummary.com/the-correspondent/story-recap/#ai-tools-page-header,07/27/2026 19:35:46,07/27/2026 19:36:14,1708555,,iOS,Mobile Safari,"Mozilla/5.0 (iPhone; CPU iPhone OS 18_7 like Mac OS X) AppleWebKit/605.1.15 (KHTML, like Gecko) Version/26.5.2 Mobile/15E148 Safari/604.1",{},URL Event 1 for Study 351373,626f8b64-c372-40aa-aae4-3a641be7eae0,{},How would you feel if you could no longer use the Story Recap?,3,,,,,You indicated you wouldn't be disappointed if the Story Recap was removed. Why?,Other,0,0,0,0,0,1,New to this,,,,,,,,,,,,book_club_member,,u_474938f71dbdf126,,,,,,,the-correspondent,,annual_plus,annual,,,,Active Subscriber,2026-07-27T12:30:47.000-07:00,0,
351373,PMF: Story Recap,d9a0b826-af4f-466f-8dde-8ec61c3ebdb2,https://www.supersummary.com/theo-of-golden/story-recap/#ai-tools-page-header,07/27/2026 15:02:23,07/27/2026 15:03:00,1708256,,iOS,Mobile Safari,"Mozilla/5.0 (iPhone; CPU iPhone OS 18_7 like Mac OS X) AppleWebKit/605.1.15 (KHTML, like Gecko) Version/26.5.2 Mobile/15E148 Safari/604.1",{},URL Event 1 for Study 351373,407c7786-955e-468e-b6fb-14ad6e5b737f,{},How would you feel if you could no longer use the Story Recap?,2,,,,,You indicated you wouldn't be disappointed if the Story Recap was removed. Why?,Other,0,0,0,0,0,1,Finished,,,,,,,,,,,,book_club_member,,u_5ae0b637e174c6e1,,,,,,,theo-of-golden,,annual_essentials,,,,,Active Subscriber,,0,
351373,PMF: Story Recap,68ae6c55-916b-4cbc-9cd4-454074a9b427,https://www.supersummary.com/a-thousand-ships/story-recap/#ai-tools-page-header,07/26/2026 20:02:20,,523344,,Mac OS,Safari,"Mozilla/5.0 (Macintosh; Intel Mac OS X 10_15_7) AppleWebKit/605.1.15 (KHTML, like Gecko) Version/18.6 Safari/605.1.15",{},URL Event 1 for Study 351373,be04a0c6-2d5b-4e73-a8a1-73cfb986572b,{},How would you feel if you could no longer use the Story Recap?,5,"How useful was the Story Recap in helping you recontextualize the story and
remember what happened?",5,,,,,,,,,,,,,,,,,,,,,,,student,,u_9ae7525696085182,,Middle School,,,,,a-thousand-ships,,annual,annual,,Active Subscriber,,Active Subscriber,2024-04-01T06:49:11.000-07:00,29,0
351373,PMF: Story Recap,58fc22a1-ec8a-4806-831e-0f27499da8b5,https://www.supersummary.com/the-lion-women-of-tehran/story-recap/#ai-tools-page-header,07/25/2026 22:24:44,07/25/2026 22:24:57,1706776,,iOS,GSA,"Mozilla/5.0 (iPhone; CPU iPhone OS 26_5 like Mac OS X) AppleWebKit/605.1.15 (KHTML, like Gecko) GSA/297.0.594082364 Mobile/15E148 Safari/604.1",{},URL Event 1 for Study 351373,0f7d417b-932d-4237-857c-b842139adaf1,{},How would you feel if you could no longer use the Story Recap?,5,"How useful was the Story Recap in helping you recontextualize the story and
remember what happened?",4,How would you rate the overall quality and level of detail of the Story Recap?,3,,,,,,,,,,,,,,,,,,,,,book_club_member,,u_0595093ae3b71027,,,,,,,the-lion-women-of-tehran,,annual_essentials,,,,,Active Subscriber,,0,
351373,PMF: Story Recap,c2903015-ef3e-42a3-ad33-f4b718ad613b,https://www.supersummary.com/theo-of-golden/story-recap/#ai-tools-page-header,07/25/2026 06:03:29,,1706212,,iOS,Mobile Safari,"Mozilla/5.0 (iPhone; CPU iPhone OS 18_7 like Mac OS X) AppleWebKit/605.1.15 (KHTML, like Gecko) Version/26.5.2 Mobile/15E148 Safari/604.1",{},URL Event 1 for Study 351373,aaa1e0f5-e237-4380-a490-c683f29162aa,{},How would you feel if you could no longer use the Story Recap?,4,,,,,,,,,,,,,,,,,,,,,,,,,book_club_member,,u_a4676e7c00cfed8e,,,,,,,theo-of-golden,,annual_plus,,,,,Active Subscriber,,0,
351373,PMF: Story Recap,189d859b-e649-4627-ba53-b37ef124c126,https://www.supersummary.com/the-briar-club/story-recap/#ai-tools-page-header,07/25/2026 03:58:54,,1229624,,iOS,Mobile Safari,"Mozilla/5.0 (iPad; CPU OS 18_7 like Mac OS X) AppleWebKit/605.1.15 (KHTML, like Gecko) Version/26.5.2 Mobile/15E148 Safari/604.1",{},URL Event 1 for Study 351373,4ac84eb1-f472-4531-8357-779bf360f6b8,{},How would you feel if you could no longer use the Story Recap?,5,,,,,,,,,,,,,,,,,,,,,,,,book_club_member,book_club_member,,u_2ed149eae429063c,[name],null,false,true,,[name],the-briar-club,,annual_subscription_36-USD,annual,,Active Subscriber,true,Active Subscriber,2025-06-08T07:44:10.000-07:00,14,
351373,PMF: Story Recap,1a40bc85-aed7-45af-86b0-22a7d858adbf,https://www.supersummary.com/go-as-a-river/story-recap/#ai-tools-page-header,07/24/2026 21:47:06,,21596,,Mac OS,Safari,"Mozilla/5.0 (Macintosh; Intel Mac OS X 10_15_7) AppleWebKit/605.1.15 (KHTML, like Gecko) Version/17.6 Safari/605.1.15",{},URL Event 1 for Study 351373,76ae0bbe-049d-412f-af10-f66a1f609b48,{},How would you feel if you could no longer use the Story Recap?,3,,,,,,,,,,,,,,,,,,,,,,,,,book_club_member,,u_bb0aa74ae8cee5ed,,,,,2022-06-18T16:00:00.372-07:00,,go-as-a-river,,annual_plus,annual,,Active Subscriber,,Active Subscriber,2020-12-06T10:38:32.000-08:00,69,4
351373,PMF: Story Recap,4f29c1ea-3ef1-407f-a38e-1b82f39659b3,https://www.supersummary.com/gone-before-goodbye/story-recap/#ai-tools-page-header,07/23/2026 17:55:45,,1704816,,Mac OS,Safari,"Mozilla/5.0 (Macintosh; Intel Mac OS X 10_15_7) AppleWebKit/605.1.15 (KHTML, like Gecko) Version/26.5.2 Safari/605.1.15",{},URL Event 1 for Study 351373,944b1029-8e55-4988-b855-e3f6b2b197da,{},How would you feel if you could no longer use the Story Recap?,3,,,,,,,,,,,,,,,,,,,,,,,,,book_club_member,,u_4b52d923fb15af15,,,,,,,gone-before-goodbye,,annual_plus,,,,,Active Subscriber,,0,
351373,PMF: Story Recap,75880526-2618-4473-9ae5-30660d8b5efb,https://www.supersummary.com/the-adventures-of-robin-hood/story-recap/#ai-tools-page-header,07/23/2026 13:11:33,07/23/2026 13:11:39,1052965,,Android,Chrome,"Mozilla/5.0 (Linux; Android 10; K) AppleWebKit/537.36 (KHTML, like Gecko) Chrome/150.0.0.0 Mobile Safari/537.36",{},URL Event 1 for Study 351373,32978724-b2dd-4e85-89aa-75be023538af,{},How would you feel if you could no longer use the Story Recap?,5,"How useful was the Story Recap in helping you recontextualize the story and
remember what happened?",5,How would you rate the overall quality and level of detail of the Story Recap?,5,,,,,,,,,,,,,,,,,,,,,teacher,,u_d955a1881aa0410b,,,,,,,the-adventures-of-robin-hood,,annual_plus,,,,,Active Subscriber,,0,
351373,PMF: Story Recap,3a58f913-58e6-458e-be7a-36014bd2ab9b,https://www.supersummary.com/my-husbands-wife/story-recap/#ai-tools-page-header,07/22/2026 15:47:19,07/22/2026 15:47:20,1703642,,iOS,Mobile Safari,"Mozilla/5.0 (iPhone; CPU iPhone OS 18_7 like Mac OS X) AppleWebKit/605.1.15 (KHTML, like Gecko) Version/26.5.2 Mobile/15E148 Safari/604.1",{},URL Event 1 for Study 351373,53b31a0a-5e4b-497f-8a30-d74783da3cb0,{},How would you feel if you could no longer use the Story Recap?,5,"How useful was the Story Recap in helping you recontextualize the story and
remember what happened?",5,How would you rate the overall quality and level of detail of the Story Recap?,5,,,,,,,,,,,,,,,,,,,,,other,,u_1b9b47528611d0b4,,,,,,,my-husbands-wife,,annual_essentials,,,,,Active Subscriber,,0,
351373,PMF: Story Recap,309846cd-d6ef-482e-bf1d-f8fdd9ea52b9,https://www.supersummary.com/iron-lake/story-recap/#ai-tools-page-header,07/22/2026 14:43:13,,1703558,,iOS,GSA,"Mozilla/5.0 (iPhone; CPU iPhone OS 18_7_9 like Mac OS X) AppleWebKit/605.1.15 (KHTML, like Gecko) GSA/430.3.945886556 Mobile/15E148 Safari/604.1",{},URL Event 1 for Study 351373,55e82815-0988-40fb-9038-a15af6093491,{},How would you feel if you could no longer use the Story Recap?,5,"How useful was the Story Recap in helping you recontextualize the story and
remember what happened?",5,,,,,,,,,,,,,,,,,,,,,,,other,,u_ef25df44f5ef97e0,,,,,,,iron-lake,,annual_essentials,,,,,Active Subscriber,,0,
351373,PMF: Story Recap,b43b55e5-7f46-4b71-8c0c-4066aec5a906,https://www.supersummary.com/the-house-in-the-cerulean-sea/story-recap/#ai-tools-page-header,07/21/2026 20:47:36,,1702747,,iOS,Mobile Safari,"Mozilla/5.0 (iPhone; CPU iPhone OS 18_7 like Mac OS X) AppleWebKit/605.1.15 (KHTML, like Gecko) Version/26.5.2 Mobile/15E148 Safari/604.1",{},URL Event 1 for Study 351373,d5c2cc2a-f449-4733-b747-787f9f075c79,{},How would you feel if you could no longer use the Story Recap?,5,"How useful was the Story Recap in helping you recontextualize the story and
remember what happened?",5,,,,,,,,,,,,,,,,,,,,,,,other,,u_ff3a146a1c669de9,,,,,,,the-house-in-the-cerulean-sea,,annual_essentials,,,,,Active Subscriber,,0,
351373,PMF: Story Recap,cfc7f75b-7aad-4bc4-8bb8-72bd7dd44ca5,https://www.supersummary.com/the-correspondent/story-recap/#ai-tools-page-header,07/21/2026 15:34:58,,527555,,iOS,Chrome,"Mozilla/5.0 (iPhone; CPU iPhone OS 26_5_2 like Mac OS X) AppleWebKit/605.1.15 (KHTML, like Gecko) CriOS/150.0.7871.113 Mobile/15E148 Safari/604.1",{},URL Event 1 for Study 351373,0f72fbbe-b8a0-4ecb-998a-bca1ce030d56,{},How would you feel if you could no longer use the Story Recap?,4,,,,,,,,,,,,,,,,,,,,,,,,,book_club_member,,u_450f7800d252e692,,,,,,,the-correspondent,,annual_essentials,annual,,Active Subscriber,,Active Subscriber,2024-04-07T16:51:38.000-07:00,13,0
351373,PMF: Story Recap,5d4c6d7b-4471-40b9-9e8c-83385ca31307,https://www.supersummary.com/piranesi/story-recap/#ai-tools-page-header,07/21/2026 11:40:18,,1437816,,iOS,Mobile Safari,"Mozilla/5.0 (iPhone; CPU iPhone OS 18_7 like Mac OS X) AppleWebKit/605.1.15 (KHTML, like Gecko) Version/26.5 Mobile/15E148 Safari/604.1",{},URL Event 1 for Study 351373,c0282022-3d51-4765-954e-fd5f2797ed85,{},How would you feel if you could no longer use the Story Recap?,5,,,,,,,,,,,,,,,,,,,,,,,,,librarian,,u_9275a5dd37ed5813,,,,,,,piranesi,,annual_essentials,annual,,Active Subscriber,,Active Subscriber,2025-12-08T17:36:49.000-08:00,8,
351373,PMF: Story Recap,39d0b0ac-7dc6-46c9-bc70-fea9768bd01e,https://www.supersummary.com/land-maggie-ofarrell/story-recap/#ai-tools-page-header,07/21/2026 00:37:37,07/21/2026 00:37:52,1701926,,iOS,Mobile Safari,"Mozilla/5.0 (iPhone; CPU iPhone OS 18_7 like Mac OS X) AppleWebKit/605.1.15 (KHTML, like Gecko) Version/26.5.2 Mobile/15E148 Safari/604.1",{},URL Event 1 for Study 351373,401eb0ee-e202-4268-9168-0c7031c00298,{},How would you feel if you could no longer use the Story Recap?,3,,,,,You indicated you wouldn't be disappointed if the Story Recap was removed. Why?,Other,0,0,0,0,0,1,I don’t know,,,,,,,,,,,,book_club_member,,u_d7331e828549487c,,,,,,,land-maggie-ofarrell,,annual_essentials,,,,,Active Subscriber,,0,
351373,PMF: Story Recap,6547bf3f-1cca-4501-aed1-9fc51a219aba,https://www.supersummary.com/the-most-fun-we-ever-had/story-recap/#ai-tools-page-header,07/20/2026 19:00:02,07/20/2026 19:00:10,1701609,,iOS,Mobile Safari,"Mozilla/5.0 (iPhone; CPU iPhone OS 18_7 like Mac OS X) AppleWebKit/605.1.15 (KHTML, like Gecko) Version/26.5.2 Mobile/15E148 Safari/604.1",{},URL Event 1 for Study 351373,70cd914b-36e7-45f0-9a31-790a4afdc721,{},How would you feel if you could no longer use the Story Recap?,4,"How useful was the Story Recap in helping you recontextualize the story and
remember what happened?",4,How would you rate the overall quality and level of detail of the Story Recap?,4,,,,,,,,,,,,,,,,,,,,,book_club_member,,u_15dd5962662f55c2,,,,,,,the-most-fun-we-ever-had,,annual_essentials,,,,,Active Subscriber,,0,
351373,PMF: Story Recap,0f1740ec-c3f1-4335-856d-0ee61dc7f393,https://www.supersummary.com/we-begin-at-the-end/story-recap/,07/20/2026 17:46:38,07/20/2026 17:46:46,1500350,,iOS,Mobile Safari,"Mozilla/5.0 (iPhone; CPU iPhone OS 18_7 like Mac OS X) AppleWebKit/605.1.15 (KHTML, like Gecko) Version/26.5.2 Mobile/15E148 Safari/604.1",{},URL Event 1 for Study 351373,e17dd0da-2e01-4832-a5cb-2de53073ee9f,{},How would you feel if you could no longer use the Story Recap?,5,"How useful was the Story Recap in helping you recontextualize the story and
remember what happened?",5,How would you rate the overall quality and level of detail of the Story Recap?,5,,,,,,,,,,,,,,,,,,,,,book_club_member,,u_ce95cb00398a27d2,,,,,,,we-begin-at-the-end,,annual_plus,annual,,Active Subscriber,,Active Subscriber,2026-02-03T11:02:13.000-08:00,6,
351373,PMF: Story Recap,04e458ca-acd6-4418-9f03-3809ab9d5812,https://www.supersummary.com/chip-war/story-recap/#ai-tools-page-header,07/20/2026 11:53:57,,1577952,,iOS,Mobile Safari,"Mozilla/5.0 (iPhone; CPU iPhone OS 18_7 like Mac OS X) AppleWebKit/605.1.15 (KHTML, like Gecko) Version/18.7.5 Mobile/15E148 Safari/604.1",{},URL Event 1 for Study 351373,82be5601-568b-4366-906b-d18b491c322d,{},How would you feel if you could no longer use the Story Recap?,5,,,,,,,,,,,,,,,,,,,,,,,,,student,,u_939b1da67ad4ac6f,,College,,,,,chip-war,,monthly_essentials,monthly,,Active Subscriber,,Active Subscriber,2026-03-28T14:59:57.000-07:00,2,
351373,PMF: Story Recap,ef97664e-8da4-4467-a548-dd1deb58fb93,https://www.supersummary.com/the-correspondent/story-recap/#ai-tools-page-header,07/19/2026 16:04:46,07/19/2026 16:05:01,1289933,,iOS,Chrome,"Mozilla/5.0 (iPhone; CPU iPhone OS 26_5_2 like Mac OS X) AppleWebKit/605.1.15 (KHTML, like Gecko) CriOS/150.0.7871.113 Mobile/15E148 Safari/604.1",{},URL Event 1 for Study 351373,414566f5-68e5-4e54-92c1-14888cb15c98,{},How would you feel if you could no longer use the Story Recap?,5,"How useful was the Story Recap in helping you recontextualize the story and
remember what happened?",5,How would you rate the overall quality and level of detail of the Story Recap?,4,,,,,,,,,,,,,,,,,,,,,book_club_member,,u_9a09a6108b95fc67,,,,,,,the-correspondent,,annual,annual,,Active Subscriber,,Active Subscriber,2025-08-18T09:54:57.000-07:00,12,
351373,PMF: Story Recap,d93c58c6-1f2c-41af-b119-ab9d1df79870,https://www.supersummary.com/we-begin-at-the-end/story-recap/#ai-tools-page-header,07/19/2026 12:06:23,,363600,,iOS,Chrome,"Mozilla/5.0 (iPhone; CPU iPhone OS 18_3_2 like Mac OS X) AppleWebKit/605.1.15 (KHTML, like Gecko) CriOS/150.0.7871.113 Mobile/15E148 Safari/604.1",{},URL Event 1 for Study 351373,db9e1684-0c1e-47d8-bdaf-010f032be106,{},How would you feel if you could no longer use the Story Recap?,5,,,,,,,,,,,,,,,,,,,,,,,,,book_club_member,,u_9c3c3591970d0171,,,,,,,we-begin-at-the-end,,annual_plus,annual,,Active Subscriber,,Active Subscriber,2024-05-07T05:46:52.000-07:00,25,0
351373,PMF: Story Recap,10d6e703-efdc-4a5c-99ab-b59c805488a5,https://www.supersummary.com/the-odyssey/story-recap/#ai-tools-page-header,07/19/2026 04:16:49,,1700425,,iOS,Chrome,"Mozilla/5.0 (iPhone; CPU iPhone OS 26_4_2 like Mac OS X) AppleWebKit/605.1.15 (KHTML, like Gecko) CriOS/150.0.7871.113 Mobile/15E148 Safari/604.1",{},URL Event 1 for Study 351373,80bcc853-81d0-4c0b-9ade-ebbce30ad520,{},How would you feel if you could no longer use the Story Recap?,1,,,,,,,,,,,,,,,,,,,,,,,,,other,,u_e9d634becad5ad4b,,,,,,,the-odyssey,,annual_essentials,,,,,Active Subscriber,,0,
351373,PMF: Story Recap,c022fc82-75be-48d7-9158-9d7e693ebe0b,https://www.supersummary.com/the-invisible-life-of-addie-la-rue/story-recap/,07/19/2026 01:30:11,07/19/2026 01:30:26,231617,,Mac OS,Safari,"Mozilla/5.0 (Macintosh; Intel Mac OS X 10_15_7) AppleWebKit/605.1.15 (KHTML, like Gecko) Version/26.5.2 Safari/605.1.15",{},URL Event 1 for Study 351373,762cb44d-de90-4f20-bd10-8e69969ee62f,{},How would you feel if you could no longer use the Story Recap?,5,"How useful was the Story Recap in helping you recontextualize the story and
remember what happened?",5,How would you rate the overall quality and level of detail of the Story Recap?,5,,,,,,,,,,,,,,,,,,,,,book_club_member,,u_4d28d3c61b536cb1,,,,,2023-06-01T11:49:20.817-07:00,,the-invisible-life-of-addie-la-rue,,annual,annual,,Active Subscriber,,Active Subscriber,2022-07-17T12:30:36.000-07:00,49,4
351373,PMF: Story Recap,85c5fd53-4d9f-4ae8-8719-a8c1c94f01fc,https://www.supersummary.com/the-son-of-neptune/story-recap/#ai-tools-page-header,07/18/2026 22:33:47,07/18/2026 22:34:01,1700288,,iOS,Mobile Safari,"Mozilla/5.0 (iPhone; CPU iPhone OS 18_7 like Mac OS X) AppleWebKit/605.1.15 (KHTML, like Gecko) Version/26.5.2 Mobile/15E148 Safari/604.1",{},URL Event 1 for Study 351373,b5c94eb5-8d68-4d5c-89d3-08b64bee69a8,{},How would you feel if you could no longer use the Story Recap?,3,,,,,You indicated you wouldn't be disappointed if the Story Recap was removed. Why?,I find the recap confusing or unclear,0,0,0,0,1,0,,,,,,,,,,,,,other,,u_9e6fb5c72c1548a5,,,,,,,the-son-of-neptune,,monthly_essentials,,,,,Active Subscriber,,0,
351373,PMF: Story Recap,07c744d8-dd5e-45be-b284-21333097b965,https://www.supersummary.com/independent-people/story-recap/#ai-tools-page-header,07/18/2026 21:59:17,07/18/2026 21:59:22,1700265,,iOS,Mobile Safari,"Mozilla/5.0 (iPhone; CPU iPhone OS 18_7 like Mac OS X) AppleWebKit/605.1.15 (KHTML, like Gecko) Version/26.5.2 Mobile/15E148 Safari/604.1",{},URL Event 1 for Study 351373,d78be081-fbbf-41fd-9d76-75ca848ce806,{},How would you feel if you could no longer use the Story Recap?,5,"How useful was the Story Recap in helping you recontextualize the story and
remember what happened?",5,How would you rate the overall quality and level of detail of the Story Recap?,5,,,,,,,,,,,,,,,,,,,,,other,,u_c27baaa927fdb568,,,,,,,independent-people,,annual_essentials,,,,,Active Subscriber,,0,
351373,PMF: Story Recap,93d1b346-3842-4f45-9d98-cece8c1a5625,https://www.supersummary.com/wild-dark-shore/story-recap/#ai-tools-page-header,07/18/2026 19:27:37,07/18/2026 19:27:55,1522735,,Mac OS,Safari,"Mozilla/5.0 (Macintosh; Intel Mac OS X 10_15_7) AppleWebKit/605.1.15 (KHTML, like Gecko) Version/26.1 Safari/605.1.15",{},URL Event 1 for Study 351373,f3e71e0f-c6f1-4d9b-8d6a-c35c112c1ad9,{},How would you feel if you could no longer use the Story Recap?,5,"How useful was the Story Recap in helping you recontextualize the story and
remember what happened?",4,How would you rate the overall quality and level of detail of the Story Recap?,4,,,,,,,,,,,,,,,,,,,,,book_club_member,,u_940ebd0ee517de06,,,,,,,wild-dark-shore,,annual_plus,,,,,Active Subscriber,,0,
351373,PMF: Story Recap,e0ae192a-6e8a-4ffd-ba6c-ce16b13634ff,https://www.supersummary.com/theo-of-golden/story-recap/#ai-tools-page-header,07/18/2026 17:25:24,,1700058,,iOS,GSA,"Mozilla/5.0 (iPhone; CPU iPhone OS 26_5_2 like Mac OS X) AppleWebKit/605.1.15 (KHTML, like Gecko) GSA/429.1.942703598 Mobile/15E148 Safari/604.1",{},URL Event 1 for Study 351373,bc431062-0afb-447c-8c7a-2daafb240e9a,{},How would you feel if you could no longer use the Story Recap?,2,,,,,,,,,,,,,,,,,,,,,,,,,book_club_member,,u_9ccfead4482c051b,,,,,,,theo-of-golden,,annual_essentials,,,,,Active Subscriber,,0,
351373,PMF: Story Recap,3e33acb8-6f98-4100-ae8b-cffc460665fe,https://www.supersummary.com/how-to-read-a-book-wood/story-recap/#ai-tools-page-header,07/18/2026 17:07:47,,1700056,,iOS,GSA,"Mozilla/5.0 (iPhone; CPU iPhone OS 26_5_2 like Mac OS X) AppleWebKit/605.1.15 (KHTML, like Gecko) GSA/429.1.942703598 Mobile/15E148 Safari/604.1",{},URL Event 1 for Study 351373,e6350aba-e5ef-430b-ad94-d235e1780a32,{},How would you feel if you could no longer use the Story Recap?,3,,,,,,,,,,,,,,,,,,,,,,,,,book_club_member,,u_97322c2a3fac2918,,,,,,,how-to-read-a-book-wood,,annual_essentials,,,,,Active Subscriber,,0,
351373,PMF: Story Recap,65cc72db-4fa0-41ba-9572-997216d8a0c9,https://www.supersummary.com/kin-tayari-jones/story-recap/#ai-tools-page-header,07/18/2026 14:05:52,07/18/2026 14:05:59,1361886,,iOS,Mobile Safari,"Mozilla/5.0 (iPhone; CPU iPhone OS 18_7 like Mac OS X) AppleWebKit/605.1.15 (KHTML, like Gecko) Version/26.5 Mobile/15E148 Safari/604.1",{},URL Event 1 for Study 351373,cb392692-1e76-4600-b659-99af39b99aec,{},How would you feel if you could no longer use the Story Recap?,5,"How useful was the Story Recap in helping you recontextualize the story and
remember what happened?",5,How would you rate the overall quality and level of detail of the Story Recap?,5,,,,,,,,,,,,,,,,,,,,book_club_member,book_club_member,,u_08f2eee0fbe22aa9,[name],null,false,true,,[name],kin-tayari-jones,,annual_plus,annual,,Active Subscriber,true,Active Subscriber,2025-10-12T15:14:16.000-07:00,10,
351373,PMF: Story Recap,f0bee5e0-7664-4381-bb06-d090918aec30,https://www.supersummary.com/theo-of-golden/story-recap/#ai-tools-page-header,07/18/2026 13:54:04,07/18/2026 13:54:17,1699931,,iOS,Mobile Safari,"Mozilla/5.0 (iPhone; CPU iPhone OS 18_7 like Mac OS X) AppleWebKit/605.1.15 (KHTML, like Gecko) Version/26.5.2 Mobile/15E148 Safari/604.1",{},URL Event 1 for Study 351373,1c42c7e1-9c21-4444-8059-d9d81715fb2d,{},How would you feel if you could no longer use the Story Recap?,5,"How useful was the Story Recap in helping you recontextualize the story and
remember what happened?",5,How would you rate the overall quality and level of detail of the Story Recap?,4,,,,,,,,,,,,,,,,,,,,,student,,u_519afaa413dedabb,,,,,,,theo-of-golden,,annual_plus,,,,,Active Subscriber,,0,
351373,PMF: Story Recap,df05dd53-355d-4e68-9639-65552d767699,https://www.supersummary.com/land-maggie-ofarrell/story-recap/#ai-tools-page-header,07/17/2026 20:52:58,07/17/2026 20:53:07,1699436,,iOS,GSA,"Mozilla/5.0 (iPhone; CPU iPhone OS 26_5_2 like Mac OS X) AppleWebKit/605.1.15 (KHTML, like Gecko) GSA/429.1.942703598 Mobile/15E148 Safari/604.1",{},URL Event 1 for Study 351373,70c48a89-afad-4454-ae7f-69140c2e724f,{},How would you feel if you could no longer use the Story Recap?,5,"How useful was the Story Recap in helping you recontextualize the story and
remember what happened?",5,How would you rate the overall quality and level of detail of the Story Recap?,5,,,,,,,,,,,,,,,,,,,,,book_club_member,,u_de82ee0213bb12d9,,,,,,,land-maggie-ofarrell,,annual_plus,,,,,Active Subscriber,,0,
351373,PMF: Story Recap,f33d2d4b-aa8a-4ad3-a3c7-4dce67674bab,https://www.supersummary.com/the-metaphysics-of-morals/story-recap/#ai-tools-page-header,07/17/2026 20:44:08,07/17/2026 20:44:27,724165,,Chromium OS,Chrome,"Mozilla/5.0 (X11; CrOS x86_64 14541.0.0) AppleWebKit/537.36 (KHTML, like Gecko) Chrome/149.0.0.0 Safari/537.36",{},URL Event 1 for Study 351373,555a4c70-e760-4829-be2f-e3b817895cb7,{},How would you feel if you could no longer use the Story Recap?,3,,,,,You indicated you wouldn't be disappointed if the Story Recap was removed. Why?,I worry that the recap includes spoilers,0,0,0,1,0,0,,,,,,,,,,,,book_club_member,book_club_member,,u_54bac8866af19d8a,[name],College,false,true,,[name],the-metaphysics-of-morals,,supersummary_annual-36-USD,annual,,Active Subscriber,true,Active Subscriber,2025-12-07T14:59:40.000-08:00,21,
351373,PMF: Story Recap,b5c323cb-faad-4363-801f-cb45213f04f4,https://www.supersummary.com/the-life-we-bury/story-recap/#ai-tools-page-header,07/17/2026 04:44:44,,1433397,,Android,Chrome,"Mozilla/5.0 (Linux; Android 10; K) AppleWebKit/537.36 (KHTML, like Gecko) Chrome/150.0.0.0 Mobile Safari/537.36",{},URL Event 1 for Study 351373,93500901-8b46-4ca8-a2fc-7a761f2e9c3e,{},How would you feel if you could no longer use the Story Recap?,1,,,,,,,,,,,,,,,,,,,,,,,,other,other,,u_7e521cdf365c78a8,[name],null,false,true,,[name],the-life-we-bury,,annual_plus,annual,,Active Subscriber,true,Active Subscriber,2025-12-05T06:04:58.000-08:00,8,
351373,PMF: Story Recap,4e874a6a-6c16-4766-90b8-c156b3958ba8,https://www.supersummary.com/harlem-rhapsody/story-recap/#ai-tools-page-header,07/16/2026 19:16:08,,1676766,,iOS,Mobile Safari,"Mozilla/5.0 (iPhone; CPU iPhone OS 18_7 like Mac OS X) AppleWebKit/605.1.15 (KHTML, like Gecko) Version/26.5 Mobile/15E148 Safari/604.1",{},URL Event 1 for Study 351373,0e7fec74-6b0c-452a-82ef-c9b3775e080f,{},How would you feel if you could no longer use the Story Recap?,1,,,,,,,,,,,,,,,,,,,,,,,,,librarian,,u_fd32fdea0427e961,,,,,,,harlem-rhapsody,,annual_plus,annual,,Visitor,,Non Renewing Subscriber,2026-06-16T11:45:38.000-07:00,1,
351373,PMF: Story Recap,8fbc670c-6918-421f-80b0-50f2e4cb031f,https://www.supersummary.com/the-fallen-the-kiss-of-dusk/story-recap/#ai-tools-page-header,07/16/2026 08:33:16,,1698427,,iOS,Mobile Safari,"Mozilla/5.0 (iPhone; CPU iPhone OS 18_7 like Mac OS X) AppleWebKit/605.1.15 (KHTML, like Gecko) Version/26.3 Mobile/15E148 Safari/604.1",{},URL Event 1 for Study 351373,cc9c93a4-4fca-4869-a224-18ec37ef5bf8,{},How would you feel if you could no longer use the Story Recap?,5,,,,,,,,,,,,,,,,,,,,,,,,,student,,u_1a9bcee593011488,,,,,,,the-fallen-the-kiss-of-dusk,,annual_plus,,,,,Active Subscriber,,0,
351373,PMF: Story Recap,07f8ac01-b251-4fc7-ba2f-8123d555d3ad,https://www.supersummary.com/daughters-of-shandong/story-recap/#ai-tools-page-header,07/16/2026 02:00:59,07/16/2026 02:01:06,1406458,,iOS,Mobile Safari,"Mozilla/5.0 (iPhone; CPU iPhone OS 18_7 like Mac OS X) AppleWebKit/605.1.15 (KHTML, like Gecko) Version/26.5.2 Mobile/15E148 Safari/604.1",{},URL Event 1 for Study 351373,a5ac5d1c-d705-4342-85c7-1bc5656cd658,{},How would you feel if you could no longer use the Story Recap?,5,"How useful was the Story Recap in helping you recontextualize the story and
remember what happened?",5,How would you rate the overall quality and level of detail of the Story Recap?,5,,,,,,,,,,,,,,,,,,,,book_club_member,book_club_member,,u_57416ecee19ef72f,[name],null,false,true,,[name],daughters-of-shandong,,annual_plus,annual,,Active Subscriber,true,Active Subscriber,2025-11-13T20:24:45.000-08:00,9,
351373,PMF: Story Recap,37f98a8f-dc84-42a0-9864-f87736db4c01,https://www.supersummary.com/the-henna-artist/story-recap/#ai-tools-page-header,07/15/2026 14:45:42,07/15/2026 14:45:53,1697822,,iOS,GSA,"Mozilla/5.0 (iPad; CPU OS 26_5_0 like Mac OS X) AppleWebKit/605.1.15 (KHTML, like Gecko) GSA/429.1.942703598 Mobile/15E148 Safari/604.1",{},URL Event 1 for Study 351373,c0c78736-9858-4e75-94ea-12f38096842b,{},How would you feel if you could no longer use the Story Recap?,5,"How useful was the Story Recap in helping you recontextualize the story and
remember what happened?",5,How would you rate the overall quality and level of detail of the Story Recap?,5,,,,,,,,,,,,,,,,,,,,,book_club_member,,u_0c65dcd42be771b3,,,,,,,the-henna-artist,,annual_plus,,,,,Active Subscriber,,0,
351373,PMF: Story Recap,d8ab7739-c423-49d4-9db8-0c9653f38786,https://www.supersummary.com/the-lion-women-of-tehran/story-recap/#ai-tools-page-header,07/15/2026 04:02:17,07/15/2026 04:02:21,235498,,Mac OS,Safari,"Mozilla/5.0 (Macintosh; Intel Mac OS X 10_15_7) AppleWebKit/605.1.15 (KHTML, like Gecko) Version/18.6 Safari/605.1.15",{},URL Event 1 for Study 351373,8894f7c4-a9b6-49e0-ad7c-51b82ff7f72a,{},How would you feel if you could no longer use the Story Recap?,4,"How useful was the Story Recap in helping you recontextualize the story and
remember what happened?",4,How would you rate the overall quality and level of detail of the Story Recap?,3,,,,,,,,,,,,,,,,,,,,,parent_of_student,,u_02cb074399ff6044,,Middle School,,,2022-09-09T06:29:39.347-07:00,,the-lion-women-of-tehran,,annual,annual,,Active Subscriber,,Active Subscriber,2025-09-08T06:43:48.000-07:00,31,2
351373,PMF: Story Recap,afa9146e-122a-41e7-a286-ef2a493876a5,https://www.supersummary.com/theo-of-golden/story-recap/#ai-tools-page-header,07/15/2026 02:39:53,,612749,,Mac OS,Chrome,"Mozilla/5.0 (Macintosh; Intel Mac OS X 10_15_7) AppleWebKit/537.36 (KHTML, like Gecko) Chrome/143.0.0.0 Safari/537.36",{},URL Event 1 for Study 351373,8c5a73d8-32b2-46e8-868b-6b90528e99df,{},How would you feel if you could no longer use the Story Recap?,4,,,,,,,,,,,,,,,,,,,,,,,,,teacher,,u_119b2e4fca0a8bce,,,,,,,theo-of-golden,,annual_plus,,,,,Active Subscriber,,0,
351373,PMF: Story Recap,c5020eb4-9467-4344-9c1d-1d77d95a3f38,https://www.supersummary.com/culpability/story-recap/#ai-tools-page-header,07/14/2026 12:25:05,07/14/2026 12:25:21,923253,,Mac OS,Safari,"Mozilla/5.0 (Macintosh; Intel Mac OS X 10_15_7) AppleWebKit/605.1.15 (KHTML, like Gecko) Version/26.5 Safari/605.1.15",{},URL Event 1 for Study 351373,3620992c-c401-428b-87a6-f5349ce6fd89,{},How would you feel if you could no longer use the Story Recap?,5,"How useful was the Story Recap in helping you recontextualize the story and
remember what happened?",5,How would you rate the overall quality and level of detail of the Story Recap?,5,,,,,,,,,,,,,,,,,,,,,book_club_member,,u_f450cac2dea38e9f,,,,,,,culpability,,annual,annual,,Active Subscriber,,Active Subscriber,2025-01-10T03:02:12.000-08:00,19,
351373,PMF: Story Recap,9153d7fd-edd3-4799-a08f-ca7510682bd2,https://www.supersummary.com/the-story-of-a-new-name/story-recap/#ai-tools-page-header,07/14/2026 05:07:40,,1696699,,iOS,GSA,"Mozilla/5.0 (iPhone; CPU iPhone OS 26_5_2 like Mac OS X) AppleWebKit/605.1.15 (KHTML, like Gecko) GSA/428.4.939275213 Mobile/15E148 Safari/604.1",{},URL Event 1 for Study 351373,30cfc84d-985a-4138-a309-c1287dbab58a,{},How would you feel if you could no longer use the Story Recap?,5,"How useful was the Story Recap in helping you recontextualize the story and
remember what happened?",5,,,,,,,,,,,,,,,,,,,,,,,other,,u_b78b2371e81c83f6,,,,,,,the-story-of-a-new-name,,monthly_essentials,,,,,Active Subscriber,,0,
351373,PMF: Story Recap,b68ac7f4-82a7-4d5f-81ba-91e489387abc,https://www.supersummary.com/bud-not-buddy/story-recap/#ai-tools-page-header,07/13/2026 20:07:22,,1696333,,iOS,Mobile Safari,"Mozilla/5.0 (iPhone; CPU iPhone OS 18_7 like Mac OS X) AppleWebKit/605.1.15 (KHTML, like Gecko) Version/26.5.2 Mobile/15E148 Safari/604.1",{},URL Event 1 for Study 351373,15f38ac1-e03e-4ceb-97fa-ab12865efed4,{},How would you feel if you could no longer use the Story Recap?,5,,,,,,,,,,,,,,,,,,,,,,,,,parent_of_student,,u_ed3e12bda3017723,,,,,,,bud-not-buddy,,annual_essentials,,,,,Active Subscriber,,0,
351373,PMF: Story Recap,7c530f48-15ef-485f-99ae-d05340402bc8,https://www.supersummary.com/the-lion-women-of-tehran/story-recap/#ai-tools-page-header,07/13/2026 17:40:50,07/13/2026 17:40:57,1696190,,Windows,Chrome,"Mozilla/5.0 (Windows NT 10.0; Win64; x64) AppleWebKit/537.36 (KHTML, like Gecko) Chrome/150.0.0.0 Safari/537.36",{},URL Event 1 for Study 351373,ceb36675-0ade-46da-b837-82882e9c671e,{},How would you feel if you could no longer use the Story Recap?,5,"How useful was the Story Recap in helping you recontextualize the story and
remember what happened?",5,How would you rate the overall quality and level of detail of the Story Recap?,5,,,,,,,,,,,,,,,,,,,,,other,,u_f09a11cb040a3f74,,,,,,,the-lion-women-of-tehran,,annual_plus,,,,,Active Subscriber,,0,
351373,PMF: Story Recap,7acb38d7-4dd5-4711-929c-58deb68835eb,https://www.supersummary.com/what-you-are-looking-for-is-in-the-library/story-recap/#ai-tools-page-header,07/13/2026 16:24:20,07/13/2026 16:24:27,1696124,,Mac OS,Safari,"Mozilla/5.0 (Macintosh; Intel Mac OS X 10_15_7) AppleWebKit/605.1.15 (KHTML, like Gecko) Version/26.5 Safari/605.1.15",{},URL Event 1 for Study 351373,609c65a1-61b0-41a7-9db3-e1e8fa078890,{},How would you feel if you could no longer use the Story Recap?,5,"How useful was the Story Recap in helping you recontextualize the story and
remember what happened?",5,How would you rate the overall quality and level of detail of the Story Recap?,5,,,,,,,,,,,,,,,,,,,,,book_club_member,,u_e1392dd7d89d4cc1,,,,,,,what-you-are-looking-for-is-in-the-library,,annual_plus,,,,,Active Subscriber,,0,
351373,PMF: Story Recap,c45de640-35b1-4e63-b138-e7b0dcc2208a,https://www.supersummary.com/the-things-we-leave-unfinished/story-recap/#ai-tools-page-header,07/12/2026 12:42:38,,1053643,,Android,Chrome,"Mozilla/5.0 (Linux; Android 10; K) AppleWebKit/537.36 (KHTML, like Gecko) Chrome/150.0.0.0 Mobile Safari/537.36",{},URL Event 1 for Study 351373,91ffccaa-d14e-4440-b629-c41ff59e6a71,{},How would you feel if you could no longer use the Story Recap?,1,,,,,,,,,,,,,,,,,,,,,,,,,book_club_member,,u_0aceceb8d6684b78,,,,,,,the-things-we-leave-unfinished,,annual,annual,,Active Subscriber,,Active Subscriber,2025-03-09T09:12:27.000-07:00,17,
351373,PMF: Story Recap,7298de28-434a-4c1d-af5b-d3f93e281695,https://www.supersummary.com/a-woman-is-no-man/story-recap/#ai-tools-page-header,07/12/2026 01:40:35,07/12/2026 01:40:41,341390,,Android,Chrome,"Mozilla/5.0 (Linux; Android 11; KFRAWI) AppleWebKit/537.36 (KHTML, like Gecko) Chrome/148.0.7778.265 Safari/537.36",{},URL Event 1 for Study 351373,ba325c8f-37a0-4267-a1a7-9b297f7c6809,{},How would you feel if you could no longer use the Story Recap?,5,"How useful was the Story Recap in helping you recontextualize the story and
remember what happened?",4,How would you rate the overall quality and level of detail of the Story Recap?,4,,,,,,,,,,,,,,,,,,,,,book_club_member,,u_4fae585afb2774ea,,,,,,,a-woman-is-no-man,,annual_plus,annual,,Active Subscriber,,Active Subscriber,2025-11-19T15:05:32.000-08:00,8,
351373,PMF: Story Recap,2438ba59-9dda-4724-bfbc-9a81cf090b44,https://www.supersummary.com/molokai/story-recap/#ai-tools-page-header,07/11/2026 23:31:57,07/11/2026 23:32:13,308522,,Windows,Chrome,"Mozilla/5.0 (Windows NT 10.0; Win64; x64) AppleWebKit/537.36 (KHTML, like Gecko) Chrome/150.0.0.0 Safari/537.36",{},URL Event 1 for Study 351373,4f8512c5-d7ad-4825-9ffc-07eb49844199,{},How would you feel if you could no longer use the Story Recap?,1,,,,,You indicated you wouldn't be disappointed if the Story Recap was removed. Why?,"I already remember the story well without the recap, The recap does not add enough new or helpful information",1,1,0,0,0,0,,,,,,,,,,,,,other,,u_e790ed607be45407,,,,,2023-01-31T17:29:59.049-08:00,,molokai,,annual,annual,,Active Subscriber,,Active Subscriber,2023-01-31T17:26:06.000-08:00,42,1
351373,PMF: Story Recap,0166d60d-c9c0-4def-9d0b-5d2adb8a668c,https://www.supersummary.com/the-correspondent/story-recap/#ai-tools-page-header,07/11/2026 21:03:28,,1694905,,iOS,Mobile Safari,"Mozilla/5.0 (iPhone; CPU iPhone OS 18_7 like Mac OS X) AppleWebKit/605.1.15 (KHTML, like Gecko) Version/26.5 Mobile/15E148 Safari/604.1",{},URL Event 1 for Study 351373,d4778a82-e127-4ad1-afcd-8e88e6fc7e11,{},How would you feel if you could no longer use the Story Recap?,5,"How useful was the Story Recap in helping you recontextualize the story and
remember what happened?",5,,,,,,,,,,,,,,,,,,,,,,,other,,u_8dca012c9e1489b2,,,,,,,the-correspondent,,annual_essentials,annual,,,,Active Subscriber,2026-07-11T13:57:34.000-07:00,0,
351373,PMF: Story Recap,d203a5bd-08a7-4cf5-b76f-b79fa40aae73,https://www.supersummary.com/the-correspondent/story-recap/#ai-tools-page-header,07/11/2026 12:30:17,07/11/2026 12:30:44,1281141,,Mac OS,Safari,"Mozilla/5.0 (Macintosh; Intel Mac OS X 10_15_7) AppleWebKit/605.1.15 (KHTML, like Gecko) Version/26.5 Safari/605.1.15",{},URL Event 1 for Study 351373,443d3fcc-0066-4c42-be91-b896f413667b,{},How would you feel if you could no longer use the Story Recap?,3,,,,,You indicated you wouldn't be disappointed if the Story Recap was removed. Why?,I already remember the story well without the recap,1,0,0,0,0,0,,,,,,,,,,,,,book_club_member,,u_2932f21a86db92cc,,,,,,,the-correspondent,,annual,annual,,Active Subscriber,,Active Subscriber,2025-08-10T10:10:33.000-07:00,12,
351373,PMF: Story Recap,3cef05da-6077-4d06-9b45-12d12d103e63,https://www.supersummary.com/good-kings-bad-kings/story-recap/#ai-tools-page-header,07/10/2026 22:42:38,07/10/2026 22:43:07,1694343,,iOS,Mobile Safari,"Mozilla/5.0 (iPhone; CPU iPhone OS 18_7 like Mac OS X) AppleWebKit/605.1.15 (KHTML, like Gecko) Version/26.5 Mobile/15E148 Safari/604.1",{},URL Event 1 for Study 351373,764cc34a-f47c-4829-b0e9-c52cc0a98a2a,{},How would you feel if you could no longer use the Story Recap?,2,,,,,You indicated you wouldn't be disappointed if the Story Recap was removed. Why?,Other,0,0,0,0,0,1,I just signed up so I haven’t fully used it,,,,,,,,,,,,teacher,,u_fd79cbed063ba1a4,,,,,,,good-kings-bad-kings,,annual_plus,,,,,Active Subscriber,,0,
351373,PMF: Story Recap,9580634c-2919-4c6f-b39f-873c5a22d6fc,https://www.supersummary.com/transcription-ben-lerner/story-recap/#ai-tools-page-header,07/10/2026 21:16:39,07/10/2026 21:16:51,1694294,,iOS,Mobile Safari,"Mozilla/5.0 (iPhone; CPU iPhone OS 18_7 like Mac OS X) AppleWebKit/605.1.15 (KHTML, like Gecko) Version/26.5 Mobile/15E148 Safari/604.1",{},URL Event 1 for Study 351373,50374392-9a08-4d2e-8766-8dd76a6f2ed9,{},How would you feel if you could no longer use the Story Recap?,3,,,,,You indicated you wouldn't be disappointed if the Story Recap was removed. Why?,I worry that the recap includes spoilers,0,0,0,1,0,0,,,,,,,,,,,,,book_club_member,,u_d05eaa96858b9f6d,,,,,,,transcription-ben-lerner,,annual_essentials,,,,,Active Subscriber,,0,
351373,PMF: Story Recap,ea07ad3c-4127-4f21-aa5e-552b7f12d746,https://www.supersummary.com/the-raven-scholar/story-recap/#ai-tools-page-header,07/10/2026 21:10:12,,1694290,,iOS,Mobile Safari,"Mozilla/5.0 (iPhone; CPU iPhone OS 18_7 like Mac OS X) AppleWebKit/605.1.15 (KHTML, like Gecko) Version/26.5 Mobile/15E148 Safari/604.1",{},URL Event 1 for Study 351373,d424cd35-c4d0-4aa9-8686-f7e674eab558,{},How would you feel if you could no longer use the Story Recap?,3,,,,,,,,,,,,,,,,,,,,,,,,,parent_of_student,,u_52bda257a5f8dd24,,,,,,,the-raven-scholar,,annual_essentials,annual,,,,Active Subscriber,2026-07-10T14:08:28.000-07:00,0,
351373,PMF: Story Recap,4806e49d-c186-4ddc-a169-1987f11153c1,https://www.supersummary.com/the-calamity-club/story-recap/#ai-tools-page-header,07/10/2026 11:07:15,07/10/2026 11:07:22,501203,,iOS,Chrome,"Mozilla/5.0 (iPad; CPU OS 18_7_8 like Mac OS X) AppleWebKit/605.1.15 (KHTML, like Gecko) CriOS/150.0.7871.51 Mobile/15E148 Safari/604.1",{},URL Event 1 for Study 351373,67474709-e5de-4166-8bce-32bd6a7d6d00,{},How would you feel if you could no longer use the Story Recap?,5,"How useful was the Story Recap in helping you recontextualize the story and
remember what happened?",5,How would you rate the overall quality and level of detail of the Story Recap?,5,,,,,,,,,,,,,,,,,,,,,book_club_member,,u_3665e03720c9735f,,,,,2024-03-03T09:41:12.008-08:00,,the-calamity-club,,annual,annual,,Active Subscriber,,Active Subscriber,2024-02-26T07:11:34.000-08:00,29,1
351373,PMF: Story Recap,761836d3-58a4-49c3-8777-86581c80b9b1,https://www.supersummary.com/starter-villain/story-recap/#ai-tools-page-header,07/10/2026 03:20:55,07/10/2026 03:21:12,940366,,iOS,Mobile Safari,"Mozilla/5.0 (iPhone; CPU iPhone OS 18_7 like Mac OS X) AppleWebKit/605.1.15 (KHTML, like Gecko) Version/26.5 Mobile/15E148 Safari/604.1",{},URL Event 1 for Study 351373,1a23f01a-ed66-4da0-a868-5836607c520e,{},How would you feel if you could no longer use the Story Recap?,5,"How useful was the Story Recap in helping you recontextualize the story and
remember what happened?",5,How would you rate the overall quality and level of detail of the Story Recap?,5,,,,,,,,,,,,,,,,,,,,,book_club_member,,u_40b560aece798bc4,,,,,,,starter-villain,,annual,annual,,Active Subscriber,,Active Subscriber,2025-01-17T18:41:20.000-08:00,18,
351373,PMF: Story Recap,f304490f-46ef-4dca-8009-d4b0da161f28,https://www.supersummary.com/crying-in-h-mart/story-recap/,07/10/2026 02:04:29,07/10/2026 02:04:54,623597,,iOS,Mobile Safari,"Mozilla/5.0 (iPad; CPU OS 18_7 like Mac OS X) AppleWebKit/605.1.15 (KHTML, like Gecko) Version/26.5.2 Mobile/15E148 Safari/604.1",{},URL Event 1 for Study 351373,574997ed-1562-436f-9e0e-03c66fed1473,{},How would you feel if you could no longer use the Story Recap?,4,"How useful was the Story Recap in helping you recontextualize the story and
remember what happened?",3,,,,,,,,,,,,You indicated that the Story Recap did not help you. What was the main reason?,[skipped by user],,,,,,,,,,teacher,,u_07b50226dd49b184,,,,,,,crying-in-h-mart,,annual_plus,,,,,Active Subscriber,,0,
351373,PMF: Story Recap,4ea52acd-40f9-44a8-a2d3-9ab67cc850e1,https://www.supersummary.com/my-friends-fredrik-backman/story-recap/#ai-tools-page-header,07/09/2026 23:32:27,,1693715,,iOS,Chrome,"Mozilla/5.0 (iPhone; CPU iPhone OS 26_5_0 like Mac OS X) AppleWebKit/605.1.15 (KHTML, like Gecko) CriOS/150.0.7871.51 Mobile/15E148 Safari/604.1",{},URL Event 1 for Study 351373,831382d0-fd1d-4892-bc93-d8bd9a4558f1,{},How would you feel if you could no longer use the Story Recap?,5,"How useful was the Story Recap in helping you recontextualize the story and
remember what happened?",5,,,,,,,,,,,,,,,,,,,,,,,Book club member,,u_a8c8aa3f6c922829,,,,,,,my-friends-fredrik-backman,,annual_plus,annual,,,,Active Subscriber,2026-07-09T16:30:23.000-07:00,0,
351373,PMF: Story Recap,f27f3dd9-389f-4c42-abe1-a33d453bddfe,https://www.supersummary.com/the-thursday-murder-club/story-recap/#ai-tools-page-header,07/09/2026 13:31:25,07/09/2026 13:31:37,1310132,,iOS,Mobile Safari,"Mozilla/5.0 (iPhone; CPU iPhone OS 18_7 like Mac OS X) AppleWebKit/605.1.15 (KHTML, like Gecko) Version/26.5 Mobile/15E148 Safari/604.1",{},URL Event 1 for Study 351373,85e29646-ec34-4bd3-b7ca-c94d37c91b95,{},How would you feel if you could no longer use the Story Recap?,5,"How useful was the Story Recap in helping you recontextualize the story and
remember what happened?",5,How would you rate the overall quality and level of detail of the Story Recap?,5,,,,,,,,,,,,,,,,,,,,,teacher,,u_f6ab709ff741b5bd,,Postgrad Program,,,,,the-thursday-murder-club,,annual,annual,,Active Subscriber,,Active Subscriber,2025-09-04T05:38:06.000-07:00,11,
351373,PMF: Story Recap,f2620f7c-7923-4ac7-8717-7b9ce2f4e7fa,https://www.supersummary.com/remarkably-bright-creatures/story-recap/#ai-tools-page-header,07/09/2026 02:28:38,,511309,,Mac OS,Safari,"Mozilla/5.0 (Macintosh; Intel Mac OS X 10_15_7) AppleWebKit/605.1.15 (KHTML, like Gecko) Version/26.5 Safari/605.1.15",{},URL Event 1 for Study 351373,b1d22fff-2cbd-4112-85f5-2ea65f2a5806,{},How would you feel if you could no longer use the Story Recap?,5,"How useful was the Story Recap in helping you recontextualize the story and
remember what happened?",5,,,,,,,,,,,,,,,,,,,,,,,book_club_member,,u_d1c8497032b98464,,,,,2024-03-23T11:20:30.659-07:00,,remarkably-bright-creatures,,annual,annual,,Active Subscriber,,Active Subscriber,2024-03-11T17:25:29.000-07:00,29,1
351373,PMF: Story Recap,ea5a3d83-a8f4-419a-b6a8-dafb0c880375,https://www.supersummary.com/freak-the-mighty/story-recap/#ai-tools-page-header,07/09/2026 01:37:32,07/09/2026 01:37:40,1693022,,iOS,Mobile Safari,"Mozilla/5.0 (iPhone; CPU iPhone OS 18_7 like Mac OS X) AppleWebKit/605.1.15 (KHTML, like Gecko) Version/26.5 Mobile/15E148 Safari/604.1",{},URL Event 1 for Study 351373,62184459-d8f0-4245-a719-4dd2207c9a2c,{},How would you feel if you could no longer use the Story Recap?,5,"How useful was the Story Recap in helping you recontextualize the story and
remember what happened?",5,How would you rate the overall quality and level of detail of the Story Recap?,5,,,,,,,,,,,,,,,,,,,,,student,,u_d8dc5d777cb9fcd5,,,,,,,freak-the-mighty,,annual_plus,,,,,Active Subscriber,,0,
351373,PMF: Story Recap,16c9a2ca-1d7d-41b5-801d-b74652de5252,https://www.supersummary.com/the-paris-apartment/story-recap/#ai-tools-page-header,07/08/2026 20:00:28,07/08/2026 20:00:35,673357,,iOS,Chrome,"Mozilla/5.0 (iPhone; CPU iPhone OS 26_5_0 like Mac OS X) AppleWebKit/605.1.15 (KHTML, like Gecko) CriOS/150.0.7871.51 Mobile/15E148 Safari/604.1",{},URL Event 1 for Study 351373,6ab26bca-b65f-4bf3-91aa-5b7f8a42d327,{},How would you feel if you could no longer use the Story Recap?,5,"How useful was the Story Recap in helping you recontextualize the story and
remember what happened?",5,How would you rate the overall quality and level of detail of the Story Recap?,5,,,,,,,,,,,,,,,,,,,,other,other,,u_4db0f1bc0d948574,[name],null,false,true,,[name],the-paris-apartment,,annual,annual,,Active Subscriber,true,Active Subscriber,2025-02-12T21:08:03.000-08:00,18,
351373,PMF: Story Recap,6c904aeb-897c-467f-9fac-7619e151d629,https://www.supersummary.com/culpability/story-recap/#ai-tools-page-header,07/08/2026 15:58:40,,731900,,Mac OS,Safari,"Mozilla/5.0 (Macintosh; Intel Mac OS X 10_15_7) AppleWebKit/605.1.15 (KHTML, like Gecko) Version/26.5 Safari/605.1.15",{},URL Event 1 for Study 351373,2e112a33-0140-4765-aa47-e8bbd37e90e1,{},How would you feel if you could no longer use the Story Recap?,3,,,,,,,,,,,,,,,,,,,,,,,,,book_club_member,,u_d4363cdad36af6fa,,,,,,,culpability,,annual,annual,,Active Subscriber,,Active Subscriber,2024-10-15T12:50:30.000-07:00,22,
351373,PMF: Story Recap,a755a68a-7fa6-4cb8-a954-fb488aaedeaf,https://www.supersummary.com/the-correspondent/story-recap/#ai-tools-page-header,07/08/2026 01:05:57,07/08/2026 01:06:03,1692130,,iOS,Mobile Safari,"Mozilla/5.0 (iPhone; CPU iPhone OS 18_7 like Mac OS X) AppleWebKit/605.1.15 (KHTML, like Gecko) Version/26.5 Mobile/15E148 Safari/604.1",{},URL Event 1 for Study 351373,a3ffad5b-f19d-45f6-9452-964f06891754,{},How would you feel if you could no longer use the Story Recap?,5,"How useful was the Story Recap in helping you recontextualize the story and
remember what happened?",5,How would you rate the overall quality and level of detail of the Story Recap?,5,,,,,,,,,,,,,,,,,,,,,Book club member,,u_8cec1f76295d5a67,,,,,,,the-correspondent,,annual_plus,annual,,,,Active Subscriber,2026-07-07T17:11:16.000-07:00,1,
351373,PMF: Story Recap,076aecde-5a4a-4178-a3cb-e7b6500b7ede,https://www.supersummary.com/the-alice-network/story-recap/#ai-tools-page-header,07/07/2026 18:59:44,07/07/2026 18:59:50,1691891,,iOS,Mobile Safari,"Mozilla/5.0 (iPhone; CPU iPhone OS 18_7 like Mac OS X) AppleWebKit/605.1.15 (KHTML, like Gecko) Version/26.5 Mobile/15E148 Safari/604.1",{},URL Event 1 for Study 351373,b176dc04-f21b-40ee-adc5-f1bf413dcc8f,{},How would you feel if you could no longer use the Story Recap?,5,"How useful was the Story Recap in helping you recontextualize the story and
remember what happened?",5,How would you rate the overall quality and level of detail of the Story Recap?,5,,,,,,,,,,,,,,,,,,,,,Book club member,,u_feb074a6e2f02fc7,,,,,,,the-alice-network,,annual_plus,annual,,,,Active Subscriber,2026-07-07T11:48:04.000-07:00,0,
351373,PMF: Story Recap,e179b869-6091-4816-92f9-47fab36756dd,https://www.supersummary.com/theo-of-golden/story-recap/#ai-tools-page-header,07/06/2026 16:52:32,,1690373,,iOS,GSA,"Mozilla/5.0 (iPhone; CPU iPhone OS 26_5_0 like Mac OS X) AppleWebKit/605.1.15 (KHTML, like Gecko) GSA/426.7.931869700 Mobile/15E148 Safari/604.1",{},URL Event 1 for Study 351373,bb0280ec-f065-4018-ac3e-938ca9c5e3f5,{},How would you feel if you could no longer use the Story Recap?,2,,,,,,,,,,,,,,,,,,,,,,,,,book_club_member,,u_1e9d077fd3e9ae35,,,,,,,theo-of-golden,,annual_essentials,annual,,,,Active Subscriber,2026-07-05T12:45:01.000-07:00,1,
351373,PMF: Story Recap,76d55c4f-9283-44fc-a48d-b02668b42d3a,https://www.supersummary.com/the-berry-pickers/story-recap/#ai-tools-page-header,07/06/2026 03:51:43,07/06/2026 03:51:52,1690636,,iOS,GSA,"Mozilla/5.0 (iPhone; CPU iPhone OS 26_5_1 like Mac OS X) AppleWebKit/605.1.15 (KHTML, like Gecko) GSA/426.7.931869700 Mobile/15E148 Safari/604.1",{},URL Event 1 for Study 351373,748354f0-074a-465c-8952-6dfcf34c0d05,{},How would you feel if you could no longer use the Story Recap?,4,"How useful was the Story Recap in helping you recontextualize the story and
remember what happened?",4,How would you rate the overall quality and level of detail of the Story Recap?,4,,,,,,,,,,,,,,,,,,,,,Book club member,,u_7c7de1c498d8619d,,,,,,,the-berry-pickers,,annual_essentials,annual,,,,Active Subscriber,2026-07-05T20:45:46.000-07:00,1,
351373,PMF: Story Recap,7be22d5c-1126-4c57-9040-bf930e1569bd,https://www.supersummary.com/the-rose-code/story-recap/#ai-tools-page-header,07/06/2026 02:57:06,07/06/2026 02:57:17,1690587,,Mac OS,Safari,"Mozilla/5.0 (Macintosh; Intel Mac OS X 10_15_7) AppleWebKit/605.1.15 (KHTML, like Gecko) Version/26.5 Safari/605.1.15",{},URL Event 1 for Study 351373,0b7a8a18-75ad-4dd7-ac47-1b1a7092bc31,{},How would you feel if you could no longer use the Story Recap?,5,"How useful was the Story Recap in helping you recontextualize the story and
remember what happened?",5,How would you rate the overall quality and level of detail of the Story Recap?,5,,,,,,,,,,,,,,,,,,,,,book_club_member,,u_ab3d0915976baf53,,,,,,,the-rose-code,,annual_essentials,,,,,Active Subscriber,,0,
351373,PMF: Story Recap,1a062e63-e91d-4daa-96d9-d7c0fa7ef5ed,https://www.supersummary.com/red-rising/story-recap/#ai-tools-page-header,07/06/2026 01:33:42,07/06/2026 01:33:49,1558297,,iOS,Mobile Safari,"Mozilla/5.0 (iPhone; CPU iPhone OS 18_7 like Mac OS X) AppleWebKit/605.1.15 (KHTML, like Gecko) Version/26.5.2 Mobile/15E148 Safari/604.1",{},URL Event 1 for Study 351373,d9868a66-b7af-4f67-9f82-710e362e5e1c,{},How would you feel if you could no longer use the Story Recap?,4,"How useful was the Story Recap in helping you recontextualize the story and
remember what happened?",4,How would you rate the overall quality and level of detail of the Story Recap?,4,,,,,,,,,,,,,,,,,,,,,book_club_member,,u_fb95103d46c7c92f,,,,,,,red-rising,,annual_essentials,annual,,Active Subscriber,,Active Subscriber,2026-03-13T16:14:44.000-07:00,4,
351373,PMF: Story Recap,cc78a232-fbb1-464a-ad15-15754df61486,https://www.supersummary.com/empire-of-pain/story-recap/#ai-tools-page-header,07/05/2026 22:15:01,07/05/2026 22:15:13,1663105,,iOS,Mobile Safari,"Mozilla/5.0 (iPhone; CPU iPhone OS 18_7 like Mac OS X) AppleWebKit/605.1.15 (KHTML, like Gecko) Version/26.5 Mobile/15E148 Safari/604.1",{},URL Event 1 for Study 351373,ddb3fab0-f7c3-4e9b-9230-b647b17199f6,{},How would you feel if you could no longer use the Story Recap?,1,,,,,You indicated you wouldn't be disappointed if the Story Recap was removed. Why?,I already remember the story well without the recap,1,0,0,0,0,0,,,,,,,,,,,,,Book club member,,u_1d8b88d8106eda3c,,,,,,,empire-of-pain,,annual_essentials,,,,,Active Subscriber,,0,
351373,PMF: Story Recap,8b40cfed-9655-46c2-a461-817c522592a5,https://www.supersummary.com/ulysses/story-recap/#ai-tools-page-header,07/05/2026 21:59:42,07/05/2026 21:59:50,1654092,,Mac OS,Safari,"Mozilla/5.0 (Macintosh; Intel Mac OS X 10_15_7) AppleWebKit/605.1.15 (KHTML, like Gecko) Version/26.5 Safari/605.1.15 Ddg/26.5",{},URL Event 1 for Study 351373,ba12c3c7-fce8-4dc5-9a7e-9d0cbc5c22df,{},How would you feel if you could no longer use the Story Recap?,5,"How useful was the Story Recap in helping you recontextualize the story and
remember what happened?",5,How would you rate the overall quality and level of detail of the Story Recap?,4,,,,,,,,,,,,,,,,,,,1.18.0,other,other,,u_8893a24033d2dac9,[name],null,false,true,,[name],ulysses,26.5,annual_plus_apple-USD,annual,4.27.0,,true,Active Subscriber,2026-05-25T11:52:15.000-07:00,2,
351373,PMF: Story Recap,d35d31f7-153c-444e-91e2-aaa330b75d8c,https://www.supersummary.com/what-we-can-know/story-recap/#ai-tools-page-header,07/05/2026 21:57:05,,733466,,iOS,Mobile Safari,"Mozilla/5.0 (iPhone; CPU iPhone OS 18_7 like Mac OS X) AppleWebKit/605.1.15 (KHTML, like Gecko) Version/26.5 Mobile/15E148 Safari/604.1",{},URL Event 1 for Study 351373,0b9f10fd-4ef6-40fb-b008-3c19a9d556ef,{},How would you feel if you could no longer use the Story Recap?,3,,,,,,,,,,,,,,,,,,,,,,,,,book_club_member,,u_d77cb89b0983f4f0,,,,,,,what-we-can-know,,annual,annual,,Active Subscriber,,Active Subscriber,2024-10-15T23:24:37.000-07:00,21,
351373,PMF: Story Recap,7a0bca46-1108-403f-be8c-37518abc920b,https://www.supersummary.com/my-husbands-wife/story-recap/#ai-tools-page-header,07/05/2026 00:35:26,07/05/2026 00:36:59,1689955,,iOS,Mobile Safari,"Mozilla/5.0 (iPhone; CPU iPhone OS 18_7 like Mac OS X) AppleWebKit/605.1.15 (KHTML, like Gecko) Version/26.5 Mobile/15E148 Safari/604.1",{},URL Event 1 for Study 351373,c72749e6-2f70-4883-af87-7998acbc67b8,{},How would you feel if you could no longer use the Story Recap?,5,"How useful was the Story Recap in helping you recontextualize the story and
remember what happened?",5,How would you rate the overall quality and level of detail of the Story Recap?,5,,,,,,,,,,,,,,,,,,,,,book_club_member,,u_41cde8462e0ea117,,,,,,,my-husbands-wife,,annual_plus,,,,,Active Subscriber,,0,
351373,PMF: Story Recap,18c23475-9605-4460-9b50-28da9c354d0b,https://www.supersummary.com/theo-of-golden/story-recap/#ai-tools-page-header,07/04/2026 19:30:57,07/04/2026 19:32:45,1559712,,iOS,GSA,"Mozilla/5.0 (iPhone; CPU iPhone OS 26_5_0 like Mac OS X) AppleWebKit/605.1.15 (KHTML, like Gecko) GSA/426.7.931869700 Mobile/15E148 Safari/604.1",{},URL Event 1 for Study 351373,cf9b8422-ce89-4b96-b935-42f1504a6a3c,{},How would you feel if you could no longer use the Story Recap?,3,,,,,You indicated you wouldn't be disappointed if the Story Recap was removed. Why?,I worry that the recap includes spoilers,0,0,0,1,0,0,,,,,,,,,,,,,other,,u_a1f9ee9ba277b23a,,,,,,,theo-of-golden,,annual_essentials,annual,,,,Active Subscriber,2026-07-04T12:29:32.000-07:00,0,
351373,PMF: Story Recap,0cb25471-308f-485e-ba9a-d9b23b168429,https://www.supersummary.com/the-great-alone/story-recap/#ai-tools-page-header,07/04/2026 12:31:58,,1689675,,iOS,Chrome,"Mozilla/5.0 (iPhone; CPU iPhone OS 26_5_0 like Mac OS X) AppleWebKit/605.1.15 (KHTML, like Gecko) CriOS/131.0.6778.134 Mobile/15E148 Safari/604.1",{},URL Event 1 for Study 351373,f8151633-7333-4c88-864c-9ad1775fd782,{},How would you feel if you could no longer use the Story Recap?,4,,,,,,,,,,,,,,,,,,,,,,,,,other,,u_2501dc73ab33826c,,,,,,,the-great-alone,,annual_essentials,,,,,Active Subscriber,,0,
351373,PMF: Story Recap,470309c0-c39d-4498-a15a-80bcc2ec3a36,https://www.supersummary.com/the-agony-and-the-ecstasy/story-recap/#ai-tools-page-header,07/03/2026 23:29:04,07/03/2026 23:29:08,1689458,,iOS,Mobile Safari,"Mozilla/5.0 (iPhone; CPU iPhone OS 18_7 like Mac OS X) AppleWebKit/605.1.15 (KHTML, like Gecko) Version/26.5 Mobile/15E148 Safari/604.1",{},URL Event 1 for Study 351373,e53ae4f5-8b25-4382-908b-4c4335a80886,{},How would you feel if you could no longer use the Story Recap?,2,,,,,You indicated you wouldn't be disappointed if the Story Recap was removed. Why?,[skipped by user],,,,,,,,You indicated that the Story Recap did not help you. What was the main reason?,[skipped by user],,,,,,,,,,other,,u_7862a602e0f57382,,,,,,,the-agony-and-the-ecstasy,,annual_plus,,,,,Active Subscriber,,0,
351373,PMF: Story Recap,710a01b4-54ae-4a23-b7ec-2d8d22f41903,https://www.supersummary.com/trust/story-recap/#ai-tools-page-header,07/03/2026 21:30:10,07/03/2026 21:30:16,1411541,,iOS,Mobile Safari,"Mozilla/5.0 (iPhone; CPU iPhone OS 18_7 like Mac OS X) AppleWebKit/605.1.15 (KHTML, like Gecko) Version/26.5 Mobile/15E148 Safari/604.1",{},URL Event 1 for Study 351373,6243ab82-9562-4d75-9599-754d61443de3,{},How would you feel if you could no longer use the Story Recap?,5,"How useful was the Story Recap in helping you recontextualize the story and
remember what happened?",5,How would you rate the overall quality and level of detail of the Story Recap?,5,,,,,,,,,,,,,,,,,,,,,book_club_member,,u_dc5d8720bcc2fa24,,,,,,,trust,,annual_essentials,annual,,Active Subscriber,,Non Renewing Subscriber,2025-11-17T19:20:54.000-08:00,8,
351373,PMF: Story Recap,e4f56040-7c5c-47d5-bfcd-af0bdf1520f3,https://www.supersummary.com/the-art-of-hearing-heartbeats/story-recap/#ai-tools-page-header,07/03/2026 15:07:16,07/03/2026 15:07:26,1689255,,iOS,Mobile Safari,"Mozilla/5.0 (iPhone; CPU iPhone OS 18_7 like Mac OS X) AppleWebKit/605.1.15 (KHTML, like Gecko) Version/26.5 Mobile/15E148 Safari/604.1",{},URL Event 1 for Study 351373,e38f7c3c-dd1b-436b-b5b5-05cf711e92fa,{},How would you feel if you could no longer use the Story Recap?,5,"How useful was the Story Recap in helping you recontextualize the story and
remember what happened?",5,How would you rate the overall quality and level of detail of the Story Recap?,5,,,,,,,,,,,,,,,,,,,,,book_club_member,,u_ff2e1bc5eb23ddb2,,,,,,,the-art-of-hearing-heartbeats,,annual_plus,,,,,Active Subscriber,,0,
351373,PMF: Story Recap,062b482a-0512-4307-86fe-d2cd9dd28e88,https://www.supersummary.com/south-to-america/story-recap/,07/03/2026 00:10:40,07/03/2026 00:10:49,1688421,,Windows,Chrome,"Mozilla/5.0 (Windows NT 10.0; Win64; x64) AppleWebKit/537.36 (KHTML, like Gecko) Chrome/149.0.0.0 Safari/537.36",{},URL Event 1 for Study 351373,e05172d1-5714-4a7c-a077-b77b54071154,{},How would you feel if you could no longer use the Story Recap?,5,"How useful was the Story Recap in helping you recontextualize the story and
remember what happened?",5,How would you rate the overall quality and level of detail of the Story Recap?,5,,,,,,,,,,,,,,,,,,,,,other,,,,,,,,,south-to-america,,annual_plus,annual,,,,Active Subscriber,2026-07-01T19:05:08.000-07:00,1,
351373,PMF: Story Recap,e2ebdcb9-eeb6-4231-bd28-c0e166f2321c,https://www.supersummary.com/still-life-winman/story-recap/#ai-tools-page-header,07/02/2026 23:03:27,07/02/2026 23:03:33,1688930,,Android,Edge,"Mozilla/5.0 (Linux; Android 10; K) AppleWebKit/537.36 (KHTML, like Gecko) Chrome/149.0.0.0 Mobile Safari/537.36 EdgA/149.0.0.0",{},URL Event 1 for Study 351373,da6d7821-17c5-4792-93dd-fc23aab278cb,{},How would you feel if you could no longer use the Story Recap?,4,"How useful was the Story Recap in helping you recontextualize the story and
remember what happened?",4,How would you rate the overall quality and level of detail of the Story Recap?,5,,,,,,,,,,,,,,,,,,,,,teacher,,u_304eddb0dc3ce3e7,,College,,,,,still-life-winman,,annual_plus,annual,,,,Active Subscriber,2026-07-02T15:57:39.000-07:00,0,
351373,PMF: Story Recap,5484b524-b74a-40f4-8f6c-2af8451086f2,https://www.supersummary.com/the-instrumentalist/story-recap/#ai-tools-page-header,07/02/2026 21:25:14,,1688874,,iOS,Mobile Safari,"Mozilla/5.0 (iPhone; CPU iPhone OS 18_7 like Mac OS X) AppleWebKit/605.1.15 (KHTML, like Gecko) Version/26.5 Mobile/15E148 Safari/604.1",{},URL Event 1 for Study 351373,bdcd3c8b-41ea-4ea1-83c3-01b936c89c76,{},How would you feel if you could no longer use the Story Recap?,5,,,,,,,,,,,,,,,,,,,,,,,,,book_club_member,,u_74895146bd22e7eb,,,,,,,the-instrumentalist,,annual_plus,annual,,,,Active Subscriber,2026-07-02T14:07:06.000-07:00,0,
351373,PMF: Story Recap,259cb723-0fea-4661-b436-5a9656ca6e32,https://www.supersummary.com/romeo-and-juliet/story-recap/,07/02/2026 06:18:24,07/02/2026 06:18:36,461955,,Windows,Edge,"Mozilla/5.0 (Windows NT 10.0; Win64; x64) AppleWebKit/537.36 (KHTML, like Gecko) Chrome/149.0.0.0 Safari/537.36 Edg/149.0.0.0",{},URL Event 1 for Study 351373,e6344bb1-93bd-4fe9-ba38-a5dc0c67a50b,{},How would you feel if you could no longer use the Story Recap?,5,"How useful was the Story Recap in helping you recontextualize the story and
remember what happened?",5,How would you rate the overall quality and level of detail of the Story Recap?,5,,,,,,,,,,,,,,,,,,,,,student,,u_6c1116eb58dafc8c,,other,,,,,romeo-and-juliet,,annual,annual,,Active Subscriber,,Active Subscriber,2023-12-02T13:18:33.000-08:00,32,0
351373,PMF: Story Recap,16ad8f00-b076-4b42-8813-12464e0a6af5,https://www.supersummary.com/theo-of-golden/story-recap/#ai-tools-page-header,07/01/2026 20:30:25,07/01/2026 20:30:32,254657,,Windows,Edge,"Mozilla/5.0 (Windows NT 10.0; Win64; x64) AppleWebKit/537.36 (KHTML, like Gecko) Chrome/149.0.0.0 Safari/537.36 Edg/149.0.0.0",{},URL Event 1 for Study 351373,8eecf119-0e37-42d6-83cf-16dc3538a57b,{},How would you feel if you could no longer use the Story Recap?,5,"How useful was the Story Recap in helping you recontextualize the story and
remember what happened?",5,How would you rate the overall quality and level of detail of the Story Recap?,5,,,,,,,,,,,,,,,,,,,,,book_club_member,,u_1aa2a35a5adb45c9,,,,,,,theo-of-golden,,annual,annual,,Active Subscriber,,Active Subscriber,2022-10-04T11:08:46.000-07:00,46,0
